H98,Ip_MA,P_ECRH_MW,P_LH,P_NBI_MW,P_SOL_total,P_alpha_total,P_aux_total,P_heat_total,P_ohmic_e,Q_fusion,T_e0,T_i0,beta_N,confinement_mode,fgw_n_e_line_avg,gas_puff,j0_MA_m2,li3,n_e_ped_fGW,p_fusion_gain,p_h98,p_q95,p_q_min,q95,q_min,r_bench,r_fusion_gain,r_h98,r_q95,r_q_min,t
0.5439445852936811,3.095,0.0,52881668.965571105,0.0,8261592.704716299,9909.922302469806,0.0,374831.74761047075,527168.4043856069,0.09399199781346469,4.263216828811442,3.778288404579335,0.2251401362047681,0,0.6514183223518936,0.0,0.41202215056010516,0.8968996432057857,0.6,0.0,0.0,0.006666666666666667,0.006666666666666667,15.736661298633377,3.478347653270793,0.013333333333333334,0.0,0.0,0.006666666666666667,0.006666666666666667,1.0
0.4768545937933412,3.19,0.0,63620692.13260773,0.0,3819341.561677291,2454.4468922723686,0.0,753456.094174185,864104.5719160878,0.014202256139147202,3.1205000700268504,2.876892066813639,0.15060132872394622,0,0.584316232469314,0.0,0.44784167194741403,0.8527584987503983,0.6,0.0,0.0,0.006666666666666667,0.006666666666666667,15.406635413177414,3.2241404207485487,0.013333333333333334,0.0,0.0,0.006666666666666667,0.006666666666666667,2.0
0.4518557090288697,3.285,0.0,68419824.52031755,0.0,2270663.0358879664,1096.4388111609107,0.0,1074447.3507599572,1169129.564209441,0.004689124476559717,2.5987626626983866,2.4604171105896206,0.12053513699189605,0,0.5546233152209841,3.136753506137202e+21,0.48293865760537447,0.8210562072426033,0.6,0.0,0.0,0.006666666666666667,0.006666666666666667,15.053319729369955,3.0044014059587374,0.013333333333333334,0.0,0.0,0.006666666666666667,0.006666666666666667,3.0
0.4555061997713731,3.38,0.0,60914093.86897338,0.0,1585396.4698622106,711.6356751867476,0.0,1335966.941625168,1435287.2923059533,0.0024790704934179895,2.2846892855743928,2.1930210689443608,0.1123936714168118,0,0.5788522034610062,1.2212090461940382e+22,0.5135279307647032,0.7974154048557796,0.6,0.0,0.0,0.006666666666666667,0.006666666666666667,14.697280382660836,2.8318734064328956,0.013333333333333334,0.0,0.0,0.006666666666666667,0.006666666666666667,4.0
0.46142080998827273,3.475,0.0,50819185.739928566,0.0,1350652.7635960705,610.5035298721981,0.0,1530154.7912032416,1644807.3441991203,0.0018558511792438031,2.113593693191804,2.0424800451159784,0.11353424033749229,0,0.6243597631306803,1.644164976973914e+22,0.5390345298709011,0.7794447599030003,0.6,0.0,0.0,0.006666666666666667,0.006666666666666667,14.344900246559718,2.700286946251431,0.013333333333333334,0.0,0.0,0.006666666666666667,0.006666666666666667,5.0
0.4454628825856778,3.57,0.0,46871410.266564526,0.0,1460401.3422011384,619.1078451379377,0.0,1652963.9086188548,1778107.9720994148,0.0017409174663530734,2.0772831350793113,2.003421913498324,0.11456532119308727,0,0.6407544726395525,1.1569697143603073e+22,0.5612286521810229,0.7662408268305065,0.6,0.0,0.0,0.006666666666666667,0.006666666666666667,13.996957269568368,2.5954442679718652,0.013333333333333334,0.0,0.0,0.006666666666666667,0.006666666666666667,6.0
0.4184820949781798,3.665,0.0,49633066.89229825,0.0,1716205.0770583106,663.7222249926742,0.0,1729263.9177566757,1852246.301627226,0.0017916683769581524,2.132831147404184,2.040305743021857,0.11172692551391525,0,0.6139352162214273,3.4188026156925615e+21,0.5814853625295857,0.7570971434329972,0.6,0.0,0.0,0.006666666666666667,0.006666666666666667,13.654496986954042,2.507486785388376,0.013333333333333334,0.0,0.0,0.006666666666666667,0.006666666666666667,7.0
0.39923188894788114,3.76,0.0,54823790.57159393,0.0,1873272.6086902954,695.0995834300977,0.0,1798406.1986097682,1915193.3407166349,0.0018146982047513966,2.2035072510155134,2.088433072227475,0.1073470723381163,0,0.576159980571873,6.317593714070918e+20,0.6005455213215964,0.7508617649289443,0.6,0.0,0.0,0.006666666666666667,0.006666666666666667,13.321417243814874,2.4305909649202295,0.013333333333333334,0.0,0.0,0.006666666666666667,0.006666666666666667,8.0
0.3950125640254999,3.855,0.0,55668845.440430485,0.0,1842654.519262738,705.993249710117,0.0,1890185.279987015,2008567.65226635,0.0017574544947825891,2.217110566569704,2.0935911275929087,0.10571367924091904,0,0.5641443760135715,5.399763257032486e+21,0.6173606599853829,0.7461497698312606,0.6,0.0,0.0,0.006666666666666667,0.006666666666666667,13.002186134420581,2.366117166942961,0.013333333333333334,0.0,0.0,0.006666666666666667,0.006666666666666667,9.0
0.40128016299569463,3.95,0.0,50452935.17454346,0.0,1740009.9751258108,727.0752678661223,0.0,2003350.1471511552,2134877.1242608973,0.0017028503879767893,2.1738077682672015,2.060210682208241,0.10831874591058181,0,0.5848760917489428,1.2570888054318184e+22,0.6314098618304193,0.7420167529228179,0.6,0.0,0.0,0.006666666666666667,0.006666666666666667,12.698631590629128,2.3134730082071164,0.013333333333333334,0.0,0.0,0.006666666666666667,0.006666666666666667,10.0
0.40445172166866356,4.045,0.0,44574420.477518655,0.0,1740733.5256940178,782.1481691218339,0.0,2108298.3335562637,2258195.6572524267,0.0017317989400295105,2.1379954520142563,2.0354464221214066,0.11265588034130362,0,0.6143419469815861,1.5595669704529611e+22,0.6436747420460351,0.7384029823945093,0.6,0.0,0.0,0.006666666666666667,0.006666666666666667,12.408904239074745,2.268609636584704,0.013333333333333334,0.0,0.0,0.006666666666666667,0.006666666666666667,11.0
0.39695922181768434,4.14,0.0,41999414.36846402,0.0,1897658.097927595,870.1043511726277,0.0,2187406.7641295474,2349833.9633310293,0.0018514166633696238,2.150756398296778,2.0489685388079053,0.11526349515706656,0,0.6250377955558524,1.2727280308212394e+22,0.6559163442234414,0.7357109403352733,0.6,0.0,0.0,0.006666666666666667,0.006666666666666667,12.129887279104215,2.225819616689301,0.013333333333333334,0.0,0.0,0.006666666666666667,0.006666666666666667,12.0
0.3838650422862874,4.235,0.0,42748603.92227422,0.0,2116905.9498888394,966.1018407996352,0.0,2250769.5630141734,2415667.846177698,0.0019996578634108456,2.2031713542794877,2.0927941729220567,0.11494459457984332,0,0.6120189810158487,7.719721197041916e+21,0.6691181918693448,0.7341586978867566,0.6,0.0,0.0,0.006666666666666667,0.006666666666666667,11.859931797303133,2.1822292204395684,0.013333333333333334,0.0,0.0,0.006666666666666667,0.006666666666666667,13.0
0.3719652771484575,4.33,0.0,45078254.65027526,0.0,2284894.620538506,1045.5856234616845,0.0,2315629.829906089,2477756.4095086786,0.0021099443420852138,2.2659710984868027,2.1428689949598256,0.11288862172319691,0,0.5889221681705495,5.315924993872165e+21,0.6833625982341375,0.7335938367647824,0.6,0.0,0.0,0.006666666666666667,0.006666666666666667,11.599282928075025,2.1374837380302805,0.013333333333333334,0.0,0.0,0.006666666666666667,0.006666666666666667,14.0
0.36662132020597143,4.425,0.0,46000211.01925205,0.0,2326398.3510772493,1103.6011174321209,0.0,2397401.260638254,2560826.803544883,0.0021547750045110285,2.301457147025312,2.1709274985535627,0.11169271725657223,0,0.5762217487108076,7.531491359762252e+21,0.697833396310658,0.7335961806277871,0.6,0.0,0.0,0.006666666666666667,0.006666666666666667,11.348970892899198,2.0937236934184256,0.013333333333333334,0.0,0.0,0.006666666666666667,0.006666666666666667,15.0
0.3673636015183751,4.52,0.0,44055810.2448761,0.0,2290496.7176068807,1164.3281941466726,0.0,2496111.87270959,2669627.264634556,0.0021806943043526585,2.300676366378368,2.1727234307493823,0.11283675063654763,0,0.5821083257114047,1.2287141617600735e+22,0.711820200379154,0.7337653043384327,0.6,0.0,0.0,0.006666666666666667,0.006666666666666667,11.10945925055442,2.0525298095787714,0.013333333333333334,0.0,0.0,0.006666666666666667,0.006666666666666667,16.0
0.36929842371352856,4.615,0.0,40696036.42442658,0.0,2281827.988584376,1253.007135041557,0.0,2596753.4393135584,2786848.807584294,0.00224807160623767,2.2883117561998536,2.167496993226015,0.11569348749877953,0,0.5989195056913407,1.5865476475319793e+22,0.7254130515323718,0.7339879192152027,0.6,0.0,0.0,0.006666666666666667,0.006666666666666667,10.880045829691285,2.013544577618831,0.013333333333333334,0.0,0.0,0.006666666666666667,0.006666666666666667,17.0
0.3674560963657259,4.71,0.0,38159333.00027497,0.0,2367739.4269808326,1376.8228300893516,0.0,2684528.5745670274,2890443.685984085,0.0023816807723423066,2.294121714183209,2.1771261046845356,0.11840139459680801,0,0.6117616981594005,1.6081575337051654e+22,0.739366881276523,0.7344256991335509,0.6,0.0,0.0,0.006666666666666667,0.006666666666666667,10.65928593754458,1.9750529621464497,0.013333333333333334,0.0,0.0,0.006666666666666667,0.006666666666666667,18.0
0.3613223954771661,4.805,0.0,37351010.10468515,0.0,2529701.170355954,1523.1065712188495,0.0,2758552.3621069035,2973580.2196235736,0.0025610652121764665,2.3274336925227344,2.2081196805606504,0.11957892359407932,0,0.6117369926823303,1.3729235705171548e+22,0.7543620164986351,0.7352877832975591,0.6,0.0,0.0,0.006666666666666667,0.006666666666666667,10.445986470144991,1.9357164060951049,0.013333333333333334,0.0,0.0,0.006666666666666667,0.006666666666666667,19.0
0.3539666967425954,4.9,0.0,37796364.93319877,0.0,2692908.1390779335,1668.972203881768,0.0,2828929.412888847,3046918.8452541106,0.0027387867689375924,2.3764843572628296,2.250660274517166,0.11928830942728369,0,0.6017491993628865,1.1381837168705488e+22,0.7705624134336314,0.7366336356159497,0.6,0.0,0.0,0.006666666666666667,0.006666666666666667,10.239686127482887,1.8953272312318743,0.013333333333333334,0.0,0.0,0.006666666666666667,0.006666666666666667,20.0
0.34827682162316387,4.995,0.0,38380005.47400828,0.0,2799163.525604412,1801.432444769954,0.0,2906068.8283575475,3126078.6041361867,0.0028812974222503225,2.422136629236728,2.289775590303315,0.11860728870459014,0,0.591017717644739,1.1031997296128182e+22,0.7876575347311059,0.7383548924853078,0.6,0.0,0.0,0.006666666666666667,0.006666666666666667,10.040461146105583,1.854628880104641,0.013333333333333334,0.0,0.0,0.006666666666666667,0.006666666666666667,21.0
0.3454853733486477,5.09,0.0,38113502.74825357,0.0,2840926.0219989717,1929.3031524783569,0.0,2993724.3980585947,3219809.688561479,0.002995989420325422,2.451737444802745,2.3164941013140594,0.11866821984783668,0,0.5870980161404219,1.282845376718038e+22,0.8051707041915332,0.7402699707788348,0.6,0.0,0.0,0.006666666666666667,0.006666666666666667,9.848451161211893,1.8146060357512097,0.013333333333333334,0.0,0.0,0.006666666666666667,0.006666666666666667,22.0
0.3448328814239978,5.185,0.0,36817030.31029671,0.0,2856636.220003985,2073.409004411663,0.0,3088232.5467433208,3326071.0320167844,0.0031169042760256023,2.4665206829519493,2.332517833989776,0.11988338589635839,0,0.5914310448235794,1.5408850539095997e+22,0.8228272966768612,0.7422405769286241,0.6,0.0,0.0,0.006666666666666667,0.006666666666666667,9.663538749918336,1.7757586701237864,0.013333333333333334,0.0,0.0,0.006666666666666667,0.006666666666666667,23.0
0.34440850785699634,5.28,0.0,35109588.355366535,0.0,2895084.217324926,2250.4533193722164,0.0,3181418.962574926,3434505.99893524,0.003276240193014414,2.4784566477190193,2.34714256756296,0.12181909690920514,0,0.5997531555775177,1.7122641574380104e+22,0.8407119428830174,0.7442418394656619,0.6,0.0,0.0,0.006666666666666667,0.006666666666666667,9.48525671047761,1.7379358480583873,0.013333333333333334,0.0,0.0,0.006666666666666667,0.006666666666666667,24.0
0.34267775377349274,5.375,0.0,33735009.39473319,0.0,2980655.8083903487,2464.2424587563487,0.0,3267129.3547199056,3534796.858623298,0.0034856917629433886,2.4996721091240355,2.3694839737953184,0.12366015694534445,0,0.606006908357498,1.7172010458876553e+22,0.8591392359310692,0.7463404620314604,0.6,0.0,0.0,0.006666666666666667,0.006666666666666667,9.312970652483736,1.7006512400863776,0.013333333333333334,0.0,0.0,0.006666666666666667,0.006666666666666667,25.0
0.3394450134069779,5.47,0.0,33032412.073879674,0.0,3102246.0098657343,2705.5860230984035,0.0,3345174.5249225376,3623639.410084232,0.003733244008177178,2.5344266217514875,2.4025580913238933,0.12481855893695462,0,0.606671294968229,1.597062878737694e+22,0.8783782967674096,0.7486193689235978,0.6,0.0,0.0,0.006666666666666667,0.006666666666666667,9.146145931519303,1.6635604606413439,0.013333333333333334,0.0,0.0,0.006666666666666667,0.006666666666666667,26.0
0.3355814239987936,5.565,0.0,32881729.029178903,0.0,3227826.8843417335,2959.6729141398882,0.0,3420232.885857812,3705651.553812753,0.003993458196433221,2.578665403941905,2.4429352727262312,0.12525358954628432,0,0.6024518821971296,1.463636979373113e+22,0.8985019174635477,0.7511096588121694,0.6,0.0,0.0,0.006666666666666667,0.006666666666666667,8.984483730991316,1.6266259788347994,0.013333333333333334,0.0,0.0,0.006666666666666667,0.006666666666666667,27.0
0.3321549013917721,5.66,0.0,32899112.900813974,0.0,3328967.7659869874,3217.0118022379565,0.0,3497555.028533349,3788585.9733786415,0.004245662926541637,2.6241640208301664,2.4840493812241315,0.12537173233923954,0,0.5968315966200477,1.4145993354305199e+22,0.9193873075280508,0.7537792017326636,0.6,0.0,0.0,0.006666666666666667,0.006666666666666667,8.827883955667891,1.5900774605020758,0.013333333333333334,0.0,0.0,0.006666666666666667,0.006666666666666667,28.0
0.3298531402917409,5.755,0.0,32690627.786258485,0.0,3395772.359044293,3481.7483383784042,0.0,3579561.073918201,3877911.605599697,0.0044892053926018785,2.6639874983146057,2.5207283628233688,0.1257027185835628,0,0.5933928768383436,1.4779674030295654e+22,0.9408136341679484,0.7565604466931753,0.6,0.0,0.0,0.006666666666666667,0.006666666666666667,8.67629842000694,1.5542478864345575,0.013333333333333334,0.0,0.0,0.006666666666666667,0.006666666666666667,29.0
0.3286359512150417,5.85,0.0,32081259.336784184,0.0,3440954.8213028014,3767.9675725518837,0.0,3665665.1247053025,3974752.9179737126,0.004739876478249947,2.696191497517926,2.5517278504836027,0.12655935462387696,0,0.5937477862771928,1.6101098662626924e+22,0.9626049614068701,0.7593854955346507,0.6,0.0,0.0,0.006666666666666667,0.006666666666666667,8.529623403393893,1.5193656092689611,0.013333333333333334,0.0,0.0,0.006666666666666667,0.006666666666666667,30.0
0.3279285711384093,5.945,0.0,31183036.460896067,0.0,3487262.6423642803,4090.9216952020674,0.0,3752579.061062117,4075458.0947854137,0.005018971610131802,2.7241530521152244,2.579776053482631,0.12790032345442048,0,0.5970406376341919,1.7351541407188355e+22,0.9847222880404451,0.7622216898589093,0.6,0.0,0.0,0.006666666666666667,0.006666666666666667,8.38765214793305,1.485464442473022,0.013333333333333334,0.0,0.0,0.006666666666666667,0.006666666666666667,31.0
0.3270453958413833,6.04,0.0,30261337.374169204,0.0,3552539.0119643942,4457.775194475649,0.0,3836594.0654677823,4174366.454861171,0.005339463176842481,2.753444485790428,2.608971575463351,0.12942156600502586,0,0.6009164664035812,1.794341388034997e+22,1.0072493526425879,0.7650797541192182,0.6,0.0,0.0,0.006666666666666667,0.006666666666666667,8.250097053958822,1.4524400698079167,0.013333333333333334,0.0,0.0,0.006666666666666667,0.006666666666666667,32.0
0.3256185926758009,6.135,0.0,29539049.591043256,0.0,3640416.8983157543,4869.72093231079,0.0,3916199.114146933,4267719.862680774,0.005705295906245067,2.788607049886612,2.6430908922065015,0.13078243688766056,0,0.6031325884138823,1.7760120599633725e+22,1.0303197519732665,0.7679909715782574,0.6,0.0,0.0,0.006666666666666667,0.006666666666666667,8.11665795141174,1.4201449288502241,0.013333333333333334,0.0,0.0,0.006666666666666667,0.006666666666666667,33.0
0.32369777086257745,6.23,0.0,29197245.310626738,0.0,3741421.275380683,5317.161236808405,0.0,3992188.43075789,4355106.780097511,0.006104513052478167,2.830342484394708,2.6823995388220223,0.1317934537149077,0,0.6027814099532269,1.7133602916857264e+22,1.0540228887795182,0.7709844125345138,0.6,0.0,0.0,0.006666666666666667,0.006666666666666667,7.9870929162488515,1.3884937655800875,0.013333333333333334,0.0,0.0,0.006666666666666667,0.006666666666666667,34.0
0.32162958348123344,6.325,0.0,29436014.258543108,0.0,3840195.7848230097,5789.368172791875,0.0,4067032.841832998,4439378.3369410485,0.006520471711790289,2.87606443562864,2.724697553101293,0.13249104916625462,0,0.6005104879384192,1.6577320926211872e+22,1.078354130861524,0.7740670518973716,0.6,0.0,0.0,0.006666666666666667,0.006666666666666667,7.861241477741528,1.3575010166901706,0.013333333333333334,0.0,0.0,0.006666666666666667,0.006666666666666667,35.0
0.31979247830871455,6.42,0.0,29657824.97455725,0.0,3925160.4597424464,6279.736439679568,0.0,4143302.4687241167,4524614.721284593,0.006939526154722557,2.921676587485557,2.766531844259745,0.13307308261020354,0,0.5978513716669286,1.6475223338528025e+22,1.1032293720742197,0.7772191289058551,0.6,0.0,0.0,0.006666666666666667,0.006666666666666667,7.73900363588658,1.3272463956396208,0.013333333333333334,0.0,0.0,0.006666666666666667,0.006666666666666667,36.0
0.31840838923222653,6.515,0.0,29914080.88925911,0.0,3993494.0811396674,6791.758658271576,0.0,4221899.66484928,4613360.134853208,0.007360967342394064,2.9639392723686195,2.805368542867798,0.13376426684643894,0,0.5962452715356394,1.6904949005142303e+22,1.128533105124015,0.7804109326152691,0.6,0.0,0.0,0.006666666666666667,0.006666666666666667,7.62029990974761,1.2978238370294422,0.013333333333333334,0.0,0.0,0.006666666666666667,0.006666666666666667,37.0
0.3174532319082237,6.61,0.0,30229371.755727794,0.0,4051618.268527041,7336.295514023106,0.0,4302559.454020633,4706258.980683762,0.007794190188145019,3.001966981932532,2.840606448194832,0.13469622245172264,0,0.5963326892456954,1.765589469801441e+22,1.154175034675545,0.7836131595293395,0.6,0.0,0.0,0.006666666666666667,0.006666666666666667,7.505033400182915,1.2692902198223335,0.013333333333333334,0.0,0.0,0.006666666666666667,0.006666666666666667,38.0
0.31673020804856744,6.705,0.0,30593759.59270213,0.0,4109748.119165416,7928.428776533228,0.0,4383671.503587738,4801527.200287703,0.008256153142335628,3.037263645443373,2.8738213897191063,0.13585881734628072,0,0.5977903973540766,1.838935684887533e+22,1.1801222175206836,0.7868105971559356,0.6,0.0,0.0,0.006666666666666667,0.006666666666666667,7.3930728846937335,1.2416460619555687,0.013333333333333334,0.0,0.0,0.006666666666666667,0.006666666666666667,39.0
0.31597891945968637,6.8,0.0,30973742.346660253,0.0,4176571.4557195213,8573.25162537923,0.0,4463362.843633331,4896272.634150857,0.00875487566356268,3.0723121651436904,2.9067871119981357,0.1371266161732733,0,0.5996744654420525,1.883127737806001e+22,1.2063942451157141,0.7900056577583655,0.6,0.0,0.0,0.006666666666666667,0.006666666666666667,7.284261459767921,1.2148501345758456,0.013333333333333334,0.0,0.0,0.006666666666666667,0.006666666666666667,40.0
0.31504336697720225,6.895,0.0,31332987.47533904,0.0,4254657.625919323,9275.164313173223,0.0,4540922.100888882,4988524.204278914,0.00929650126305617,3.1095388931709786,2.941677576297727,0.13834836673968534,0,0.6010007718027174,1.8896384289649507e+22,1.2330365142269197,0.7932080395743677,0.6,0.0,0.0,0.006666666666666667,0.006666666666666667,7.178436202107967,1.188844933986961,0.013333333333333334,0.0,0.0,0.006666666666666667,0.006666666666666667,41.0
0.3138959652326082,6.99,0.0,31650606.16726958,0.0,4340860.4962871345,10026.562136226083,0.0,4616399.462178662,5077501.997981536,0.0098735186517029,3.149727226270679,2.9788642347261227,0.13941787579790052,0,0.6012308095288091,1.8696229929106027e+22,1.2600831513241155,0.7964299812088883,0.6,0.0,0.0,0.006666666666666667,0.006666666666666667,7.075452785980816,1.1635846278653474,0.013333333333333334,0.0,0.0,0.006666666666666667,0.006666666666666667,42.0
0.3126354437773455,7.085,0.0,31928470.179872964,0.0,4428431.793357418,10817.982909311277,0.0,4690876.490412285,5164233.939045132,0.01047394738212742,3.192045531153969,3.0175578069362787,0.1403192763259416,0,0.6004445947090223,1.8450068023344194e+22,1.2875325573329055,0.7996763629412994,0.6,0.0,0.0,0.006666666666666667,0.006666666666666667,6.975195999758104,1.139049361419901,0.013333333333333334,0.0,0.0,0.006666666666666667,0.006666666666666667,43.0
0.3114097877926221,7.18,0.0,32186269.807345204,0.0,4510946.432216309,11644.026027553582,0.0,4765627.834803915,5250634.599703143,0.011088208297918583,3.234747166877817,3.056367266287244,0.14111785471073252,0,0.5991828745287778,1.836114908153972e+22,1.3153461009756828,0.8029423510136698,0.6,0.0,0.0,0.006666666666666667,0.006666666666666667,6.8775770238108,1.1152414781756304,0.013333333333333334,0.0,0.0,0.006666666666666667,0.006666666666666667,44.0
0.3103387411328619,7.275,0.0,32449224.4451449,0.0,4585342.905431882,12507.445733178165,0.0,4841671.759808188,5338648.430311424,0.011714056372549264,3.276183198411159,3.0940703437069685,0.14191613319699012,0,0.5981075080424946,1.852457417578415e+22,1.3434662213690276,0.80621413612477,0.6,0.0,0.0,0.006666666666666667,0.006666666666666667,6.782520788441681,1.0921701428368868,0.013333333333333334,0.0,0.0,0.006666666666666667,0.006666666666666667,45.0
0.30946302980650064,7.37,0.0,32735655.73055547,0.0,4652563.111020014,13416.489154733286,0.0,4918771.9908446,5428774.5206191,0.012356830352573768,3.3153966942276325,3.1300080424021646,0.14279739028582883,0,0.5976789336314858,1.890307256728523e+22,1.3718385527800518,0.809480171467087,0.6,0.0,0.0,0.006666666666666667,0.006666666666666667,6.689953905375092,1.0698381083235369,0.013333333333333334,0.0,0.0,0.006666666666666667,0.006666666666666667,46.0
0.30874189225311166,7.465,0.0,33049889.001796182,0.0,4716754.804153993,14383.163216841524,0.0,4996586.143894289,5520912.004847069,0.013026075405851068,3.352510744726372,3.1643973944799537,0.14379435988003203,0,0.5979876023201601,1.936728584098806e+22,1.4004293653137547,0.8127303179834849,0.6,0.0,0.0,0.006666666666666667,0.006666666666666667,6.59979466884081,1.048233698863769,0.013333333333333334,0.0,0.0,0.006666666666666667,0.006666666666666667,47.0
0.3080865499551826,7.56,0.0,33382665.472263496,0.0,4782680.273897956,15417.212450201987,0.0,5074248.541188534,5613899.9122837065,0.013731285462061317,3.388448276845799,3.1980202075760884,0.14488192546452158,0,0.5987817348338278,1.976976537695603e+22,1.4292312495760442,0.8159604602957191,0.6,0.0,0.0,0.006666666666666667,0.006666666666666667,6.5119522029317745,1.0273304511302264,0.013333333333333334,0.0,0.0,0.006666666666666667,0.006666666666666667,48.0
0.3074069789737353,7.655,0.0,33717520.93040008,0.0,4853548.9282024335,16522.842488648515,0.0,5151024.260951736,5706372.906433615,0.01447753481902633,3.424444314173775,3.2317877612664883,0.14599821369648863,0,0.5996400714970505,2.0013418410190467e+22,1.458257087868337,0.8191722593065529,0.6,0.0,0.0,0.006666666666666667,0.006666666666666667,6.42633095315459,1.0070928672041022,0.013333333333333334,0.0,0.0,0.006666666666666667,0.006666666666666667,49.0
0.3066488628770296,7.75,0.0,34039213.06449607,0.0,4929930.272239218,17698.393111048063,0.0,5226651.692976588,5797424.247017444,0.015264014118125746,3.4614048526242804,3.2663472863146525,0.14707746212021217,0,0.6001857909890694,2.0085404110780373e+22,1.4875255166590544,0.822370316139664,0.6,0.0,0.0,0.006666666666666667,0.006583233305918899,6.342838140330256,0.9874849958878348,0.013249899972585567,0.0,0.0,0.006666666666666667,0.006583233305918899,50.0
0.3058105684398554,7.845,0.0,34340105.804776795,0.0,5009755.851479075,18933.200286161376,0.0,5301148.0804440025,5886704.524306988,0.01608132377630247,3.499505274555196,3.301492948364056,0.1480780480747413,0,0.6002403299166811,2.004824591296648e+22,1.5170460102497316,0.8255606696800857,0.6,0.0,0.0,0.006666666666666667,0.006456517968428436,6.2613897463743395,0.9684776952642654,0.013123184635095103,0.0,0.0,0.006666666666666667,0.006456517968428436,51.0
0.3049297972344253,7.94,0.0,34622127.68143796,0.0,5090075.74387171,20219.48033163693,0.0,5375488.964168503,5975208.409262245,0.016919477068192405,3.538296373832747,3.3367572904914042,0.14899803257672684,0,0.5998625736828779,2.000017992963026e+22,1.5468094363684282,0.8287420544185747,0.6,0.0,0.0,0.006666666666666667,0.00633367792860507,6.181912830146594,0.9500516892907604,0.013000344595271737,0.0,0.0,0.006666666666666667,0.00633367792860507,52.0
0.30406521851348595,8.035,0.0,34894362.175266795,0.0,5167877.180867808,21557.433629365576,0.0,5450080.318133539,6063695.323009265,0.017775821904807376,3.576984239519214,3.371735705977194,0.14986727878531445,0,0.5992809538517097,2.002766519305468e+22,1.5767913760300276,0.8319123463311392,0.6,0.0,0.0,0.006666666666666667,0.006214628732003783,6.104346173854566,0.9321943098005675,0.01288129539867045,0.0,0.0,0.006666666666666667,0.006214628732003783,53.0
0.30326225220572806,8.13,0.0,35168106.764230624,0.0,5241768.457120841,22950.93188127909,0.0,5525311.6854683235,6153043.012759793,0.018650066181631206,3.614827458600649,3.405945776799974,0.150730114548185,0,0.5987686300968832,2.0171474422712743e+22,1.6069604549831178,0.8350666804222181,0.6,0.0,0.0,0.006666666666666667,0.006099299657915767,6.028632286279288,0.9148949486873651,0.012765966324582434,0.0,0.0,0.006666666666666667,0.006099299657915767,54.0
0.302539911085939,8.225,0.0,35451886.87771752,0.0,5312134.9172137175,24408.249914163713,0.0,5601214.401328977,6243684.201060408,0.019546352064072924,3.651419862357005,3.439144745141832,0.1516248746019025,0,0.5985241681722042,2.0417748403336103e+22,1.6372877009210631,0.8381992232451575,0.6,0.0,0.0,0.006666666666666667,0.005987607957987132,5.9547149596875775,0.8981411936980698,0.0126542746246538,0.0,0.0,0.006666666666666667,0.005987607957987132,55.0
0.30188919307482115,8.32,0.0,35748452.127264686,0.0,5380804.196151147,25942.421529679432,0.0,5677754.050629473,6335745.249770335,0.02047306236832945,3.686892962310355,3.471544545965911,0.15257086860545152,0,0.5986047239548593,2.0712914768895253e+22,1.6677544839912528,0.841303715610683,0.6,0.0,0.0,0.006666666666666667,0.005879441542890707,5.882537253901323,0.8819162314336061,0.012546108209557375,0.0,0.0,0.006666666666666667,0.005879441542890707,56.0
0.3012764364383678,8.415,0.0,36054653.30055492,0.0,5449885.217119959,27559.041326169852,0.0,5754069.151143817,6428250.791742245,0.021435879074266886,3.7215802866501733,3.5033558580648787,0.1535597163250554,0,0.5989291200864647,2.0991969977923386e+22,1.6983543320675898,0.8443802516651726,0.6,0.0,0.0,0.006666666666666667,0.0057746601954926325,5.812040812413603,0.8661990293238949,0.0124413268621593,0.0,0.0,0.006666666666666667,0.0057746601954926325,57.0
0.3006663811423054,8.51,0.0,36363645.886832364,0.0,5521095.088400785,29262.943220533816,0.0,5830057.795431644,6520794.498635214,0.02243817316023226,3.7560339544573913,3.5350082136224343,0.15456776851413095,0,0.5993339535934842,2.120614596063044e+22,1.7290909461227018,0.847429303602169,0.6,0.0,0.0,0.006666666666666667,0.005673107139937004,5.743165910384783,0.8509660709905505,0.012339773806603671,0.0,0.0,0.006666666666666667,0.005673107139937004,58.0
0.3000344155574348,8.605,0.0,36668163.761145875,0.0,5595015.954938978,31055.19687869354,0.0,5905527.529903127,6612830.63914698,0.023481016355424933,3.79074335999905,3.566874990593815,0.1555660109360856,0,0.5996513449841077,2.1339355241933603e+22,1.7599726383284313,0.850452956737279,0.6,0.0,0.0,0.006666666666666667,0.005574625150340474,5.675853970608384,0.8361937725510711,0.01224129181700714,0.0,0.0,0.006666666666666667,0.005574625150340474,59.0
0.29918797188329904,8.7,0.0,36963886.75917586,0.0,5677405.93679201,32480.613776119695,0.0,5981361.630173687,6705343.9482664885,0.024219946080854152,3.817117566573174,3.570329617351978,0.1564833995771574,0,0.5997852787337167,2.1409086245112067e+22,1.7908785114301518,0.8534365654725319,0.6,0.0,0.0,0.006666666666666667,0.005479443831996369,5.610073398033424,0.8219165747994553,0.012146110498663036,0.0,0.0,0.006666666666666667,0.005479443831996369,60.0
0.2984024579686628,8.795,0.0,37248566.77873368,0.0,5755946.0603923,34127.15454717553,0.0,6057631.2426516,6797760.974121362,0.025101761210121178,3.843016829653536,3.5844072640563165,0.15736297422174536,0,0.5996892480888409,2.145203049836873e+22,1.8217072379762749,0.8563799386550602,0.6,0.0,0.0,0.006666666666666667,0.0053877262055761444,5.5457861542595746,0.8081589308364217,0.012054392872242812,0.0,0.0,0.006666666666666667,0.0053877262055761444,61.0
0.2976426752821582,8.89,0.0,37525431.17429653,0.0,5833219.29481018,35934.58123761437,0.0,6133954.443657845,6889931.35991286,0.026077604667217133,3.8702529006408013,3.6052840874927634,0.1582161536712454,0,0.5994402130529675,2.1514180880600534e+22,1.852428345476352,0.8592874421286392,0.6,0.0,0.0,0.006666666666666667,0.0052993760897687755,5.48293965704426,0.7949064134653163,0.011966042756435442,0.0,0.0,0.006666666666666667,0.0052993760897687755,62.0
0.2969214455854412,8.985,0.0,37799772.24872677,0.0,5908469.052577449,37867.9844685484,0.0,6210152.242803747,6981977.5590851465,0.027118380249785367,3.898493831065427,3.629689110905686,0.15905978425726455,0,0.599158433021366,2.162613827000704e+22,1.8830366380140744,0.8621638827941014,0.6,0.0,0.0,0.006666666666666667,0.005214210019275142,5.421482561631695,0.7821315028912712,0.011880876685941809,0.0,0.0,0.006666666666666667,0.005214210019275142,63.0
0.29596147269436457,9.08,0.0,38077370.07126299,0.0,5992388.4148168415,39212.84008186886,0.0,6288478.92915315,7076982.92594904,0.02770448967602234,3.9147354575193076,3.62355095290354,0.15983760716211115,0,0.5989711903842031,2.1794451665733844e+22,1.9133894037765227,0.8649803824915994,0.6,0.0,0.0,0.006666666666666667,0.005132387801814704,5.361396845401114,0.7698581702722056,0.011799054468481372,0.0,0.0,0.006666666666666667,0.005132387801814704,64.0
0.29519863095296794,9.175,0.0,38358934.40531917,0.0,6066173.305164667,40992.45550719487,0.0,6368033.1163947405,7173234.600855134,0.02857320148312695,3.9305579340503107,3.6363162992578646,0.16064987794907676,0,0.598891538524184,2.200021358889322e+22,1.9434409415304252,0.8677369302070387,0.6,0.0,0.0,0.006666666666666667,0.005053884835598603,5.302656169586593,0.7580827253397905,0.01172055150226527,0.0,0.0,0.006666666666666667,0.005053884835598603,65.0
0.29449611304592477,9.27,0.0,38645657.41977591,0.0,6139259.342180217,42965.71207606094,0.0,6447485.919828631,7269781.612937286,0.029550895999130616,3.9484830276903056,3.6546036020082275,0.161497148296461,0,0.5989426048906359,2.2221905884056417e+22,1.9732231865428511,0.8704408644032302,0.6,0.0,0.0,0.006666666666666667,0.004978451604584392,5.245208136179669,0.7467677406876588,0.01164511827125106,0.0,0.0,0.006666666666666667,0.004978451604584392,66.0
0.2938319288112038,9.365,0.0,38936022.419691704,0.0,6212750.955366373,45080.31569308571,0.0,6526577.1305907145,7366351.995708997,0.03059880638295931,3.9681660433320034,3.6750278434067996,0.16237181018141353,0,0.59908875425376,2.2433384905929237e+22,2.002766233552602,0.8730981114569853,0.6,0.0,0.0,0.006666666666666667,0.004905839103317535,5.188999786451329,0.7358758654976302,0.011572505769984202,0.0,0.0,0.006666666666666667,0.004905839103317535,67.0
0.2931871425545184,9.46,0.0,39227108.9071421,0.0,6287361.51747798,47325.61472638246,0.0,6605249.101247622,7462739.146902944,0.03170793846252959,3.9893761296182384,3.6969476038301803,0.16326062735831148,0,0.5992654976139746,2.2615634055177242e+22,2.0321085864012445,0.8757137221379835,0.6,0.0,0.0,0.006666666666666667,0.004835799530424398,5.133982725439964,0.7253699295636598,0.011502466197091065,0.0,0.0,0.006666666666666667,0.004835799530424398,68.0
0.29254799607003273,9.555,0.0,39515878.82582273,0.0,6363337.393117166,49692.35865798869,0.0,6683513.80290436,7558784.465300971,0.03287060167286396,4.011935492313785,3.7199551487641007,0.16414920734599578,0,0.5994077014086691,2.276253453238231e+22,2.0612945662077995,0.8782920847790481,0.6,0.0,0.0,0.006666666666666667,0.004768096323548666,5.080112391849226,0.7152144485322999,0.011434762990215333,0.0,0.0,0.006666666666666667,0.004768096323548666,69.0
0.2915929153117287,9.65,0.0,39800526.279907055,0.0,6453624.568802835,51275.04950555699,0.0,6763768.527533276,7657489.64336352,0.03348032572919941,4.023840953935713,3.7149258902668567,0.16493884296887398,0,0.5994779503357455,2.2880994250648495e+22,2.090230899289916,0.8808035907363491,0.6,0.0,0.0,0.006666666666666667,0.004702775678272592,5.027372395475545,0.7054163517408888,0.011369442344939258,0.0,0.0,0.006666666666666667,0.004702775678272592,70.0
0.29083603868852415,9.745,0.0,40078608.938664325,0.0,6532227.320234601,53410.13309781159,0.0,6844396.372361298,7755910.4752579685,0.03443189118040615,4.03808103035235,3.726893475993697,0.16573208610668694,0,0.5994266016998929,2.29854041834994e+22,2.1189409297866146,0.8832576271519994,0.6,0.0,0.0,0.006666666666666667,0.004639709782460265,4.975740106313206,0.6959564673690397,0.011306376449126932,0.0,0.0,0.006666666666666667,0.004639709782460265,71.0
0.29013038590082896,9.84,0.0,40352482.33342268,0.0,6609906.949445335,55836.108373965464,0.0,6924589.931026454,7853676.233333009,0.03554775287080338,4.056211453986084,3.7464852433590616,0.16652929582068635,0,0.5993047855992025,2.310008384352081e+22,2.147495866546875,0.8856671130042366,0.6,0.0,0.0,0.006666666666666667,0.004578662903179167,4.925168737370477,0.686799435476875,0.011245329569845834,0.0,0.0,0.006666666666666667,0.004578662903179167,72.0
0.28946178254439126,9.935,0.0,40624968.24430242,0.0,6686902.99369745,58443.410973903956,0.0,7004391.912362421,7951093.173103556,0.03675180865167183,4.076982511464497,3.7691080694792407,0.16733250600208513,0,0.5991718097325169,2.3239126723680298e+22,2.175945297234334,0.888040417198546,0.6,0.0,0.0,0.006666666666666667,0.004519437333127256,4.8756137545825915,0.6779155999690885,0.011186103999793924,0.0,0.0,0.006666666666666667,0.004519437333127256,73.0
0.2888239699438632,10.03,0.0,40898503.01507429,0.0,6763229.279460408,61191.1427289843,0.0,7084035.726566616,8048570.519430279,0.03801367123594202,4.099259353291123,3.792852969348939,0.16814542920454786,0,0.5990774787599601,2.3404764777176906e+22,2.2043270887736726,0.8903820479442375,0.6,0.0,0.0,0.006666666666666667,0.004461867822702372,4.8270377660392025,0.6692801734053558,0.011128534489369039,0.0,0.0,0.006666666666666667,0.004461867822702372,74.0
0.28821133466104437,10.125,0.0,41174485.28085202,0.0,6839135.459499875,64064.15413965839,0.0,7163664.79356062,8146350.611747266,0.039320769012369354,4.122305685783455,3.8169004671673843,0.16897076316287807,0,0.5990491941441227,2.3589269025184882e+22,2.232674433160423,0.892694298684825,0.6,0.0,0.0,0.006666666666666667,0.004405812514608465,4.779408265270309,0.6608718771912697,0.011072479181275132,0.0,0.0,0.006666666666666667,0.004405812514608465,75.0
0.287292409907514,10.22,0.0,41452625.379693344,0.0,6930045.815792901,66058.38281689357,0.0,7245767.9041148,8247737.836712374,0.04004636430298097,4.135096471406513,3.819250054974274,0.16971277428829468,0,0.599079606950042,2.3779430196360333e+22,2.26090848344824,0.8949445287659099,0.6,0.0,0.0,0.006666666666666667,0.004351308705971446,4.732714168099296,0.6526963058957169,0.011017975372638114,0.0,0.0,0.006666666666666667,0.004351308705971446,76.0
0.2866260930190261,10.315,0.0,41731021.372650065,0.0,7005779.925269125,68806.07686140733,0.0,7328542.698947979,8349359.0020280965,0.041204406736309464,4.15058904936622,3.837853434560716,0.17049652820207595,0,0.5991292943695947,2.396350880635192e+22,2.289101216614829,0.8971436172015399,0.6,0.0,0.0,0.006666666666666667,0.0042982066264361995,4.686941410702872,0.64473099396543,0.010964873293102867,0.0,0.0,0.006666666666666667,0.0042982066264361995,77.0
0.28600502770864417,10.41,0.0,42009710.463050395,0.0,7082093.47003215,71854.62784157645,0.0,7410458.298658894,8450193.728620598,0.04251655651290322,4.169690969129091,3.860811694905948,0.17130592212971957,0,0.5991984499395889,2.413764993243297e+22,2.3173319269888344,0.8993050258611239,0.6,0.0,0.0,0.006666666666666667,0.004246336868492433,4.642050134113222,0.636950530273865,0.0109130035351591,0.0,0.0,0.006666666666666667,0.004246336868492433,78.0
0.28540131768879734,10.505,0.0,42287802.88694717,0.0,7159488.259052987,75075.34197143225,0.0,7491383.065327249,8550166.187836405,0.043902855407790015,4.190817161040748,3.8847233317015033,0.17212531175702758,0,0.5992689470149758,2.429795994451518e+22,2.345634118329674,0.9014378643610645,0.6,0.0,0.0,0.006666666666666667,0.004195598645883139,4.598004463524915,0.6293397968824708,0.010862265312549805,0.0,0.0,0.006666666666666667,0.004195598645883139,79.0
0.2848078795775547,10.6,0.0,42564312.86632719,0.0,7237866.982312302,78434.83976157231,0.0,7572203.24592227,8650103.08512732,0.045337517362324546,4.213289538538546,3.908782235803748,0.172946990005974,0,0.5993212430660614,2.4444170541520017e+22,2.3740247012790063,0.9035444909697913,0.6,0.0,0.0,0.006666666666666667,0.004145922436121975,4.554774445787265,0.6218883654182963,0.010812589102788643,0.0,0.0,0.006666666666666667,0.004145922436121975,80.0
0.28422101802616145,10.695,0.0,42838623.953705356,0.0,7316870.794023592,81922.05453961325,0.0,7652758.6971513,8749802.915770926,0.04681365702075036,4.23660368770361,3.9327878974844985,0.1737647124892415,0,0.5993435024784382,2.4579921928307738e+22,2.4025123319985178,0.9056275801308915,0.6,0.0,0.0,0.006666666666666667,0.004097256583486094,4.512334782591411,0.6145884875229142,0.010763923250152761,0.0,0.0,0.006666666666666667,0.004097256583486094,81.0
0.28326492147929344,10.79,0.0,43110225.821062066,0.0,7415505.385957403,84382.55824775124,0.0,7736961.11687425,8854053.997501893,0.047651933380775745,4.249217966787755,3.939439563200099,0.17446369393452538,0,0.5993262483125685,2.4711221432620105e+22,2.4310102843150134,0.9076482281642497,0.6,0.0,0.0,0.006666666666666667,0.004049658841670874,4.470679362676935,0.6074488262506311,0.010716325508337541,0.0,0.0,0.006666666666666667,0.004049658841670874,82.0
0.28256595873930934,10.885,0.0,43378366.93038987,0.0,7495648.94951931,87581.5382960971,0.0,7821640.045981429,8958098.469526237,0.048884000658193254,4.2649840419173115,3.9576846160703276,0.17518652967641032,0,0.5992555960573813,2.4845971770106393e+22,2.4595999553754715,0.9096170731319306,0.6,0.0,0.0,0.006666666666666667,0.0040030043234804795,4.429800948586296,0.6004506485220719,0.010669670990147147,0.0,0.0,0.006666666666666667,0.0040030043234804795,83.0
0.28191981266396904,10.98,0.0,43645435.78089798,0.0,7574955.431445839,91091.56364891244,0.0,7905475.656775633,9061254.049749698,0.05026432497576187,4.28433820351321,3.978872002143383,0.17592776739164115,0,0.5991781317892382,2.4994852558630124e+22,2.4883393152585773,0.9115487183945554,0.6,0.0,0.0,0.006666666666666667,0.003957198607033879,4.389668805612002,0.5935797910550819,0.010623865273700546,0.0,0.0,0.006666666666666667,0.003957198607033879,84.0
0.28130352352995275,11.075,0.0,43913091.47425972,0.0,7654226.8910812475,94788.54536456526,0.0,7988735.742724229,9164012.114209313,0.05171781976236658,4.305614500898913,4.0006354416077,0.17668314246788772,0,0.5991254074567994,2.5159226200782482e+22,2.5172317618060567,0.9134513989241855,0.6,0.0,0.0,0.006666666666666667,0.003912215219368573,4.35025362568354,0.5868322829052859,0.01057888188603524,0.0,0.0,0.006666666666666667,0.003912215219368573,85.0
0.28070888448141484,11.17,0.0,44182196.87065356,0.0,7733509.6432542,98637.1701357917,0.0,8071716.439838503,9266752.719581839,0.05322100045216358,4.327802294575271,4.022383713990278,0.1774504060213892,0,0.5991131453750157,2.533414470942259e+22,2.5462620798742264,0.9153294068184761,0.6,0.0,0.0,0.006666666666666667,0.003868050518416016,4.31153177343511,0.5802075777624024,0.010534717185082683,0.0,0.0,0.006666666666666667,0.003868050518416016,86.0
0.2801311661735336,11.265,0.0,44452801.77869821,0.0,7812904.065553154,102628.41840176705,0.0,8154547.907967716,9369615.370459272,0.05476661225888475,4.350424696471987,4.044003638059324,0.17822752900216793,0,0.5991414096492617,2.5511515634419446e+22,2.575413084776207,0.9171853256035135,0.6,0.0,0.0,0.006666666666666667,0.0038247032198070827,4.273482875138427,0.5737054829710624,0.010491369886473749,0.0,0.0,0.006666666666666667,0.0038247032198070827,87.0
0.2795660997228438,11.36,0.0,44724265.117226034,0.0,7892816.624195227,106765.45526204245,0.0,8237658.815922029,9472984.892997717,0.056352594492661265,4.373310765333225,4.0655611490157595,0.17901269484904886,0,0.5991973614967762,2.5683233704567107e+22,2.604671003464487,0.9190193405800524,0.6,0.0,0.0,0.006666666666666667,0.003782168063059806,4.2360881732288815,0.5673252094589709,0.010448834729726473,0.0,0.0,0.006666666666666667,0.003782168063059806,88.0
0.2790096143130396,11.455,0.0,44995631.47249778,0.0,7973090.532779483,111043.1877707609,0.0,8320249.319483622,9575986.280850722,0.057980026554974744,4.396312921179483,4.087054332944977,0.1797997793361376,0,0.5992626352584633,2.5843761405211873e+22,2.6340254190064423,0.920835033560677,0.6,0.0,0.0,0.006666666666666667,0.0037404356010137243,4.199330273787138,0.5610653401520587,0.010407102267680391,0.0,0.0,0.006666666666666667,0.0037404356010137243,89.0
0.27806314531977294,11.55,0.0,45265741.18480843,0.0,8076993.664633355,114139.01682757042,0.0,8407768.235239793,9685015.481958238,0.05892557272633867,4.408876633664158,4.094855218823822,0.18046312255281716,0,0.5993155303930647,2.59912343535192e+22,2.6633979245335495,0.9225901992522882,0.6,0.0,0.0,0.006666666666666667,0.003699543918900723,4.163204895092354,0.5549315878351084,0.01036621058556739,0.0,0.0,0.006666666666666667,0.003699543918900723,90.0
0.2773658218475889,11.645,0.0,45532225.23420156,0.0,8160458.443970774,117993.88813715776,0.0,8495594.582781019,9793625.79855936,0.060240145255760845,4.424110046746928,4.110834151870845,0.18114864961084776,0,0.5993126547282268,2.6128128274906248e+22,2.692876236576449,0.9242942166156952,0.6,0.0,0.0,0.006666666666666667,0.003659383724581923,4.127709693073059,0.5489075586872885,0.01032605039124859,0.0,0.0,0.006666666666666667,0.003659383724581923,91.0
0.27671968434840466,11.74,0.0,45796402.39914892,0.0,8243028.584203441,122197.15533197593,0.0,8582378.05221372,9901019.188111968,0.06170938214052514,4.442506914271052,4.129108872025916,0.1818499418171402,0,0.5992789323383848,2.626559732926088e+22,2.7225142255403796,0.9259622524080294,0.6,0.0,0.0,0.006666666666666667,0.0036198886125662117,4.092822011964736,0.5429832918849318,0.01028655527923288,0.0,0.0,0.006666666666666667,0.0036198886125662117,92.0
0.27610350433425895,11.835,0.0,46059455.27015492,0.0,8325551.536986373,126623.7609867043,0.0,8668369.655400522,10007642.915753594,0.06326352871132994,4.462685142189187,4.14812234484772,0.18256176450547174,0,0.5992362402212972,2.6409810861583915e+22,2.7523105215213968,0.9276038051291388,0.6,0.0,0.0,0.006666666666666667,0.0035810498422100432,4.058518557713567,0.5371574763315065,0.01024771650887671,0.0,0.0,0.006666666666666667,0.0035810498422100432,93.0
0.27550948754448296,11.93,0.0,46322359.14616105,0.0,8407991.339591555,131231.4519846368,0.0,8753915.772440352,10113943.117927168,0.06487650289036385,4.483724851976236,4.1674106823168335,0.18328167891397706,0,0.5992022139030059,2.6562562817324474e+22,2.7822427564659087,0.9292243394911857,0.6,0.0,0.0,0.006666666666666667,0.003542878613785377,4.024780478781946,0.5314317920678066,0.010209545280452044,0.0,0.0,0.006666666666666667,0.003542878613785377,94.0
0.2749333565595482,12.025,0.0,46585756.63045369,0.0,8490334.557116078,136004.07228430812,0.0,8839235.599323258,10220196.652456846,0.06653691553557954,4.505113980368582,4.186798669650706,0.1840087385786767,0,0.5991881211003101,2.6722120036723294e+22,2.8122844848960535,0.9308270241299013,0.6,0.0,0.0,0.006666666666666667,0.0035053879966390053,3.9915918096235576,0.5258081994958508,0.010172054663305672,0.0,0.0,0.006666666666666667,0.0035053879966390053,95.0
0.27436985563856925,12.12,0.0,46849865.376940876,0.0,8572813.581996432,140933.07270625554,0.0,8924491.34988013,10326586.883478405,0.06823797363857666,4.526536180566595,4.206193684112518,0.1847415235246377,0,0.599197398502934,2.6884495816661278e+22,2.8424119241004,0.9324134955432838,0.6,0.0,0.0,0.006666666666666667,0.0034685860055505883,3.958938236303966,0.5202879008325882,0.010135252672217255,0.0,0.0,0.006666666666666667,0.0034685860055505883,96.0
0.27381734083928566,12.215,0.0,47114499.84430561,0.0,8655453.865025109,146016.73610156236,0.0,9009714.612373859,10433133.09285795,0.06997741464714823,4.547904663626005,4.225576743268993,0.18547871292534562,0,0.5992262581324197,2.704501611607448e+22,2.8726068468911934,0.9339848191586193,0.6,0.0,0.0,0.006666666666666667,0.0034324735500856907,3.9268064650253987,0.5148710325128536,0.010099140216752359,0.0,0.0,0.006666666666666667,0.0034324735500856907,97.0
0.27279561277704584,12.31,0.0,47380090.15723854,0.0,8769943.69616643,149569.82462503604,0.0,9102731.492720352,10548933.038299512,0.07089334252193967,4.557218957510673,4.231886248888348,0.1860683861824835,0,0.599281860695844,2.7199764489590536e+22,2.902784235282552,0.9354863697225753,0.6,0.0,0.0,0.006666666666666667,0.003397080292686059,3.8951955941597998,0.5095620439029088,0.010063746959352726,0.0,0.0,0.006666666666666667,0.003397080292686059,98.0
0.2720712935140045,12.405,0.0,47642718.38037223,0.0,8856622.474518763,153962.9995577958,0.0,9194986.608223509,10663231.069776423,0.07219340861616651,4.56989128869224,4.244696090835574,0.18668875973405627,0,0.599294931188935,2.7343392350421733e+22,2.9330510806504475,0.9369316550553157,0.6,0.0,0.0,0.006666666666666667,0.003362297478815519,3.8641088630192226,0.5043446218223279,0.010028964145482187,0.0,0.0,0.006666666666666667,0.003362297478815519,99.0
0.33535028188280974,12.5,20.0,47606698.816545926,33.0,32549933.319089685,1096984.002603615,52999999.99999999,56434539.90858282,4646621.675479162,0.09514729317348977,9.398616369771952,6.963438675803163,0.33368372838891247,0,0.5941132640611895,2.7484406112634737e+22,2.9644732587535327,0.9399877371358586,0.6,0.0,0.0,0.006666666666666667,0.0033335197159873402,3.823561722530892,0.500027957398101,0.010000186382654007,0.0,0.0,0.006666666666666667,0.0033335197159873402,100.0
-7.228186914185213e-06,12.5,20.0,55811670.89265634,33.0,-30234743.72461859,11409094.588335305,52999999.99999999,60550063.57624664,1686223.7769199493,1.043141562935128,13.23034848306688,11.286322200761992,0.89278902343387,2,0.7416226692959307,2.866175330039684e+22,2.9838247205746677,0.9321150205982152,0.6,0.0,0.0,0.006666666666666667,0.0033167882307747224,3.8847932388646425,0.49751823461620837,0.00998345489744139,0.0020862831258702556,-1.4456373828370426e-07,0.006666666666666667,0.0033167882307747224,101.0
0.9598095987293295,12.5,20.0,56926368.02164493,33.0,33394743.763252974,23617386.441400625,52999999.99999999,70922887.59317318,1148830.1858521558,2.18078454883881,17.830135240260997,15.26086358709979,1.1059642492946267,1,0.7623621233126425,5.03372194412107e+22,2.998072410184912,0.9281767524999501,0.6541886653520346,0.00436156909767762,0.01919619197458659,0.006666666666666667,0.0033047862234572606,3.906189742537708,0.49571793351858906,0.03352921396238814,0.00436156909767762,0.01919619197458659,0.006666666666666667,0.0033047862234572606,102.0
1.012015325997634,12.5,20.0,60312283.16963232,33.0,45136926.67714614,35362941.575802386,52999999.99999999,80666043.15027332,922718.7001516372,3.279039190553914,21.007730795331707,17.262576288721263,1.3185230699992472,1,0.8263376406368858,6.786479477868218e+22,3.009138769607812,0.9254521470792355,0.6980076036957132,0.006558078381107828,0.02,0.006666666666666667,0.0032956367537806926,3.9203911257519932,0.4943455130671039,0.03652038180155519,0.006558078381107828,0.02,0.006666666666666667,0.0032956367537806926,103.0
0.9986475654036794,12.5,20.0,63255698.239358775,33.0,61980084.8283342,42934779.774810106,52999999.99999999,86679433.36158755,825587.1049420177,3.9883243345865855,22.489451103727482,17.7783205324044,1.464197367596377,1,0.8831191445184408,7.259726665130503e+22,3.018490542284387,0.9231599982190589,0.7098387833772704,0.007976648669173171,0.019972951308073587,0.006666666666666667,0.0032879738672391885,3.9319264609552778,0.4931960800858783,0.03790424051115261,0.007976648669173171,0.019972951308073587,0.006666666666666667,0.0032879738672391885,104.0
0.9798051514547395,12.5,20.0,64764476.62997303,33.0,76547195.53733952,47758509.81480423,52999999.99999999,90615570.17462441,773544.4322042766,4.440706886544957,23.357188664352574,17.988122682826667,1.5461815346658536,1,0.9126350262880131,6.597343774761688e+22,3.026602061194409,0.921233273291471,0.6932792111180499,0.008881413773089914,0.01959610302909479,0.006666666666666667,0.003281350300663479,3.9405874750325935,0.4922025450995219,0.03842553376951485,0.008881413773089914,0.01959610302909479,0.006666666666666667,0.003281350300663479,105.0
0.9619441298305611,12.5,20.0,64709683.68558947,33.0,87442027.18505722,49859177.65484543,52999999.99999999,92489238.60121906,737023.5862635357,4.639183036887675,24.134761380619214,18.208547172391782,1.5744395569850014,1,0.9115583299773969,5.344643249001426e+22,3.033694472832804,0.9197340425238296,0.6619616979740434,0.00927836607377535,0.01923888259661122,0.006666666666666667,0.0032755633150464833,3.9459535795271234,0.4913344972569725,0.03845947865209972,0.00927836607377535,0.01923888259661122,0.006666666666666667,0.0032755633150464833,106.0
0.9524490173923462,12.5,20.0,63986803.45632769,33.0,92819082.98041865,50218698.91417548,52999999.99999999,92941678.18644384,711933.9569436357,4.674817607054656,24.774269177499665,18.320442667842077,1.5740823387198601,1,0.8973872909768772,4.113476649453487e+22,3.0399287245375257,0.9186883427102545,0.6311825329853449,0.009349635214109314,0.019048980347846925,0.006666666666666667,0.0032704729638007683,3.9481770800599163,0.49057094457011524,0.03833575519242367,0.009349635214109314,0.019048980347846925,0.006666666666666667,0.0032704729638007683,107.0
0.9399999387682002,12.5,20.0,62992291.10505687,33.0,95964537.32147218,49479213.900227726,52999999.99999999,92506468.73105179,703044.8203832165,4.606741951570649,25.109120379563038,18.38143668361877,1.5525565905641445,1,0.8779944182412185,3.1657308299159423e+22,3.045478625769537,0.917982177726711,0.6074888874969062,0.0092134839031413,0.018799998775364004,0.006666666666666667,0.003265924480300307,3.9485230546768877,0.489888672045046,0.03794607382547228,0.0092134839031413,0.018799998775364004,0.006666666666666667,0.003265924480300307,108.0
0.9335810768662008,12.5,20.0,62048376.498712525,33.0,95904793.2424627,48324407.803223245,52999999.99999999,91670550.5585266,699557.6331084858,4.499516377154356,25.31313417027633,18.39589916642627,1.526999553947432,1,0.8596996134736975,2.605842465091572e+22,3.050464470701493,0.9175257784851466,0.5934916783762969,0.008999032754308712,0.018671621537324018,0.006666666666666667,0.003261816644655451,3.947984045314338,0.4892724966983176,0.03759913760295485,0.008999032754308712,0.018671621537324018,0.006666666666666667,0.003261816644655451,109.0
0.9340315217720824,12.5,20.0,61515119.40674828,33.0,93927923.43994822,47583093.18736166,52999999.99999999,91124583.76087457,699269.198170827,4.430515898806908,25.364531626049885,18.368481109281607,1.510510478219401,1,0.8494124583078903,2.4118501956176216e+22,3.054975563119488,0.91722443389285,0.5886418716394481,0.008861031797613815,0.018680630435441648,0.006666666666666667,0.0032580783914004205,3.9473048860629674,0.48871175871006306,0.03746640729112255,0.008861031797613815,0.018680630435441648,0.006666666666666667,0.0032580783914004205,110.0
0.9385715294637099,12.5,20.0,61451542.09766319,33.0,91825597.4131804,47611632.320885226,52999999.99999999,91193993.17130142,699870.6480801646,4.433123557494763,25.318453106685116,18.34102512249987,1.5072055729545264,1,0.8481883181840681,2.4236010294598162e+22,3.059071453835576,0.9169893978759145,0.588935642485503,0.008866247114989527,0.018771430589274198,0.006666666666666667,0.003254665249210597,3.94706449457686,0.48819978738158953,0.03755900962014099,0.008866247114989527,0.018771430589274198,0.006666666666666667,0.003254665249210597,111.0
0.9426731599520793,12.5,20.0,61675385.74111272,33.0,90864586.17790245,48212530.35858935,52999999.99999999,91736761.41916092,700457.1545044003,4.489024201402464,25.228679495808095,18.33073474065377,1.512767901259115,1,0.852500499076054,2.4598346657784528e+22,3.06279544494492,0.9167704540917733,0.5898414833934689,0.008978048402804927,0.018853463199041586,0.006666666666666667,0.003251544829285604,3.9473981273228467,0.4877317243928406,0.03774972309779878,0.008978048402804927,0.018853463199041586,0.006666666666666667,0.003251544829285604,112.0
0.9437402804913296,12.5,20.0,61927408.45717108,33.0,91205122.08177742,48940330.91701254,52999999.99999999,92390579.34458679,700551.3117987472,4.556781049867881,25.147884560969544,18.336842681761876,1.5199443687810406,1,0.8573629261079404,2.409824684257373e+22,3.066184673686119,0.9165628747190155,0.5885912338554419,0.009113562099735762,0.018874805609826593,0.006666666666666667,0.003248688564152496,3.948082977777579,0.4873032846228744,0.037903722940381517,0.009113562099735762,0.018874805609826593,0.006666666666666667,0.003248688564152496,113.0
0.9414724530015527,12.5,20.0,62025399.63070169,33.0,92317403.20996314,49412577.1173892,52999999.99999999,92837826.2192888,700517.7612730993,4.6007542550198375,25.0979216091303,18.35361912556801,1.5229168866485945,1,0.8592556407993667,2.2625661620985646e+22,3.06927748689087,0.9163861293961049,0.5849097708014717,0.009201508510039676,0.018829449060031055,0.006666666666666667,0.003246065463669909,3.948771930654201,0.4869098195504864,0.037943689700407304,0.009201508510039676,0.018829449060031055,0.006666666666666667,0.003246065463669909,114.0
0.9374829289308922,12.5,20.0,61931378.8382145,33.0,93411827.99163124,49485996.75615361,52999999.99999999,92953345.05346075,700884.7386016371,4.607558795077138,25.069483152906628,18.373066523882876,1.5199511110981134,1,0.8574395916696234,2.077453346111231e+22,3.0721130869698032,0.9162606316420837,0.5802819504017883,0.009215117590154276,0.018749658578617844,0.006666666666666667,0.0032436431901348493,3.9492115441134845,0.4865464785202274,0.037875086025573636,0.009215117590154276,0.018749658578617844,0.006666666666666667,0.0032436431901348493,115.0
0.9338191114243581,12.5,20.0,61725426.17359514,33.0,93935373.89310038,49269242.06271261,52999999.99999999,92820181.94611596,701847.7165968138,4.587294865785934,25.047959394695205,18.386886058081156,1.513119728134466,1,0.8534653366072966,1.9286615127187635e+22,3.074727279606557,0.9161924640556042,0.5765621545669766,0.009174589731571868,0.01867638222848716,0.006666666666666667,0.003241392164296173,3.9493482896174625,0.48620882464442594,0.03775903079102187,0.009174589731571868,0.01867638222848716,0.006666666666666667,0.003241392164296173,116.0
0.932054035802153,12.5,20.0,61519090.523063935,33.0,93754736.31341136,48970503.29406308,52999999.99999999,92602047.52573617,702730.7031673384,4.559405327518546,25.042553386399714,18.396340359541306,1.5062008766944517,1,0.8494889361702045,1.8593547805728306e+22,3.0771515518285115,0.9161726116486077,0.5748294862633283,0.009118810655037092,0.01864108071604306,0.006666666666666667,0.0032392882385626235,3.9492980066692494,0.48589323578439353,0.03766584627630944,0.009118810655037092,0.01864108071604306,0.006666666666666667,0.0032392882385626235,117.0
0.9325502390009567,12.5,20.0,61404825.47361215,33.0,93126418.17822573,48796271.59857947,52999999.99999999,92470622.38617608,703016.4025968648,4.54315929227951,25.05266134960532,18.403757520061294,1.5023794886928306,1,0.8472891382125834,1.8695760571687403e+22,3.0794101399113885,0.9161845518896847,0.5750850181782261,0.00908631858455902,0.018651004780019135,0.006666666666666667,0.0032373149864493482,3.9492339918076276,0.4855972479674022,0.03764130501769417,0.00908631858455902,0.018651004780019135,0.006666666666666667,0.0032373149864493482,118.0
0.9343712842992232,12.5,20.0,61408562.84674014,33.0,92499955.10199165,48830708.09763768,52999999.99999999,92502025.23698647,702658.2810167831,4.546395808017072,25.069821414206686,18.410353401450468,1.5025378026652745,1,0.8473610635084672,1.923793292917071e+22,3.0815204460618664,0.9162116237148195,0.5764404490719344,0.009092791616034145,0.018687425685984464,0.006666666666666667,0.003235461596364309,3.949291285093561,0.48531923945464633,0.03768234556504958,0.009092791616034145,0.018687425685984464,0.006666666666666667,0.003235461596364309,119.0
0.9362438255130636,12.5,20.0,61490999.534086205,33.0,92196652.32157192,49031254.487013094,52999999.99999999,92668706.9297456,701832.9180157807,4.565137894070289,25.090278367616033,18.41911084116215,1.5054720724048318,1,0.8489479868832598,1.976572022747727e+22,3.0834961258956,0.9162446385797454,0.5777599173177008,0.009130275788140579,0.018724876510261272,0.006666666666666667,0.0032337195369788385,3.9495035384729333,0.4850579305468258,0.03775553850204735,0.009130275788140579,0.018724876510261272,0.006666666666666667,0.0032337195369788385,120.0
0.9372178219519134,12.5,20.0,61584776.48419437,33.0,92296007.25773916,49279490.175153844,52999999.99999999,92877449.29609913,700851.3698964572,4.5883341621264115,25.112937608562707,18.431018946306466,1.5089821613930792,1,0.8507542338388597,1.997612285082531e+22,3.0853498396661165,0.9162836757989816,0.5782859238760709,0.009176668324252823,0.018744356439038268,0.006666666666666667,0.003232079998694083,3.949809447452322,0.48481199980411244,0.03781977142865184,0.009176668324252823,0.018744356439038268,0.006666666666666667,0.003232079998694083,121.0
0.9371184975400615,12.5,20.0,61636768.30483512,33.0,92647820.33662437,49463113.6941778,52999999.99999999,93036015.21334413,699968.7908459882,4.6055067449694205,25.138459004802304,18.444818617742143,1.5112665867294057,1,0.8517561213400979,1.9825276083053357e+22,3.0870943583893675,0.9163348413386958,0.577908806956641,0.00921101348993884,0.01874236995080123,0.006666666666666667,0.00323053324380587,3.950109820286127,0.48457998657088047,0.03785058335121261,0.00921101348993884,0.01874236995080123,0.006666666666666667,0.00323053324380587,122.0
0.9363692102555657,12.5,20.0,61631020.00661429,33.0,93020317.78714392,49532906.65381034,52999999.99999999,93101831.73595457,699320.2082599029,4.6120608661067575,25.166311828923668,18.458715339560484,1.5116872580990115,1,0.8516453346607054,1.9474051815033767e+22,3.0887421583388006,0.9164046861491403,0.577030746286592,0.009224121732213516,0.018727384205111317,0.006666666666666667,0.0032290693880559712,3.9503276957753406,0.4843604082083957,0.03784724199204747,0.009224121732213516,0.018727384205111317,0.006666666666666667,0.0032290693880559712,123.0
0.935615104326064,12.5,20.0,61586238.67907357,33.0,93235819.28147429,49511361.361402646,52999999.99999999,93090988.79122157,698877.8790807336,4.61009273535402,25.195237154543484,18.471342166121392,1.5107687791934132,1,0.8507824059172013,1.9144984882892694e+22,3.0903043266663164,0.9164961108415319,0.5762080789562394,0.00922018547070804,0.01871230208652128,0.006666666666666667,0.0032276797444458936,3.9504409624004464,0.48415196166688407,0.03782683396834188,0.00922018547070804,0.01871230208652128,0.006666666666666667,0.0032276797444458936,124.0
0.9353248451523555,12.5,20.0,61536239.7859985,33.0,93248009.02286279,49461073.08584407,52999999.99999999,93053757.45574996,698514.0423440476,4.605441506895459,25.223708503027506,18.48227113124907,1.5095932523374467,1,0.8498192281393498,1.8988503699452424e+22,3.0917896657368718,0.9166073157898255,0.5758168759976388,0.009210883013790918,0.01870649690304711,0.006666666666666667,0.0032263577507152673,3.9504784113814386,0.4839536626072901,0.03781040433421996,0.009210883013790918,0.01870649690304711,0.006666666666666667,0.0032263577507152673,125.0
0.9356003699195518,12.5,20.0,61508155.817184344,33.0,93128800.31876127,49440952.14201704,52999999.99999999,93038962.11812337,698098.7506650627,4.603603599783374,25.25052901107327,18.491919442497114,1.5090778164538299,1,0.849278354514584,1.902465807158245e+22,3.093204547003928,0.9167335007176182,0.5759072619279638,0.009207207199566747,0.018712007398391035,0.006666666666666667,0.0032250990170363345,3.950490859867366,0.4837648525554502,0.037810980281660786,0.009207207199566747,0.018712007398391035,0.006666666666666667,0.0032250990170363345,126.0
0.9362304761535559,12.5,20.0,61511228.20273976,33.0,92996550.06113896,49478987.310194746,52999999.99999999,93071144.71686491,697584.5040064029,4.607189296056977,25.274738448306163,18.500995348460798,1.5095614905043104,1,0.8493375213293322,1.9168987168665646e+22,3.094553391800505,0.9168696458579059,0.5762680846706718,0.009214378592113954,0.018724609523071117,0.006666666666666667,0.0032239007166911236,3.9505189466856594,0.4835851075036685,0.03782955549854286,0.009214378592113954,0.018724609523071117,0.006666666666666667,0.0032239007166911236,127.0
0.9368645197668747,12.5,20.0,61535851.984839365,33.0,92947070.53019594,49564573.272434585,52999999.99999999,93143135.2329809,696998.3633594926,4.615208930026079,25.296350325179294,18.510225976956203,1.5107638665776169,1,0.849811758751593,1.930148290279921e+22,3.0958396741148073,0.9170126088174704,0.5765993240060057,0.009230417860052157,0.018737290395337492,0.006666666666666667,0.003222760562221052,3.950576038116565,0.4834140843331578,0.03785713548427737,0.009230417860052157,0.018737290395337492,0.006666666666666667,0.003222760562221052,128.0
0.9372416813457068,12.5,20.0,61563028.55493008,33.0,93006823.18654673,49662928.33366627,52999999.99999999,93226931.30256298,696393.2647539322,4.6244193803482805,25.316460456390338,18.519890643950266,1.512088778843946,1,0.8503352481051609,1.933913115248061e+22,3.0970668361664773,0.9171619029048469,0.5766934446302092,0.00924883876069656,0.018744833626914138,0.006666666666666667,0.0032216759920345615,3.9506483898434617,0.4832513988051842,0.037882015046311925,0.00924883876069656,0.018744833626914138,0.006666666666666667,0.0032216759920345615,129.0
0.9373037488677282,12.5,20.0,61577341.35187641,33.0,93136717.39593846,49740604.04892826,52999999.99999999,93294742.14552276,695830.0342210941,4.631700824554515,25.335969594033347,18.529747399359895,1.5130223909661957,1,0.8506109853834884,1.927208153144842e+22,3.098238522748725,0.9173188534077107,0.5765258205776287,0.00926340164910903,0.018746074977354563,0.006666666666666667,0.003220644034236708,3.95070970066889,0.4830966051355062,0.03789678732736697,0.00926340164910903,0.018746074977354563,0.006666666666666667,0.003220644034236708,130.0
0.9371775309269526,12.5,20.0,61574350.76145291,33.0,93269141.09501347,49783344.45403292,52999999.99999999,93334063.04067987,695339.9750708373,4.635722995435524,25.355210988479556,18.539327446101392,1.5133909587987597,1,0.8505533693079745,1.9149884454750726e+22,3.0993583464410177,0.9174849929139959,0.5762203278858844,0.009271445990871048,0.01874355061853905,0.006666666666666667,0.0032196616317337143,3.9507392481445995,0.4829492447600572,0.03790132490781048,0.009271445990871048,0.01874355061853905,0.006666666666666667,0.0032196616317337143,131.0
0.9370568047645159,12.5,20.0,61560069.56041348,33.0,93352197.02294531,49798792.475036226,52999999.99999999,93350450.95583549,694913.6488327663,4.637198301567497,25.3739915659462,18.548259085839945,1.5133657050698313,1,0.850278245974354,1.9039210593155813e+22,3.1004294735658684,0.9176608016356681,0.5759436432318972,0.009274396603134994,0.01874113609529032,0.006666666666666667,0.003218726104694923,3.9507321954464345,0.48280891570423845,0.037900925469786906,0.009274396603134994,0.01874113609529032,0.006666666666666667,0.003218726104694923,132.0
0.937080641787719,12.5,20.0,61544966.9063953,33.0,93373611.80601907,49806651.36247447,52999999.99999999,93359814.13010797,694515.5780663367,4.6379644947220555,25.39188887579842,18.55644996181953,1.5132803131784718,1,0.8499873249853394,1.8983561398285014e+22,3.1014543380243564,0.9178453766675484,0.5758045202447202,0.009275928989444111,0.01874161283575438,0.006666666666666667,0.0032178354392852137,3.9506985735483346,0.48267531589278206,0.037902043931150375,0.009275928989444111,0.01874161283575438,0.006666666666666667,0.0032178354392852137,133.0
0.9372736749316778,12.5,20.0,61537172.91976405,33.0,93356913.78878479,49824943.34004993,52999999.99999999,93377155.12882148,694109.5639180851,4.639702915711607,25.408584800783917,18.56407159185237,1.5134092121885847,1,0.8498372011837476,1.8986096401217137e+22,3.102434638959776,0.9180369590313449,0.5758108577520504,0.009279405831423213,0.018745473498633557,0.006666666666666667,0.0032169882679711076,3.9506544802097316,0.48254824019566617,0.037908534264694545,0.009279405831423213,0.018745473498633557,0.006666666666666667,0.0032169882679711076,134.0
0.9375630512772758,12.5,20.0,61538729.972287,33.0,93339375.88650185,49860797.72134314,52999999.99999999,93408766.94446827,693677.7363706254,4.643079020043427,25.424053213038242,18.571409371388196,1.5138361221270233,1,0.8498671917367071,1.901865616446761e+22,3.103371581682433,0.9182338073063062,0.5758922571601766,0.009286158040086853,0.018751261025545515,0.006666666666666667,0.0032161836101397023,3.950612285296631,0.48242754152095535,0.03792026934243874,0.009286158040086853,0.018751261025545515,0.006666666666666667,0.0032161836101397023,135.0
0.9378432653418829,12.5,20.0,61546114.24563722,33.0,93348377.05248635,49909551.826215506,52999999.99999999,93451195.14650624,693224.889326512,4.647658240782699,25.4385354941024,18.578689553263324,1.514459944943542,1,0.8500094250832116,1.9045217817126186e+22,3.104266192416585,0.9184348535263746,0.575958661291823,0.009295316481565398,0.018756865306837657,0.006666666666666667,0.0032154205587738966,3.950575386016296,0.4823130838160845,0.03793426901384362,0.009295316481565398,0.018756865306837657,0.006666666666666667,0.0032154205587738966,136.0
0.9380417132669497,12.5,20.0,61553616.76921934,33.0,93389327.48018491,49960425.60755787,52999999.99999999,93495713.48692136,692769.5593884971,4.65243514327358,25.452374424267205,18.585982457942656,1.5150985356766757,1,0.8501539430236303,1.904333280048385e+22,3.1051195379582475,0.9186398429329061,0.5759539487502172,0.00930487028654716,0.018760834265338994,0.006666666666666667,0.0032146980824954677,3.9505391496050066,0.48220471237432017,0.03794706930104829,0.00930487028654716,0.018760834265338994,0.006666666666666667,0.0032146980824954677,137.0
0.9381490980330511,12.5,20.0,61556998.571955696,33.0,93448629.80688114,50003972.99238582,52999999.99999999,93534441.25729239,692330.1225029249,4.6565284909686415,25.465835203352373,18.593214783687745,1.5156084246019497,1,0.8502190875335801,1.901254419575778e+22,3.105932775334661,0.918849018151856,0.575876977238402,0.009313056981937283,0.01876298196066102,0.006666666666666667,0.0032140150065687167,3.9504958905895675,0.4821022509853075,0.03795672061583369,0.009313056981937283,0.01876298196066102,0.006666666666666667,0.0032140150065687167,138.0
0.9382074837804297,12.5,20.0,61555377.61313625,33.0,93506086.88107775,50036835.97535964,52999999.99999999,93564381.0974156,691914.6845457122,4.659624849415344,25.479014056320715,18.600255836994773,1.5159518039807864,1,0.8501878624230974,1.8968726689041753e+22,3.1067070664644287,0.9190626380295593,0.575767433471612,0.009319249698830688,0.018764149675608594,0.006666666666666667,0.0032133701242169415,3.950440129017288,0.4820055186325412,0.03796343616532289,0.009319249698830688,0.018764149675608594,0.006666666666666667,0.0032133701242169415,139.0
0.9382739166601964,12.5,20.0,61550808.85116611,33.0,93547550.46084082,50061964.93701726,52999999.99999999,93587761.92336315,691519.2515249839,4.6619992910328465,25.491858552223093,18.60701081905142,1.5161888670497574,1,0.8500998544709337,1.893115420442227e+22,3.1074434534645077,0.9192806321286312,0.5756735022600632,0.009323998582065694,0.01876547833320393,0.006666666666666667,0.0032127623343445534,3.950371232567946,0.48191435015168305,0.03796890591628084,0.009323998582065694,0.01876547833320393,0.006666666666666667,0.0032127623343445534,140.0
0.9383857731153953,12.5,20.0,61546397.70544742,33.0,93570946.10618338,50085380.73090378,52999999.99999999,93609473.92550322,691132.9327303297,4.664213436663342,25.504259287126406,18.613469427259513,1.516419473472621,1,0.850014885123329,1.891118331023552e+22,3.1081427843273697,0.919502538681271,0.5756235750245964,0.009328426873326684,0.018767715462307905,0.006666666666666667,0.003212190716447009,3.95029272552467,0.48182860746705136,0.037974999718748265,0.009328426873326684,0.018767715462307905,0.006666666666666667,0.003212190716447009,141.0
0.9385457828026975,12.5,20.0,61544349.721107,33.0,93584220.40891097,50112139.298179835,52999999.99999999,93633749.19743899,690745.6299931065,4.666738998516139,25.516139595295446,18.619696782025702,1.5167188455165614,1,0.8499754368030105,1.8908206285569714e+22,3.1088057252429127,0.919727681694236,0.5756161324629319,0.009333477997032278,0.01877091565605395,0.006666666666666667,0.0032116545124930103,3.9502095234644505,0.48174817687395155,0.037982714832245905,0.009333477997032278,0.01877091565605395,0.006666666666666667,0.0032116545124930103,142.0
0.9387294583002727,12.5,20.0,61545018.238299176,33.0,93598453.92166899,50143868.56717177,52999999.99999999,93662062.46798773,690353.4617432292,4.669727924486605,25.52749638602174,18.625783855522023,1.5171033105579683,1,0.8499883137392069,1.8913118924967615e+22,3.109432841719888,0.9199554300013818,0.5756284140614266,0.00933945584897321,0.018774589166005454,0.006666666666666667,0.003211153042443972,3.9501251334376066,0.4816729563665958,0.0379918647240893,0.00933945584897321,0.018774589166005454,0.006666666666666667,0.003211153042443972,143.0
0.9389066332866868,12.5,20.0,61547196.46267107,33.0,93620864.16009688,50178801.00734672,52999999.99999999,93693054.25869378,689957.890227428,4.6730154929475285,25.538452933463805,18.63180051967219,1.5175380038348971,1,0.850030270943338,1.891545617712623e+22,3.110024688473737,0.920185377186369,0.5756342571918232,0.009346030985895058,0.018778132665733735,0.006666666666666667,0.0032106856088494192,3.9500403326790465,0.4816028413274129,0.03800151592714488,0.009346030985895058,0.018778132665733735,0.006666666666666667,0.0032106856088494192,144.0
0.9390579534628675,12.5,20.0,61549195.57766527,33.0,93652222.26389153,50213663.8678998,52999999.99999999,93724060.02744636,689564.566366437,4.6762964342754065,25.549122127119936,18.637766411490794,1.5179686034317568,1,0.8500687786381762,1.8909401988458617e+22,3.1105818709944923,0.9204173587430798,0.5756191217201541,0.009352592868550813,0.01878115906925735,0.006666666666666667,0.003210251448383511,3.9499536541496325,0.4815377172575267,0.03801067005285834,0.009352592868550813,0.01878115906925735,0.006666666666666667,0.003210251448383511,145.0
0.939157565216882,12.5,20.0,61547493.42577707,33.0,93691419.03911838,50238646.268304795,52999999.99999999,93746301.93929225,689168.4274209678,4.678657515083252,25.560398420745205,18.64390980713421,1.5182938740289125,1,0.8500359911256612,1.8895646260823373e+22,3.1111056275329956,0.9206513439182022,0.5755847324010659,0.009357315030166504,0.01878315130433764,0.006666666666666667,0.003209849419520642,3.949862933802442,0.4814774129280963,0.03801698242069145,0.009357315030166504,0.01878315130433764,0.006666666666666667,0.003209849419520642,146.0
0.9392887189756701,12.5,20.0,61541653.67966555,33.0,93716624.44275658,50253588.60144136,52999999.99999999,93759062.58580664,688710.6586411668,4.6800889781987145,25.575452499504383,18.65092399240401,1.5185455367778944,1,0.8499235063822626,1.888844803569113e+22,3.1115984656629827,0.9208876995349552,0.5755667368382353,0.009360177956397429,0.0187857743795134,0.006666666666666667,0.0032094779887686577,3.9497651182787052,0.4814216983152987,0.038022096991346156,0.009360177956397429,0.0187857743795134,0.006666666666666667,0.0032094779887686577,147.0
0.93945603533788,12.5,20.0,61538553.62279461,33.0,93728273.81251037,50273412.30593352,52999999.99999999,93776322.30922136,688301.7796076708,4.681970805512487,25.588486514511953,18.657514784503874,1.5188348387144734,1,0.8498637950354841,1.8903746759238617e+22,3.1120599603319725,0.9211261263412738,0.575604983647104,0.009363941611024973,0.0187891207067576,0.006666666666666667,0.0032091371717567147,3.9496610402902235,0.4813705757635072,0.03802886615620595,0.009363941611024973,0.0187891207067576,0.006666666666666667,0.0032091371717567147,148.0
0.9396741227929006,12.5,20.0,61540171.24713424,33.0,93733480.20087434,50302925.25940882,52999999.99999999,93801933.6710093,687907.9553552923,4.6847537159800146,25.59994100048676,18.66375295369498,1.5192497525946898,1,0.8498949525505672,1.8930987752141785e+22,3.1124898382091186,0.9213658269301497,0.575673086129362,0.00936950743196003,0.01879348245585801,0.006666666666666667,0.0032088268660237216,3.949557506896242,0.48132402990355827,0.03803848342050843,0.00936950743196003,0.01879348245585801,0.006666666666666667,0.0032088268660237216,149.0
0.9398875923761624,12.5,20.0,61544842.30692307,33.0,93750058.28163978,50339773.840857856,52999999.99999999,93833949.01898105,687514.9845005799,4.6882197709645075,25.610382757877883,18.669789192083332,1.5197561133642996,1,0.8499849249547298,1.895199724202833e+22,3.1128880481445025,0.921606292834499,0.5757256098540784,0.009376439541929014,0.018797751847523247,0.006666666666666667,0.0032085467912517152,3.9494570357628764,0.4812820186877573,0.03804940484737064,0.009376439541929014,0.018797751847523247,0.006666666666666667,0.0032085467912517152,150.0
