H98,Ip_MA,P_ECRH_MW,P_LH,P_LH_prefactor,P_NBI_MW,P_SOL_total,P_alpha_total,P_aux_total,P_heat_total,P_ohmic_e,Q_fusion,T_e0,T_i0,T_ped_H,base_ecrh,base_ip,base_nbi,beta_N,confinement_mode,fgw_n_e_line_avg,gas_puff,hysteresis,j0_MA_m2,li3,n_e_ped_fGW,p_fusion_gain,p_h98,p_q95,p_q_min,q95,q_min,r_bench,r_fusion_gain,r_h98,r_q95,r_q_min,res_ecrh,res_ip,res_nbi,t
0.6430572130744351,3.0823904439806937,0.0,46655796.62113375,1.0,13.347900331020355,16770254.14533888,25314.103241741715,13347900.331020353,13383413.57565298,269560.7602200076,0.009294722074890014,6.9613970762167146,4.469395856210979,3.0,-1.0,0.107024185359478,-1.0,0.33951073885929445,0,0.695046423298752,0.0,0.8,0.3949172196311543,0.9057322970047622,0.6,0.0,0.0,0.006666666666666667,0.006666666666666667,15.781664709890226,3.58530867119483,0.013333333333333334,0.0,0.0,0.006666666666666667,0.006666666666666667,-0.49072209000587463,0.3049280345439911,0.40448182821273804,1.0
0.5489639202834771,3.1091226529330016,0.0,54735739.052404396,1.0,0.0,5880742.342840491,5820.960387199125,0.0,436360.66624423466,581138.0468430271,0.0500824237788241,4.094953666735315,3.328801632680136,3.0,-1.0,0.027411719784140587,-1.0,0.20353086364310932,0,0.6387238030867184,0.0,0.8,0.42400938899016016,0.8890823193202173,0.6,0.0,0.0,0.006666666666666667,0.006666666666666667,15.677525314320116,3.383786650757949,0.013333333333333334,0.0,0.0,0.006666666666666667,0.006666666666666667,-0.38741952180862427,0.10624932497739792,-0.33043673634529114,2.0
0.5147804016729105,3.040994341298938,0.0,61649242.31845796,1.0,0.0,3080397.0458463253,2174.2743801945435,0.0,709834.3787996327,816827.8906364564,0.013309256485476548,3.031833556987042,2.787690664213306,3.0,-1.0,0.2498287558555603,-1.0,0.1524749979115902,0,0.6090634635189934,0.0,0.8,0.4588040286481481,0.9136597168062873,0.6,0.0,0.0,0.006666666666666667,0.006666666666666667,15.91542635487276,3.150562062962026,0.013333333333333334,0.0,0.0,0.006666666666666667,0.006666666666666667,-0.5128236413002014,-0.5904703140258789,-0.28851228952407837,3.0
0.47736279813978244,3.1460859309881926,0.0,70067796.76062426,1.0,0.0,2066126.1930988901,1111.314429386542,0.0,974059.7809917952,1063705.9612455717,0.005223785848135691,2.6127598486360117,2.4809145289713452,3.0,-1.0,0.9473088979721069,-1.0,0.12249546716391492,0,0.5609541852201846,0.0,0.8,0.49177324531167066,0.8644886838794743,0.6,0.0,0.0,0.006666666666666667,0.006666666666666667,15.574769467130826,2.9523494780910466,0.013333333333333334,0.0,0.0,0.006666666666666667,0.006666666666666667,-0.536302387714386,-0.42185094952583313,-0.24570485949516296,4.0
0.4817120135681962,3.1998450767248867,0.0,65921706.817881316,1.0,0.0,1478144.8464806308,737.1522474262165,0.0,1158772.5959368255,1248403.518703341,0.002952379724913798,2.345511727164492,2.2489235394913556,3.0,-1.0,0.7746602892875671,-1.0,0.11362733215175227,0,0.5730767488448879,7.809162955963078e+21,0.8,0.5208333588741275,0.8473613974478085,0.6,0.0,0.0,0.006666666666666667,0.006666666666666667,15.353380280905597,2.793707825689226,0.013333333333333334,0.0,0.0,0.006666666666666667,0.006666666666666667,-0.6028277277946472,-0.5058645606040955,-0.3090333342552185,5.0
0.4964763712363898,3.2536462556570767,0.0,56067957.882320486,1.0,0.0,1196933.0644277062,621.8613598002177,0.0,1295994.009527737,1396328.459871508,0.002226773204412799,2.175557578617673,2.0999468904241936,3.0,-1.0,0.8584246635437012,-1.0,0.1143865691141786,0,0.6158472139944893,1.3193813186985492e+22,0.8,0.5453858946950335,0.8335002513305301,0.6,0.0,0.0,0.006666666666666667,0.006666666666666667,15.136976775340825,2.670332172334817,0.013333333333333334,0.0,0.0,0.006666666666666667,0.006666666666666667,-0.5877694487571716,-0.5894187688827515,-0.31095266342163086,6.0
0.48978627705401484,3.2985339771956204,0.0,51260266.300117545,1.0,0.0,1223930.8587707854,611.4040745429992,0.0,1365587.5946604037,1474085.0733493543,0.0020738425671516744,2.1271930278439215,2.0482808854654504,3.0,-1.0,0.9478924870491028,-1.0,0.1160840479959991,0,0.6393487621131826,1.0024370388087633e+22,0.8,0.5665892682699636,0.8258873295025013,0.6,0.0,0.0,0.006666666666666667,0.006666666666666667,14.947237775805393,2.5722773029414725,0.013333333333333334,0.0,0.0,0.006666666666666667,0.006666666666666667,-0.528310239315033,-0.7234538793563843,-0.3063703775405884,7.0
0.46447781550380784,3.3403101097792387,0.0,54258793.96310072,1.0,0.0,1422635.0257759471,639.2997395988483,0.0,1387481.0430889442,1492766.3436102734,0.002141325540783065,2.182052822665278,2.080587142362236,3.0,-1.0,1.0,-1.0,0.1136968065602702,0,0.6172370314692666,2.1546179654511105e+21,0.8,0.5863327167725776,0.8219404713504684,0.6,0.0,0.0,0.006666666666666667,0.006666666666666667,14.765475096265677,2.4883653480220977,0.013333333333333334,0.0,0.0,0.006666666666666667,0.006666666666666667,-0.4747602641582489,-0.7911193370819092,-0.3069652318954468,8.0
0.45272549358878283,3.364615071937442,0.0,59293859.35257221,1.0,0.0,1496448.725215735,653.0428161051047,0.0,1387648.4272511033,1486897.66736346,0.0021959911244700003,2.2493858504639364,2.1222218361032867,3.0,-1.0,0.8910209536552429,-1.0,0.11039153004849106,0,0.5881497144439554,0.0,0.8,0.6045999499544225,0.8254016755858666,0.6,0.0,0.0,0.006666666666666667,0.006666666666666667,14.638717393525171,2.4162411410392495,0.013333333333333334,0.0,0.0,0.006666666666666667,0.006666666666666667,-0.4782126843929291,-0.7694961428642273,-0.3232593536376953,9.0
0.44477433172248754,3.4257339131087066,0.0,62303789.57050812,1.0,0.0,1489194.6522994773,648.59803866775,0.0,1439882.8560810385,1536984.3742725817,0.0021099695270964417,2.278859601148206,2.135879276697582,3.0,-1.0,1.0,-1.0,0.10739145029214701,0,0.5682356077954115,2.3700571112089227e+21,0.8,0.6208731609689241,0.8168622472602165,0.6,0.0,0.0,0.006666666666666667,0.006666666666666667,14.406697267078556,2.355158373375149,0.013333333333333334,0.0,0.0,0.006666666666666667,0.006666666666666667,-0.49232587218284607,-0.6944057941436768,-0.31518253684043884,10.0
0.45757798771333186,3.464098359271884,0.0,57777748.04231087,1.0,0.0,1350082.302922226,647.3819788977669,0.0,1489368.491102905,1593453.6484475227,0.002031380013872574,2.2409794986085476,2.1048763800479096,3.0,-1.0,0.8766326308250427,-1.0,0.10936623337983757,0,0.5865469146605544,8.72293555212662e+21,0.8,0.6341905283393795,0.8171150505243973,0.6,0.0,0.0,0.006666666666666667,0.006666666666666667,14.240179251943083,2.306373282084162,0.013333333333333334,0.0,0.0,0.006666666666666667,0.006666666666666667,-0.500174343585968,-0.6848104000091553,-0.32956498861312866,11.0
0.4639668816741682,3.519161153957248,0.0,51827071.23919068,1.0,0.0,1310143.2841461482,674.962183484944,0.0,1553093.4550811648,1668562.4539992244,0.002022585914800937,2.201730763899988,2.077970894510764,3.0,-1.0,1.0,-1.0,0.11291022885259208,0,0.6140719262861837,1.1413552620015731e+22,0.8,0.6452819693617918,0.8116684356248385,0.6,0.0,0.0,0.006666666666666667,0.006666666666666667,14.035123801336074,2.266410521588676,0.013333333333333334,0.0,0.0,0.006666666666666667,0.006666666666666667,-0.45740529894828796,-0.7246860265731812,-0.31980618834495544,12.0
0.46462060349885886,3.5309023510664703,0.0,48990874.08112915,1.0,0.0,1373907.092416787,728.5053718836796,0.0,1546907.8250762247,1669078.9650311817,0.002182357417313764,2.2145926517636414,2.0899230516963847,3.0,-1.0,0.8699823021888733,-1.0,0.11615159093421555,0,0.6304658662707122,8.599167362778991e+21,0.8,0.6560276950790728,0.8206494587327028,0.6,0.0,0.0,0.006666666666666667,0.006666666666666667,13.952237713396103,2.229237606304761,0.013333333333333334,0.0,0.0,0.006666666666666667,0.006666666666666667,-0.4016541540622711,-0.8112763166427612,-0.3310970067977905,13.0
0.44640767709341533,3.5681793581694365,0.0,52010521.22530279,1.0,0.0,1564284.678527056,785.84729463062,0.0,1549102.120701387,1667543.0701932258,0.0023563028406202225,2.2896288753706644,2.1466880488219386,3.0,-1.0,1.0,-1.0,0.11447307352266393,0,0.6084421136826494,2.505994108636544e+21,0.8,0.6680271727797813,0.8207705439098407,0.6,0.0,0.0,0.006666666666666667,0.006666666666666667,13.808078548030638,2.190178102181612,0.013333333333333334,0.0,0.0,0.006666666666666667,0.006666666666666667,-0.35335806012153625,-0.8136149644851685,-0.3145780563354492,14.0
0.43311859853153895,3.612928546592593,0.0,56852145.52954227,1.0,0.0,1660516.4196956004,813.2573745861943,0.0,1564236.1858355722,1676356.7084271745,0.0024256692221227088,2.3667198413986714,2.200461506321521,3.0,-1.0,1.0,-1.0,0.1109959562767372,0,0.5780678471080325,8.17571372106651e+20,0.8,0.6808335611079532,0.819797714084654,0.6,0.0,0.0,0.006666666666666667,0.006666666666666667,13.639537424729776,2.1504724891088904,0.013333333333333334,0.0,0.0,0.006666666666666667,0.006666666666666667,-0.35555121302604675,-0.7762540578842163,-0.32012033462524414,15.0
0.43489389143470997,3.6550636660307645,0.0,57433482.42987257,1.0,0.0,1590194.6802123622,815.9173520041311,0.0,1599828.0716256353,1712429.1017218467,0.0023823390737277212,2.38412091915799,2.2092098005261938,3.0,-1.0,0.9296965599060059,-1.0,0.10999425395102827,0,0.5715575631835521,5.204001950500147e+21,0.8,0.6929214340889884,0.8202463141560956,0.6,0.0,0.0,0.006666666666666667,0.006666666666666667,13.479430164228738,2.113798216261453,0.013333333333333334,0.0,0.0,0.006666666666666667,0.006666666666666667,-0.3737187683582306,-0.7190209627151489,-0.32672080397605896,16.0
0.4418242176193384,3.714653206989169,0.0,53288835.58351414,1.0,0.0,1495259.2609537416,829.5820016559036,0.0,1670207.7576054493,1791647.857890085,0.0023151368668863468,2.351871685591737,2.1856988962757287,3.0,-1.0,1.0,-1.0,0.11188253546738812,0,0.5882272129289748,1.089248931378972e+22,0.8,0.7035371408455107,0.8153381025572457,0.6,0.0,0.0,0.006666666666666667,0.006666666666666667,13.279666308676513,2.0817209776771777,0.013333333333333334,0.0,0.0,0.006666666666666667,0.006666666666666667,-0.3596043288707733,-0.7020522952079773,-0.3209921419620514,17.0
0.4484365248271289,3.762002016231418,0.0,48218118.68724458,1.0,0.0,1463064.939037277,875.3634237053332,0.0,1719447.2112536067,1853227.3738796671,0.0023617269959506993,2.3230400812975835,2.167856247582038,3.0,-1.0,1.0,-1.0,0.11564153416494694,0,0.6141834204374113,1.3247046727994746e+22,0.8,0.7132973504753106,0.8148599384101345,0.6,0.0,0.0,0.006666666666666667,0.006666666666666667,13.111852894712937,2.0525765402386638,0.013333333333333334,0.0,0.0,0.006666666666666667,0.006666666666666667,-0.31194251775741577,-0.7632559537887573,-0.32566678524017334,18.0
0.4524528900101946,3.756122125312686,0.0,45714405.574662596,1.0,0.0,1514063.604791586,946.0314861235942,0.0,1688736.6199241087,1829387.084894007,0.0025856514838639376,2.3392788667909854,2.184123201198286,3.0,-1.0,0.8028469681739807,-1.0,0.11924719754346529,0,0.6313093619609367,1.0410362640512491e+22,0.8,0.7235598909325996,0.8299036826190913,0.6,0.0,0.0,0.006666666666666667,0.006666666666666667,13.080696271367994,2.0232418354039328,0.013333333333333334,0.0,0.0,0.006666666666666667,0.006666666666666667,-0.25380954146385193,-0.8322464227676392,-0.3357618451118469,19.0
0.4349233307759863,3.7955712329596283,0.0,48591123.60126362,1.0,0.0,1716648.6619973388,1017.2358023739237,0.0,1692275.0594075653,1828191.7900853006,0.00278208174845377,2.4159176729775402,2.242976377669931,3.0,-1.0,1.0,-1.0,0.11738119391111329,0,0.6089037580379291,4.1484902483251524e+21,0.8,0.7356114067274081,0.8296537781911716,0.6,0.0,0.0,0.006666666666666667,0.006666666666666667,12.951223505202101,1.990880897274491,0.013333333333333334,0.0,0.0,0.006666666666666667,0.006666666666666667,-0.1985328197479248,-0.8027544617652893,-0.30634769797325134,20.0
0.4220576138297303,3.842895187065005,0.0,52964170.71993555,1.0,0.0,1817767.2134149577,1049.3822354602637,0.0,1711743.495228034,1840360.7742567093,0.002851023153012035,2.492576674556924,2.2963680372454798,3.0,-1.0,1.0,-1.0,0.11380924047429458,0,0.5793489917059624,2.367738640739335e+21,0.8,0.7488244728345362,0.8285655440806865,0.6,0.0,0.0,0.006666666666666667,0.006666666666666667,12.795502520854464,1.9569720381269515,0.013333333333333334,0.0,0.0,0.006666666666666667,0.006666666666666667,-0.19898824393749237,-0.763380229473114,-0.31063833832740784,21.0
0.4200480963118372,3.902482021972537,0.0,53939457.57399947,1.0,0.0,1767949.7840895613,1054.033020542743,0.0,1767946.5610226623,1896523.8432224835,0.00277885517840821,2.5124200967904846,2.3073215756442194,3.0,-1.0,1.0,-1.0,0.11214674589797671,0,0.5693537762875149,6.497940299546843e+21,0.8,0.7616325245921952,0.8248375486807762,0.6,0.0,0.0,0.006666666666666667,0.006666666666666667,12.611462497146123,1.9248025204878616,0.013333333333333334,0.0,0.0,0.006666666666666667,0.006666666666666667,-0.21482019126415253,-0.7020658254623413,-0.31112271547317505,22.0
0.433869634111496,3.926183868572116,0.0,49655837.15480998,1.0,0.0,1616264.6145643415,1074.6239490404214,0.0,1799606.6633264138,1938032.3513766704,0.0027724613272761232,2.476610452140912,2.282988490095514,3.0,-1.0,0.8198333382606506,-1.0,0.11509865165389503,0,0.591473454863676,1.2627185042043852e+22,0.8,0.7730352290590173,0.8318137862474645,0.6,0.0,0.0,0.006666666666666667,0.006666666666666667,12.51125637350453,1.8962519766433548,0.013333333333333334,0.0,0.0,0.006666666666666667,0.006666666666666667,-0.21023733913898468,-0.7013241052627563,-0.3226170539855957,23.0
0.43620696585500607,3.9834116946905853,0.0,45587349.3054915,1.0,0.0,1613063.9449837534,1135.1340673239313,0.0,1861363.300618679,2012231.307223916,0.002820585444746686,2.450603153440943,2.269303801471333,3.0,-1.0,1.0,-1.0,0.11816150713612017,0,0.6125146177854873,1.4332494069308653e+22,0.8,0.7837752191138904,0.8278262942154135,0.6,0.0,0.0,0.006666666666666667,0.006666666666666667,12.346688437769988,1.8697859441695674,0.013333333333333334,0.0,0.0,0.006666666666666667,0.006666666666666667,-0.14398330450057983,-0.7138608694076538,-0.30038130283355713,24.0
0.4312185428707113,4.02787797562778,0.0,43962431.05886397,1.0,0.0,1714472.7925367244,1222.6056157296623,0.0,1888188.1974094645,2046039.2849937545,0.002987737392670187,2.4671947961180134,2.28675077163404,3.0,-1.0,1.0,-1.0,0.12003771599311648,0,0.6200168463922553,1.1829570512211184e+22,0.8,0.7951089891141161,0.8286436504136955,0.6,0.0,0.0,0.006666666666666667,0.006666666666666667,12.206263474332266,1.8430123185668223,0.013333333333333334,0.0,0.0,0.006666666666666667,0.006666666666666667,-0.0859580785036087,-0.7776685953140259,-0.30604812502861023,25.0
0.4210720555816891,4.070130206272006,0.0,45105192.43851671,1.0,0.0,1859696.0439107965,1307.2687158724266,0.0,1900851.400618027,2057645.6278927058,0.0031766128680067586,2.5208512997534647,2.3292360947329165,3.0,-1.0,1.0,-1.0,0.11945906091107542,0,0.6086846597236615,7.826201233760121e+21,0.8,0.8076981527906174,0.8304838121322498,0.6,0.0,0.0,0.006666666666666667,0.006666666666666667,12.073272883562739,1.8147614860161876,0.013333333333333334,0.0,0.0,0.006666666666666667,0.006666666666666667,-0.043403688818216324,-0.7887388467788696,-0.3053916096687317,26.0
0.4179640383571698,4.080681337043643,0.0,46975015.246239275,1.0,0.0,1912474.6846005684,1363.9413261273135,0.0,1879943.025165921,2032570.340065611,0.0033552130994965188,2.5789355617895886,2.3716257581889066,3.0,-1.0,0.8186107873916626,-1.0,0.11850269875735756,0,0.5956170513566644,6.089269289027821e+21,0.8,0.8211958121437346,0.8412927372100909,0.6,0.0,0.0,0.006666666666666667,0.006666666666666667,12.008825492581055,1.785727681971244,0.013333333333333334,0.0,0.0,0.006666666666666667,0.006666666666666667,-0.03257869556546211,-0.7658551335334778,-0.31189510226249695,27.0
0.41056147675087684,4.14542746655643,0.0,48624296.790542126,1.0,0.0,1949267.752850369,1396.6969186518813,0.0,1934838.9925090359,2085515.4018564753,0.003348565341230539,2.6171210771546494,2.3980310505068094,3.0,-1.0,1.0,-1.0,0.1164031116809778,0,0.5804904196970707,6.965859017694931e+21,0.8,0.8349064900165165,0.8357947123201153,0.6,0.0,0.0,0.006666666666666667,0.006666666666666667,11.841826947603577,1.757127375195256,0.013333333333333334,0.0,0.0,0.006666666666666667,0.006666666666666667,-0.012603536248207092,-0.6762693524360657,-0.28248172998428345,28.0
0.4104944125534233,4.212280501052737,0.0,47497489.31478071,1.0,0.0,1903613.8329007193,1428.5753074282545,0.0,2006656.995332472,2162601.4319803067,0.003302909371793104,2.6144387321572684,2.3966281618208978,3.0,-1.0,1.0,-1.0,0.11646620021520615,0,0.5823011236142467,1.0867775078280783e+22,0.8,0.8479493711295255,0.8314673720504263,0.6,0.0,0.0,0.006666666666666667,0.006666666666666667,11.665123799016532,1.7303696994996371,0.013333333333333334,0.0,0.0,0.006666666666666667,0.006666666666666667,-0.010487567633390427,-0.6657348275184631,-0.28697657585144043,29.0
0.41584568630880464,4.275177885219454,0.3989490121603012,44521415.66177562,1.0,0.0,1999348.3524501505,1680.5348115488787,398949.0121603011,2386031.106645794,2156859.8709730003,0.0032876769907156673,2.6861551767148333,2.4442892467428026,3.0,-1.0,1.0,-1.0,0.12171478760957462,0,0.5966706955269728,1.4407550355431441e+22,0.8,0.8603883626780979,0.8301031177192766,0.6,0.0,0.0,0.006666666666666667,0.006666666666666667,11.49489971038597,1.7058199781569379,0.013333333333333334,0.0,0.0,0.006666666666666667,0.006666666666666667,0.01994745060801506,-0.6855130791664124,-0.2892723083496094,30.0
0.430402115785418,4.275521923229098,1.2870310246944427,41807042.382967405,1.0,0.0,2352636.3142240606,2396.2395252318956,1287031.0246944425,3043582.549675414,1943601.6681189605,0.0037086226647837384,2.9170611926067944,2.600765718995355,3.0,-1.0,0.7469800710678101,-1.0,0.13401285510934616,0,0.615709228879962,1.5073411250036872e+22,0.8,0.8723304518014294,0.847440606892288,0.6,0.0,0.0,0.006666666666666667,0.006666666666666667,11.440735895290818,1.6839252242772917,0.013333333333333334,0.0,0.0,0.006666666666666667,0.006666666666666667,0.06435155123472214,-0.7452598810195923,-0.3053973317146301,31.0
0.43530849960723833,4.332734919711948,2.959429919719696,42603697.90563389,1.0,0.0,3363295.7572292713,3995.328112684485,2959429.9197196956,4393811.447401801,1640213.2327803182,0.004343084865738817,3.443097036777282,2.8991884875343508,3.0,-1.0,1.0,-1.0,0.15028438601961447,0,0.6055782075976616,1.193156547404446e+22,0.8,0.8839563183065658,0.8494925967497572,0.6,0.0,0.0,0.006666666666666667,0.006666666666666667,11.287279889064807,1.6648668502832358,0.013333333333333334,0.0,0.0,0.006666666666666667,0.006666666666666667,0.1479714959859848,-0.7139350175857544,-0.26928865909576416,32.0
0.4411961493320103,4.387084485217929,3.734144866466522,44371301.5136263,1.0,0.0,4195163.415595695,5597.646065536003,3734144.8664665218,4971540.196142843,1450902.1754163029,0.00539787394436372,3.8448923195730034,3.1431737935869433,3.0,-1.0,1.0,-1.0,0.16152389984878995,0,0.58942634115697,1.0815923954512143e+22,0.8,0.8927219629942692,0.8534781670398345,0.6,0.0,0.0,0.006666666666666667,0.006666666666666667,11.137296819421149,1.6514997338225823,0.013333333333333334,0.0,0.0,0.006666666666666667,0.006666666666666667,0.1867072433233261,-0.7282521724700928,-0.274938702583313,33.0
0.4449904023364725,4.449861861392856,4.136185944080353,44722081.670722924,1.0,0.0,4715383.8458867315,6792.089446601809,4136185.944080353,5287238.565744704,1372505.1460639604,0.006164885029361622,4.0247115964540034,3.2680688147696277,3.0,-1.0,1.0,-1.0,0.16874824838112157,0,0.5826385209564037,1.2930655723118135e+22,0.8,0.8977151565094289,0.8548333830591055,0.6,0.0,0.0,0.006666666666666667,0.006666666666666667,10.980312937114613,1.6444707669610172,0.013333333333333334,0.0,0.0,0.006666666666666667,0.006666666666666667,0.20680929720401764,-0.6861131191253662,-0.2668484151363373,34.0
0.4523184746538385,4.503699935600162,4.690391719341278,43009614.23707228,1.0,0.0,5117051.416272078,8160.516635189503,4690391.719341277,5767904.892903176,1318148.9909659773,0.0067907642043521,4.097173549498686,3.3418066583531583,3.0,-1.0,0.9448142647743225,-1.0,0.17760950264584452,0,0.5902920327379673,1.6402951531837396e+22,0.8,0.8991234130416037,0.8584869404052917,0.6,0.0,0.0,0.006666666666666667,0.006666666666666667,10.843606537497108,1.6432993710222215,0.013333333333333334,0.0,0.0,0.006666666666666667,0.006666666666666667,0.2345195859670639,-0.675623893737793,-0.2685249447822571,35.0
0.46115286675040423,4.566223384067416,5.694069266319275,40377642.19957494,1.0,0.0,5757751.017429996,10236.139385131146,5694069.266319274,6682254.316889796,1251010.6253578844,0.007369346029696346,4.206202195227933,3.4306810192456036,3.0,-1.0,1.0,-1.0,0.19051634083951632,0,0.6047239552076064,1.8344544984243938e+22,0.8,0.8978364994056022,0.859379485797101,0.6,0.0,0.0,0.006666666666666667,0.006666666666666667,10.697971744977748,1.6467260711540181,0.013333333333333334,0.0,0.0,0.006666666666666667,0.006666666666666667,0.28470346331596375,-0.6873827576637268,-0.2627251446247101,36.0
0.46939810932313264,4.617903400585055,6.774682402610779,38152028.956507675,1.0,0.0,6625106.629098583,13011.465440851263,6774682.402610777,7651025.74329276,1167281.6713031477,0.008191591727031601,4.337597663829265,3.5599644154327925,3.0,-1.0,1.0,-1.0,0.2050937194346675,0,0.618356194876787,1.7399753942722662e+22,0.8,0.8945203944785419,0.8630112573716945,0.6,0.0,0.0,0.006666666666666667,0.006666666666666667,10.573054747276194,1.653774045356708,0.013333333333333334,0.0,0.0,0.006666666666666667,0.006666666666666667,0.33873412013053894,-0.7415999174118042,-0.26830941438674927,37.0
0.47581724035614326,4.66268261782825,7.781779170036316,37266572.45000729,1.0,0.0,7614576.4886460705,15966.563881673104,7781779.170036315,8552568.1057941,1078614.9553442916,0.009010075429904797,4.49293487742998,3.679535722939823,3.0,-1.0,1.0,-1.0,0.21814730775480076,0,0.6224186329003502,1.3728514967365269e+22,0.8,0.8898807166506599,0.8677907780797023,0.6,0.0,0.0,0.006666666666666667,0.006666666666666667,10.464723384581951,1.663333467213614,0.013333333333333334,0.0,0.0,0.006666666666666667,0.006666666666666667,0.3890889585018158,-0.7761039137840271,-0.26744502782821655,38.0
0.479978273069609,4.7063871275633575,8.53611171245575,37623868.773528054,1.0,0.0,8504936.550324416,18735.54768862142,8536111.712455748,9219442.082220659,1004801.4556375183,0.009818529609553865,4.635052476780828,3.791742059017224,3.0,-1.0,1.0,-1.0,0.227366897159666,0,0.6163540797615982,9.244788387295233e+21,0.8,0.8842194950464662,0.8721115472824585,0.6,0.0,0.0,0.006666666666666667,0.006666666666666667,10.363246191317828,1.6749039064774554,0.013333333333333334,0.0,0.0,0.006666666666666667,0.006666666666666667,0.4268055856227875,-0.7814774513244629,-0.26209861040115356,39.0
0.48588496755160526,4.733837248012423,9.02666449546814,38510346.01426665,1.0,0.0,9124609.362133395,21589.691828641335,9026664.495468138,9642274.982889408,939154.4162070263,0.010831870426297002,4.749023253793365,3.9164887116135954,3.0,-1.0,0.9076130390167236,-1.0,0.2341281255584675,0,0.6073152674957442,5.973972434975595e+21,0.8,0.8776652026625615,0.8802454790188076,0.6,0.0,0.0,0.006666666666666667,0.006666666666666667,10.290034880704534,1.6882764784135393,0.013333333333333334,0.0,0.0,0.006666666666666667,0.006666666666666667,0.451333224773407,-0.7703624367713928,-0.2643071711063385,40.0
0.4892953072883976,4.791202415153384,9.471890330314636,39516506.994042106,1.0,0.0,9591180.760343883,25062.34516084921,9471890.330314636,10050102.72821391,908426.6165478432,0.01207205198509099,4.840492876479889,4.070734355827507,3.0,-1.0,1.0,-1.0,0.23846892277151047,0,0.5956603276047464,4.5109189358267584e+21,0.8,0.8703274165834762,0.8794190133246882,0.6,0.0,0.0,0.006666666666666667,0.006666666666666667,10.177277302122738,1.7033135842160783,0.013333333333333334,0.0,0.0,0.006666666666666667,0.006666666666666667,0.4735945165157318,-0.7131741642951965,-0.2423315942287445,41.0
0.4896979725098322,4.851283014938235,9.632784724235535,39658283.88244813,1.0,0.0,9859917.561845459,27650.940916607196,9632784.724235535,10210236.71181676,910258.4035422548,0.01311335853485931,4.807430958008752,4.14947386861335,3.0,-1.0,1.0,-1.0,0.2408650390835161,0,0.5906207364471832,5.378853414877472e+21,0.8,0.8615553458063525,0.8781201979148684,0.6,0.0,0.0,0.006666666666666667,0.006666666666666667,10.059474638306169,1.7211144643639036,0.013333333333333334,0.0,0.0,0.006666666666666667,0.006666666666666667,0.48163923621177673,-0.6995970010757446,-0.24118241667747498,42.0
0.48972435119388513,4.911426581069827,9.948290586471558,38818300.64218725,1.0,0.0,10112265.599442925,29953.41260027683,9948290.586471556,10524674.750811085,922200.5839087444,0.013777396131783365,4.7338026469298695,4.174142961518814,3.0,-1.0,1.0,-1.0,0.24424314146717846,0,0.5930317411157188,7.254706125440836e+21,0.8,0.8513926156523945,0.8767884279739503,0.6,0.0,0.0,0.006666666666666667,0.006666666666666667,9.94347680234431,1.7417458239999986,0.013333333333333334,0.0,0.0,0.006666666666666667,0.006666666666666667,0.4974145293235779,-0.699282169342041,-0.24086087942123413,43.0
0.4913419511477376,4.967004944011569,10.455225706100464,37457087.89796819,1.0,0.0,10472899.054054748,33007.43615088774,10455225.706100464,11023623.15450814,926686.2454686377,0.014499952332849083,4.68808103718592,4.207502186863606,3.0,-1.0,1.0,-1.0,0.24989638586475327,0,0.6000666414620027,8.648357902297078e+21,0.8,0.840377292573407,0.8765028492482073,0.6,0.0,0.0,0.006666666666666667,0.006666666666666667,9.836503759881218,1.7644586829342364,0.013333333333333334,0.0,0.0,0.006666666666666667,0.006666666666666667,0.5227612853050232,-0.7221081852912903,-0.2418254017829895,44.0
0.4939545361820509,5.016266084834934,11.050065755844116,36267392.000919394,1.0,0.0,10969363.583404105,36780.479081306345,11050065.755844116,11595835.805175886,917503.8366199504,0.01536672872346051,4.695195645124811,4.260451448089076,3.0,-1.0,1.0,-1.0,0.25684322709626894,0,0.6065994347430907,8.635029609896528e+21,0.8,0.8291766840000558,0.8775448655015355,0.6,0.0,0.0,0.006666666666666667,0.006666666666666667,9.741355222128577,1.788158376347481,0.013333333333333334,0.0,0.0,0.006666666666666667,0.006666666666666667,0.5525032877922058,-0.7536942958831787,-0.24088549613952637,45.0
0.4992124105713527,5.037960852310062,11.621204614639282,35555820.284368366,1.0,0.0,11512522.041062415,40865.16384709102,11621204.614639282,12115882.126161873,881842.6191903625,0.016342081687303125,4.751547231160003,4.3298903185335496,3.0,-1.0,0.8966603875160217,-1.0,0.2646994126207458,0,0.611218196500251,7.315142661278374e+21,0.8,0.8183055529161654,0.8852001812784364,0.6,0.0,0.0,0.006666666666666667,0.006666666666666667,9.686394620533644,1.8118867082761863,0.013333333333333334,0.0,0.0,0.006666666666666667,0.006666666666666667,0.5810602307319641,-0.7881865501403809,-0.24836620688438416,46.0
0.5003047494830876,5.084473670646548,12.191941738128662,35805597.61977564,1.0,0.0,12153844.855603639,43895.96662617725,12191941.738128662,12653714.73028545,855561.9304251785,0.01682159581681967,4.844314149414774,4.383398731992038,3.0,-1.0,1.0,-1.0,0.26958901977560806,0,0.6060779033285039,5.07150336122817e+21,0.8,0.8080533836526568,0.8853349714110277,0.6,0.0,0.0,0.006666666666666667,0.006666666666666667,9.604102228632637,1.8350125190184612,0.013333333333333334,0.0,0.0,0.006666666666666667,0.006666666666666667,0.6095970869064331,-0.7674359083175659,-0.22488915920257568,47.0
0.4996817960354489,5.1301275383681055,12.431308031082153,36321270.3695703,1.0,0.0,12574078.368268372,45719.503563003855,12431308.03108215,12878296.58661103,843153.0292487977,0.017220851134827037,4.892041446795737,4.413800708042892,3.0,-1.0,1.0,-1.0,0.2715280977471012,0,0.5988724990718425,3.8559226955273926e+21,0.8,0.7979989072292909,0.8857706318818607,0.6,0.0,0.0,0.006666666666666667,0.006666666666666667,9.5220319840823,1.8582429308394264,0.013333333333333334,0.0,0.0,0.006666666666666667,0.006666666666666667,0.6215654015541077,-0.7717306613922119,-0.22239750623703003,48.0
0.49866463618327483,5.177539123222232,12.615522146224976,36558883.03445899,1.0,0.0,12818409.266526256,47124.96158159204,12615522.146224974,13059902.55655408,843272.2498077849,0.01750712589661177,4.8987918880412185,4.4276024501061855,3.0,-1.0,1.0,-1.0,0.2725034393881932,0,0.5939755307618478,4.0814228811588924e+21,0.8,0.7878710596202894,0.8856834686349031,0.6,0.0,0.0,0.006666666666666667,0.006666666666666667,9.438963431782922,1.8821061539352664,0.013333333333333334,0.0,0.0,0.006666666666666667,0.006666666666666667,0.6307761073112488,-0.7629420757293701,-0.21960678696632385,49.0
0.498084863217066,5.225266994163394,12.82860279083252,36221999.677322,1.0,0.0,12985071.36479221,48880.445328445865,12828602.790832518,13271060.102489602,851967.0071760442,0.017864915734562784,4.874627559103566,4.434295052770512,3.0,-1.0,1.0,-1.0,0.27413955498933834,0,0.5937920540807418,5.286316728789321e+21,0.8,0.7775196658444111,0.8854604517262419,0.6,0.0,0.0,0.006666666666666667,0.006666666666666667,9.356826238266322,1.906951199508484,0.013333333333333334,0.0,0.0,0.006666666666666667,0.006666666666666667,0.641430139541626,-0.7613606452941895,-0.21753981709480286,50.0
0.4983368942018567,5.2708339463919405,13.131070137023926,35445739.37154639,1.0,0.0,13195775.166148135,51341.22495873326,13131070.137023924,13573575.827384433,860970.5071666178,0.01834658226927379,4.846223807007961,4.444058652783997,3.0,-1.0,1.0,-1.0,0.27718934595896866,0,0.5974608356955049,6.527905912640964e+21,0.8,0.7670234678558377,0.8856966400585553,0.6,0.0,0.0,0.006666666666666667,0.006666666666666667,9.278899077340407,1.932678331891517,0.013333333333333334,0.0,0.0,0.006666666666666667,0.006666666666666667,0.6565535068511963,-0.7721652388572693,-0.2150638848543167,51.0
0.4990954422781735,5.312578655406833,13.504528999328613,34609097.81823957,1.0,0.0,13500802.859341096,54338.86865528645,13504528.999328611,13939895.546090454,864109.5206444064,0.018908843931090873,4.834806047353227,4.461752875688672,3.0,-1.0,1.0,-1.0,0.28123710323630957,0,0.6020779704928151,7.03573877353998e+21,0.8,0.7566171504247379,0.8867321105999262,0.6,0.0,0.0,0.006666666666666667,0.006666666666666667,9.207382594736217,1.9588221392740857,0.013333333333333334,0.0,0.0,0.006666666666666667,0.006666666666666667,0.6752264499664307,-0.7912764549255371,-0.21115049719810486,52.0
0.49979700116933895,5.350606061145664,13.881514072418213,34037947.53394272,1.0,0.0,13875488.463203,57384.24806798232,13881514.072418213,14304188.321768198,860361.1089591515,0.019463008390029117,4.845975458433951,4.48530158290204,3.0,-1.0,1.0,-1.0,0.2852371992793634,0,0.6047826758526296,6.620144674976959e+21,0.8,0.7465358411337976,0.8884686846372379,0.6,0.0,0.0,0.006666666666666667,0.006666666666666667,9.142131621458688,1.9848467181775153,0.013333333333333334,0.0,0.0,0.006666666666666667,0.006666666666666667,0.6940757036209106,-0.8098629713058472,-0.2055983543395996,53.0
0.5000652553683395,5.3864362966269255,14.203327894210815,33839784.42711154,1.0,0.0,14252176.704998894,60009.45228996125,14203327.894210812,14612363.647694942,852826.9551951574,0.019928545133264385,4.8722870439726655,4.509348397025925,3.0,-1.0,1.0,-1.0,0.2883156918782183,0,0.6043763916211772,5.66360950445104e+21,0.8,0.7369077490504536,0.8905051362835865,0.6,0.0,0.0,0.006666666666666667,0.006666666666666667,9.081100808215329,2.010397003713603,0.013333333333333334,0.0,0.0,0.006666666666666667,0.006666666666666667,0.7101663947105408,-0.820848822593689,-0.19904956221580505,54.0
0.4997744269958619,5.421900154277682,14.449571371078491,33901115.24680826,1.0,0.0,14566436.957147859,62059.17783249473,14449571.371078491,14843603.09414133,846185.3720200093,0.020286403240720875,4.898543917697211,4.5289922408018946,3.0,-1.0,1.0,-1.0,0.29021828917576287,0,0.6017009340841836,4.7883311802156e+21,0.8,0.7277165196789633,0.8924139101453057,0.6,0.0,0.0,0.006666666666666667,0.006666666666666667,9.02178819158425,2.0354287300157208,0.013333333333333334,0.0,0.0,0.006666666666666667,0.006666666666666667,0.7224785685539246,-0.8226807117462158,-0.1924140900373459,55.0
0.502769802776819,5.427410484477877,14.639116525650024,33830851.206434205,1.0,0.0,14762323.406161927,64010.5754489094,14639116.525650026,15009156.17204336,824938.7165083531,0.02069656841188792,4.91801485546641,4.546674634729446,3.0,-1.0,0.8592051267623901,-1.0,0.2933163012991165,0,0.6019963065528482,4.448144363378882e+21,0.8,0.7188970521037165,0.9014283613950258,0.6,0.0,0.0,0.006666666666666667,0.006666666666666667,8.998173853424644,2.0600285837705217,0.013333333333333334,0.0,0.0,0.006666666666666667,0.006666666666666667,0.7319558262825012,-0.8316534757614136,-0.20112374424934387,56.0
0.5021487835720646,5.469567419216037,14.970453977584839,34023391.91306157,1.0,0.0,15066587.124223443,65779.65698609261,14970453.977584839,15332607.629842903,820535.5761416405,0.02082822509706778,4.952702617298761,4.562939819998711,3.0,-1.0,1.0,-1.0,0.29471006201634575,0,0.5977963631813453,4.0488830528092394e+21,0.8,0.7105345016831877,0.9003875157972768,0.6,0.0,0.0,0.006666666666666667,0.006666666666666667,8.93689406505992,2.0839430857072037,0.013333333333333334,0.0,0.0,0.006666666666666667,0.006666666666666667,0.7485226988792419,-0.7892153263092041,-0.1732746809720993,57.0
0.5013100897856348,5.509864748641848,15.088509321212769,33970462.111905776,1.0,0.0,15230580.114613615,67479.56837878849,15088509.321212767,15452955.90784769,826354.4793261784,0.021200171495185185,4.9503322369525895,4.571239401244804,3.0,-1.0,1.0,-1.0,0.29555720847576905,0,0.595903412993484,4.48961041654017e+21,0.8,0.7023495123831874,0.9002098764912866,0.6,0.0,0.0,0.006666666666666667,0.006666666666666667,8.87495395775568,2.1077991485576817,0.013333333333333334,0.0,0.0,0.006666666666666667,0.006666666666666667,0.7544254660606384,-0.7985133528709412,-0.17078986763954163,58.0
0.5007999515153724,5.549270130321384,15.255717039108276,33597552.43937094,1.0,0.0,15363824.236136317,69690.11109485026,15255717.039108275,15624374.349522412,836110.4245385317,0.021653883392761756,4.931500272160265,4.577830126606788,3.0,-1.0,1.0,-1.0,0.29699608753251633,0,0.5969079571625101,5.308927817843358e+21,0.8,0.6942736817454029,0.9003427457332551,0.6,0.0,0.0,0.006666666666666667,0.006666666666666667,8.814398437382868,2.131763522536105,0.013333333333333334,0.0,0.0,0.006666666666666667,0.006666666666666667,0.7627858519554138,-0.8029730916023254,-0.1669924110174179,59.0
0.5007334344906802,5.586632801219821,15.477663278579712,33033523.860474437,1.0,0.0,15533037.345194418,72581.09399250032,15477663.278579712,15848313.453189714,845259.5763137572,0.022232872947365766,4.911535442459334,4.588176138631143,3.0,-1.0,1.0,-1.0,0.2992660988636249,0,0.5998125431345517,5.927336385341332e+21,0.8,0.6863540345147396,0.9009674842288652,0.6,0.0,0.0,0.006666666666666667,0.006666666666666667,8.756889301235713,2.155712398764844,0.013333333333333334,0.0,0.0,0.006666666666666667,0.006666666666666667,0.7738831639289856,-0.8131866455078125,-0.16210418939590454,60.0
0.5007360442156167,5.621424604579806,15.729309320449829,32514786.1774828,1.0,0.0,15760828.261429321,75858.77706782057,15729309.320449827,16093787.81180776,850696.2018499863,0.022876583776100495,4.901763830173074,4.604225374979376,3.0,-1.0,1.0,-1.0,0.30186130790402704,0,0.6025618868719087,5.964827758430992e+21,0.8,0.6787062745608242,0.9021358320756113,0.6,0.0,0.0,0.006666666666666667,0.006666666666666667,8.703146789156513,2.1793177436239533,0.013333333333333334,0.0,0.0,0.006666666666666667,0.006666666666666667,0.7864654660224915,-0.8260409832000732,-0.15601703524589539,61.0
0.5006240939919452,5.654197729751468,15.96941590309143,32209382.9856293,1.0,0.0,16024535.611277584,79064.8551834981,15969415.90309143,16329757.121310536,851828.1252904148,0.023501488668167023,4.906634983024496,4.624417140601704,3.0,-1.0,1.0,-1.0,0.3041433735287026,0,0.6035210097939296,5.452450384049247e+21,0.8,0.671451181579242,0.9036670236999189,0.6,0.0,0.0,0.006666666666666667,0.006666666666666667,8.652551087776468,2.1707031856924552,0.013333333333333334,0.0,0.0,0.006666666666666667,0.006666666666666667,0.7984707951545715,-0.8361343741416931,-0.14902257919311523,62.0
0.4528408452112456,5.854197729751467,9.304255843162537,33705025.06735064,1.0,0.0,12974362.683164898,65187.232778571226,9304255.843162537,10182978.67215828,1308686.799936163,0.030711196211429658,4.149613991562465,4.418335969793774,3.0,-1.0,1.0,-1.0,0.2565539825721668,0,0.5790455757346569,4.748248425263314e+21,0.8,0.659824260357174,0.8663536320383285,0.6,0.0,0.0,0.006666666666666667,0.006666666666666667,8.430101492617391,2.1731430120601636,0.013333333333333334,0.0,0.0,0.006666666666666667,0.006666666666666667,0.46521279215812683,0.05380275100469589,-0.41733160614967346,63.0
0.42549071260609167,6.051381724327802,9.293931126594543,34072423.21393518,1.0,0.0,11689489.62717233,55672.91511744474,9293931.126594542,10482828.915032778,1609836.4322569973,0.025529210347229783,3.8866328595856805,4.2075722027829725,3.0,-1.0,1.0,-1.0,0.23397709780370357,0,0.565739742230581,8.939133278331935e+21,0.8,0.6492162854469218,0.8385127763534822,0.6,0.0,0.0,0.006666666666666667,0.006666666666666667,8.198028222102797,2.1693158707303146,0.013333333333333334,0.0,0.0,0.006666666666666667,0.006666666666666667,0.4646965563297272,-0.014080027118325233,-0.5166236162185669,64.0
0.42264229145693516,6.099334663897753,9.254565834999084,31710508.230654527,1.0,0.0,10744793.458563697,52134.317038344714,9254565.834999086,10558710.992773775,1740582.4145889753,0.0237078736252135,3.7237378531214365,4.033470315049982,3.0,-1.0,0.2999725937843323,-1.0,0.23031514950252188,0,0.5839450789678611,1.5791184832215732e+22,0.8,0.6405810934278833,0.8446687329719402,0.6,0.0,0.0,0.006666666666666667,0.006666666666666667,8.112611616988179,2.16089268284708,0.013333333333333334,0.0,0.0,0.006666666666666667,0.006666666666666667,0.4627282917499542,-0.06020789593458176,-0.5219933390617371,65.0
0.410205522412295,6.293331309035421,9.569908380508423,29755886.656540584,1.0,0.0,10735107.771996334,52080.685516820406,9569908.380508423,11071670.089223411,1969148.172043585,0.022567133317888826,3.6472768836588014,3.915669604354558,3.0,-1.0,1.0,-1.0,0.22745343733157997,0,0.592747683448493,1.900216903864351e+22,0.8,0.6347215906935566,0.8209063967384397,0.6,0.0,0.0,0.006666666666666667,0.006666666666666667,7.904632305478578,2.1481646131539156,0.013333333333333334,0.0,0.0,0.006666666666666667,0.006666666666666667,0.47849541902542114,-0.03001677431166172,-0.5182932615280151,66.0
0.3997903983115226,6.479568136110902,9.98100996017456,29980229.35745881,1.0,0.0,11075621.549100213,53937.536822366,9981009.960174559,11638772.832675014,2159633.419679443,0.022213623749079342,3.6217999035900985,3.84232723800761,3.0,-1.0,1.0,-1.0,0.22752599236431723,0,0.6013554137403672,2.0452632348944897e+22,0.8,0.6319086790566639,0.8034120783730758,0.6,0.0,0.0,0.006666666666666667,0.006666666666666667,7.7009351520288805,2.1320588157079476,0.013333333333333334,0.0,0.0,0.006666666666666667,0.006666666666666667,0.499050498008728,-0.06881586462259293,-0.512641966342926,67.0
0.389086546191808,6.662665187194944,10.128291845321655,30716781.373972956,1.0,0.0,11471744.979160689,55716.15479100293,10128291.845321655,11947548.828797137,2346561.5183710884,0.02233138665708118,3.6078362633014116,3.7886086134372468,3.0,-1.0,1.0,-1.0,0.2265886673929836,0,0.6049653349442363,2.018154960087146e+22,0.8,0.6319940043757308,0.7894351185981615,0.6,0.0,0.0,0.006666666666666667,0.006666666666666667,7.506797751926571,2.1137323562440833,0.013333333333333334,0.0,0.0,0.006666666666666667,0.006666666666666667,0.5064145922660828,-0.08451474457979202,-0.505082905292511,68.0
0.3884205801475264,6.697948503866792,10.049629211425781,31227387.44006179,1.0,0.0,11551534.3201715,57023.591211246334,10049629.21142578,11866314.92138789,2363918.9165925533,0.022968288608209948,3.601493480038307,3.7480778449067054,3.0,-1.0,0.26534199714660645,-1.0,0.22885029068620757,0,0.6157758487994399,1.918848261202419e+22,0.8,0.6347841074018908,0.801635069867764,0.6,0.0,0.0,0.006666666666666667,0.006666666666666667,7.440016780945883,2.0938188344883883,0.013333333333333334,0.0,0.0,0.006666666666666667,0.006666666666666667,0.5024814605712891,-0.08892541378736496,-0.48550596833229065,69.0
0.37609221151988015,6.8886325437575575,10.18663763999939,31366301.91964558,1.0,0.0,12003691.486672401,57899.56120971899,10186637.639999393,12171568.490872728,2539366.407272083,0.02274852380788473,3.644781809238418,3.7375803043507276,3.0,-1.0,1.0,-1.0,0.22428265395961172,0,0.6024485368555503,1.6033312852136203e+22,0.8,0.6401816205449525,0.7858500734669611,0.6,0.0,0.0,0.006666666666666667,0.006666666666666667,7.26238556662349,2.071900469082762,0.013333333333333334,0.0,0.0,0.006666666666666667,0.006666666666666667,0.5093318819999695,-0.04657980054616928,-0.4831180274486542,70.0
0.36631667586163913,7.079938662424683,10.54458498954773,31466819.632007353,1.0,0.0,12436474.646952774,59411.11727740144,10544584.989547731,12675083.506757723,2692181.6771197096,0.02244170301309642,3.708394049783817,3.7484724655436477,3.0,-1.0,1.0,-1.0,0.22077564979993672,0,0.5887914009768344,1.5543605481026133e+22,0.8,0.6475215494361052,0.773783901093816,0.6,0.0,0.0,0.006666666666666667,0.006666666666666667,7.081924984857984,2.048112084839922,0.013333333333333334,0.0,0.0,0.006666666666666667,0.006666666666666667,0.5272292494773865,-0.04346940666437149,-0.4661518335342407,71.0
0.35841329167473013,7.2738336160779,10.783140659332275,31789643.619942218,1.0,0.0,12730743.683688141,61442.043628937216,10783140.659332275,13073160.350299152,2867068.5028235978,0.022505898224358337,3.734698397975618,3.7539857204673406,3.0,-1.0,1.0,-1.0,0.21845788514957462,0,0.5813129927503566,1.7785325285659256e+22,0.8,0.6559660147350796,0.7637932597285686,0.6,0.0,0.0,0.006666666666666667,0.006666666666666667,6.905284603082313,2.0232347069125374,0.013333333333333334,0.0,0.0,0.006666666666666667,0.006666666666666667,0.5391570329666138,-0.03052523173391819,-0.4403013586997986,72.0
0.3582834638787515,7.356084373220801,10.815489292144775,32410652.26981008,1.0,0.0,12695357.795013566,64019.75716729571,10815489.292144775,13141522.935625236,2929100.734501754,0.02328907484442266,3.7095102354647578,3.7413225357381674,3.0,-1.0,0.4255228340625763,-1.0,0.22059959482259484,0,0.5905342860496817,2.152272673558792e+22,0.8,0.665016676647081,0.7713538365335104,0.6,0.0,0.0,0.006666666666666667,0.006666666666666667,6.812175644939169,1.9978977316962,0.013333333333333334,0.0,0.0,0.006666666666666667,0.006666666666666667,0.5407744646072388,-0.014269048348069191,-0.4134315252304077,73.0
0.35107188217048857,7.556084373220801,11.022604703903198,33106535.455222867,1.0,0.0,13004776.8477736,67189.96259872403,11022604.703903196,13541460.705761222,3152968.249270615,0.023699205252821966,3.690559832642168,3.728120871123919,3.0,-1.0,1.0,-1.0,0.22011650562570617,0,0.5921919143895364,2.341586952565157e+22,0.8,0.6746918764346029,0.7604402072073106,0.6,0.0,0.0,0.006666666666666667,0.006666666666666667,6.6500518152076,1.9718140123550163,0.013333333333333334,0.0,0.0,0.006666666666666667,0.006666666666666667,0.5511302351951599,0.020087366923689842,-0.3984372019767761,74.0
0.34452729273641763,7.756084373220801,11.301641464233398,33831230.26457396,1.0,0.0,13394220.883416388,70969.99326412694,11301641.464233397,14005685.504605077,3368678.7234693076,0.024188290492669875,3.682174217349668,3.718328174326711,3.0,-1.0,1.0,-1.0,0.22037523709686802,0,0.5946105160615693,2.4977486647744277e+22,0.8,0.6849779125315382,0.7519930450753787,0.6,0.0,0.0,0.006666666666666667,0.006666666666666667,6.488906190133657,1.945002335349588,0.013333333333333334,0.0,0.0,0.006666666666666667,0.006666666666666667,0.5650820732116699,0.03036624751985073,-0.37881964445114136,75.0
0.337969598345588,7.9560843732208015,11.451255083084106,34534839.09830542,1.0,0.0,13765138.62816216,74581.63437079918,11451255.083084106,14345369.774732668,3593005.4630996343,0.0247874045194324,3.6698232791165397,3.7055853694531806,3.0,-1.0,1.0,-1.0,0.22028982833429872,0,0.5965458869817106,2.6055383435430404e+22,0.8,0.6958222499029566,0.7451558852308626,0.6,0.0,0.0,0.006666666666666667,0.006666666666666667,6.33344382692373,1.91771325496549,0.013333333333333334,0.0,0.0,0.006666666666666667,0.006666666666666667,0.5725627541542053,0.047474853694438934,-0.35552430152893066,76.0
0.3363932678439322,8.044263098761439,11.196285486221313,35172763.23733264,1.0,0.0,13756909.658152018,76718.53479681615,11196285.486221313,14153939.385225674,3686418.6527504413,0.025774393578086717,3.6330333738267133,3.676275910490405,3.0,-1.0,0.3753919303417206,-1.0,0.2215106197740924,0,0.6052621455333006,2.6746206039088273e+22,0.8,0.7072324306308454,0.7535301671798476,0.6,0.0,0.0,0.006666666666666667,0.006666666666666667,6.249066046315746,1.890405642909047,0.013333333333333334,0.0,0.0,0.006666666666666667,0.006666666666666667,0.5598142743110657,0.06550169736146927,-0.33796876668930054,77.0
0.3294244966544808,8.24426309876144,11.493456363677979,35622628.89776728,1.0,0.0,14192248.758324314,79868.24804981133,11493456.363677977,14643321.40004323,3903113.4813084262,0.025937026511076548,3.6513255613892426,3.6729233132398256,3.0,-1.0,1.0,-1.0,0.22025529428672969,0,0.6011404514068238,2.5693776932428147e+22,0.8,0.7194788684319646,0.7461381996062281,0.6,0.0,0.0,0.006666666666666667,0.006666666666666667,6.109544294846131,1.8623784902909666,0.013333333333333334,0.0,0.0,0.006666666666666667,0.006666666666666667,0.5746728181838989,0.10467002540826797,-0.3171498775482178,78.0
0.3229472209295492,8.44426309876144,11.638048887252808,35999025.05959847,1.0,0.0,14571940.58043532,82917.97957455838,11638048.887252806,14980704.315294921,4116976.9062732556,0.026314771128026302,3.6704518644823154,3.6757579353974816,3.0,-1.0,1.0,-1.0,0.218652326368909,0,0.595569609737049,2.5465686651063377e+22,0.8,0.7323759704607736,0.7406627798507456,0.6,0.0,0.0,0.006666666666666667,0.006666666666666667,5.971002891593935,1.8340672879085287,0.013333333333333334,0.0,0.0,0.006666666666666667,0.006666666666666667,0.5819024443626404,0.12034343928098679,-0.2945561408996582,79.0
0.3168229157422126,8.644263098761439,11.647616624832153,36415177.70097131,1.0,0.0,14831317.05537254,85461.26827241549,11647616.624832151,15201624.171227505,4350938.571532607,0.026709058169150715,3.6710627803328797,3.671213694270786,3.0,-1.0,1.0,-1.0,0.21679137864462011,0,0.5911915598122777,2.6351764703653577e+22,0.8,0.7457463354081248,0.7363979379931088,0.6,0.0,0.0,0.006666666666666667,0.006666666666666667,5.837142149979509,1.8056879736654645,0.013333333333333334,0.0,0.0,0.006666666666666667,0.006666666666666667,0.5823808312416077,0.1401277631521225,-0.27181702852249146,80.0
0.3139775619806559,8.758650941774249,11.158961057662964,36918760.22325295,1.0,0.0,14645867.275890378,85772.0376377762,11158961.057662966,14849750.86541663,4512385.877710236,0.027365879267267034,3.6223019091195403,3.6348012267373746,3.0,-1.0,0.41980287432670593,-1.0,0.21565184497133563,0,0.5947547456114777,2.811345274119804e+22,0.8,0.7595385810530647,0.7426677354393842,0.6,0.0,0.0,0.006666666666666667,0.006666666666666667,5.75072701411625,1.7776369089534048,0.013333333333333334,0.0,0.0,0.006666666666666667,0.006666666666666667,0.5579480528831482,0.15213634073734283,-0.26928240060806274,81.0
0.30877570178383684,8.958650941774248,11.493622064590454,37441664.56814177,1.0,0.0,14931745.523887254,88741.4974259144,11493622.064590454,15396216.25931304,4754784.055446357,0.027307754609998878,3.6278242799147296,3.625311221679696,3.0,-1.0,1.0,-1.0,0.2148034096478499,0,0.5929955075928848,2.91625036189025e+22,0.8,0.7740591182283731,0.7380566245633274,0.6,0.0,0.0,0.006666666666666667,0.006666666666666667,5.629380845088438,1.749080133662401,0.013333333333333334,0.0,0.0,0.006666666666666667,0.006666666666666667,0.5746811032295227,0.19322089850902557,-0.23961298167705536,82.0
0.3037483961857504,9.15865094177425,11.452866792678833,38002987.68795664,1.0,0.0,15138051.910602044,91461.32365313613,11452866.792678833,15587010.978178654,5018917.177782165,0.02776302913429232,3.618005043363834,3.611929061533009,3.0,-1.0,1.0,-1.0,0.21378153357191,0,0.5922102097002623,3.056340210032554e+22,0.8,0.7891846194007079,0.7347001676481791,0.6,0.0,0.0,0.006666666666666667,0.006666666666666667,5.509786082297446,1.720572972987469,0.013333333333333334,0.0,0.0,0.006666666666666667,0.006666666666666667,0.5726433396339417,0.20727843046188354,-0.2256419062614441,83.0
0.29872804535719244,9.358650941774249,11.295775175094604,38596982.1126263,1.0,0.0,15271780.105130464,93532.20272150407,11295775.175094603,15682832.578780323,5306638.0341015225,0.028168255284025744,3.5973326277088002,3.590837779018987,3.0,-1.0,1.0,-1.0,0.21249316307593313,0,0.5922271337306386,3.2121360160273077e+22,0.8,0.8049564540528177,0.732131711689804,0.6,0.0,0.0,0.006666666666666667,0.006666666666666667,5.394228560631982,1.692131637659793,0.013333333333333334,0.0,0.0,0.006666666666666667,0.006666666666666667,0.5647887587547302,0.22499823570251465,-0.21373267471790314,84.0
0.29548376867947707,9.493107540532947,10.622718334197998,39186574.532409064,1.0,0.0,15029874.904905368,92915.41090006402,10622718.334197996,15222160.197321927,5547657.116159476,0.02873013406068113,3.542491683492547,3.544484952984223,3.0,-1.0,0.4426390826702118,-1.0,0.2109375220948613,0,0.5963150769943827,3.3675933414145347e+22,0.8,0.8215217680790364,0.7369171525819281,0.6,0.0,0.0,0.006666666666666667,0.006666666666666667,5.310646719381984,1.6639822718428303,0.013333333333333334,0.0,0.0,0.006666666666666667,0.006666666666666667,0.5311359167098999,0.22964391112327576,-0.23036962747573853,85.0
0.2911656403433972,9.693107540532946,10.944269895553589,39710110.12519558,1.0,0.0,15294895.115130898,96040.32636905964,10944269.895553587,15770922.66452356,5809533.695831373,0.028662245514936183,3.5576259055866966,3.539408677829975,3.0,-1.0,1.0,-1.0,0.21034661569567717,0,0.5949218478624796,3.4412918015268806e+22,0.8,0.8392176038816466,0.7341926169910743,0.6,0.0,0.0,0.006666666666666667,0.006666666666666667,5.204908487577979,1.6354452491101075,0.013333333333333334,0.0,0.0,0.006666666666666667,0.006666666666666667,0.5472134947776794,0.2698201835155487,-0.19649353623390198,86.0
0.28698244036982024,9.893107540532947,10.840867757797241,40200646.730938554,1.0,0.0,15480561.329883715,99100.03380465783,10840867.757797241,15912606.880607516,6086737.64004143,0.02927172257255902,3.563329649843257,3.5376338814374435,3.0,-1.0,1.0,-1.0,0.20935460561471764,0,0.592961762455313,3.5428548442772885e+22,0.8,0.8578272567173651,0.7324216298725041,0.6,0.0,0.0,0.006666666666666667,0.006666666666666667,5.101067839519218,1.607085846885015,0.013333333333333334,0.0,0.0,0.006666666666666667,0.006666666666666667,0.5420433878898621,0.27967962622642517,-0.1905946284532547,87.0
0.283058032532833,10.093107540532946,10.683038234710693,40768138.323932394,1.0,0.0,15586836.498900235,102024.03701831188,10683038.234710691,16020367.149764035,6388627.137582087,0.029881102632170774,3.5532990245566087,3.527222266152989,3.0,-1.0,1.0,-1.0,0.20842542494847052,0,0.592686764716115,3.683619595171029e+22,0.8,0.8771824350735287,0.7312584520830318,0.6,0.0,0.0,0.006666666666666667,0.006666666666666667,5.000609452625794,1.5790279750036085,0.013333333333333334,0.0,0.0,0.006666666666666667,0.006666666666666667,0.5341519117355347,0.2928437888622284,-0.18492920696735382,88.0
0.2803954856879868,10.243736464902758,10.107778310775757,41359274.84417269,1.0,0.0,15398146.049227018,102913.29712357545,10107778.310775757,15678470.945653662,6658140.865582597,0.030691218310503674,3.5152179315846794,3.496504231240692,3.0,-1.0,0.45880842208862305,-1.0,0.2073699237986159,0,0.5958150208284503,3.829884300848728e+22,0.8,0.8973864108406949,0.7352482144836523,0.6,0.0,0.0,0.006666666666666667,0.006666666666666667,4.9216132035512485,1.5513929265261384,0.013333333333333334,0.0,0.0,0.006666666666666667,0.006666666666666667,0.5053889155387878,0.294336199760437,-0.21109384298324585,89.0
0.27760726109262984,10.44373646490276,10.463953018188477,41969699.83792279,1.0,0.0,15644373.038642732,108137.52642596826,10463953.018188477,16257359.98863708,6923762.923910757,0.03109595497938417,3.5318679953215995,3.4996520539855935,3.0,-1.0,1.0,-1.0,0.20788554974762674,0,0.5964696416168401,3.9135838842797215e+22,0.8,0.9186064494473307,0.7340523602284855,0.6,0.0,0.0,0.006666666666666667,0.006666666666666667,4.828963340121426,1.5238340923182274,0.013333333333333334,0.0,0.0,0.006666666666666667,0.006666666666666667,0.5231976509094238,0.3275340795516968,-0.17640076577663422,90.0
0.2750401464762446,10.643736464902759,10.425673723220825,42653175.973609366,1.0,0.0,15823168.726227487,113454.65497056655,10425673.723220825,16461536.176565941,7214528.5548741,0.032157980158609205,3.531567285408083,3.4988968451897313,3.0,-1.0,1.0,-1.0,0.20848045944168075,0,0.5985971851280089,3.984191051942918e+22,0.8,0.9405787679514112,0.7334831434890577,0.6,0.0,0.0,0.006666666666666667,0.006666666666666667,4.738255916621926,1.4967322805429448,0.013333333333333334,0.0,0.0,0.006666666666666667,0.006666666666666667,0.5212836861610413,0.3350629508495331,-0.17592328786849976,91.0
0.2723631306603447,10.843736464902758,10.344299077987671,43332144.57862409,1.0,0.0,16006528.885656016,118711.25390654293,10344299.077987673,16630672.297367897,7514298.920712168,0.03323644272500697,3.528976026780188,3.4969104243101063,3.0,-1.0,1.0,-1.0,0.20894499909645098,0,0.600642157397395,4.0122473493827405e+22,0.8,0.9633314012241531,0.7332960457783364,0.6,0.0,0.0,0.006666666666666667,0.006666666666666667,4.650414161980261,1.4700686052177667,0.013333333333333334,0.0,0.0,0.006666666666666667,0.006666666666666667,0.5172149538993835,0.3459691107273102,-0.17544656991958618,92.0
0.27040972997198504,11.00715207569301,9.980794787406921,43961465.44557589,1.0,0.0,16000712.552095182,122386.42760258932,9980794.787406921,16485127.225500561,7777497.9399241395,0.03445895094809105,3.5140321633022578,3.484719774814322,3.0,-1.0,0.46781566739082336,-1.0,0.20910575407334375,0,0.603744766995268,3.99940420143484e+22,0.8,0.9869428958566134,0.7366613139216917,0.6,0.0,0.0,0.006666666666666667,0.006666666666666667,4.577009376738856,1.443877666771387,0.013333333333333334,0.0,0.0,0.006666666666666667,0.006666666666666667,0.49903973937034607,0.34926238656044006,-0.2048812359571457,93.0
0.26811714819096955,11.207152075693012,10.332335233688354,44503338.47335564,1.0,0.0,16352605.995374471,129836.57618603119,10332335.233688353,17038738.4242676,8022909.488619659,0.03536770502117955,3.5443994385335444,3.5036541934985226,3.0,-1.0,1.0,-1.0,0.21001199250252095,0,0.6031891013273535,3.9245088615294795e+22,0.8,1.0114939538238228,0.7364491409131522,0.6,0.0,0.0,0.006666666666666667,0.006666666666666667,4.495526181053298,1.4180258697399188,0.013333333333333334,0.0,0.0,0.006666666666666667,0.006666666666666667,0.5166167616844177,0.37351009249687195,-0.17431369423866272,94.0
0.2657652662355568,11.407152075693011,10.372902154922485,44979350.94459515,1.0,0.0,16661948.699645229,137249.58874218844,10372902.154922483,17293503.386575162,8275378.272950608,0.03679952939174069,3.5699578109227286,3.5256480704484408,3.0,-1.0,1.0,-1.0,0.21046561693578816,0,0.6014726184032257,3.860726834982409e+22,0.8,1.0367417267751067,0.7366914040007255,0.6,0.0,0.0,0.006666666666666667,0.006666666666666667,4.415910866578914,1.3927053924953587,0.013333333333333334,0.0,0.0,0.006666666666666667,0.006666666666666667,0.5186451077461243,0.3804018795490265,-0.17542479932308197,95.0
0.2634199089986399,11.607152075693012,10.401285886764526,45426862.25082402,1.0,0.0,16943410.88649086,144609.7945952363,10401285.886764525,17541697.71090433,8531550.057712838,0.03819020959652314,3.5937162821233093,3.5480110583833926,3.0,-1.0,1.0,-1.0,0.21069391106504967,0,0.599327228768259,3.831274466917894e+22,0.8,1.0625649038957479,0.7372270159003282,0.6,0.0,0.0,0.006666666666666667,0.006666666666666667,4.3387424364095555,1.3679036749705193,0.013333333333333334,0.0,0.0,0.006666666666666667,0.006666666666666667,0.5200642943382263,0.3901079595088959,-0.17541930079460144,96.0
0.2617711072028626,11.779828847572208,10.24358868598938,45875907.84269026,1.0,0.0,17062068.542042345,150889.49420443055,10243588.685989378,17580895.149525695,8759466.571175117,0.03970137753178971,3.6060480757876863,3.562511810399861,3.0,-1.0,0.4661237597465515,-1.0,0.21088731560133864,0,0.5986993226210252,3.844729891552714e+22,0.8,1.0888988518463005,0.7402807412245623,0.6,0.0,0.0,0.006666666666666667,0.006666666666666667,4.2715246409838485,1.3350906263704174,0.013333333333333334,0.0,0.0,0.006666666666666667,0.006666666666666667,0.512179434299469,0.3972600996494293,-0.20272386074066162,97.0
0.27305546448201573,11.979828847572207,20.0,46324716.75621525,1.0,0.0,21595199.955628708,236728.02838118005,19999999.999999993,26166408.52158239,7669293.05272171,0.04277811289397821,4.1958850145020925,3.976362403058639,3.0,-1.0,1.0,-1.0,0.23689937801453598,0,0.5967522522868388,3.87074343913221e+22,0.8,1.1149929564995025,0.7415606192866717,0.6,0.0,0.0,0.006666666666666667,0.006666666666666667,4.19769720026237,1.3056350332406181,0.013333333333333334,0.0,0.0,0.006666666666666667,0.006666666666666667,1.0,0.22613121569156647,-0.13314159214496613,98.0
0.2754610889775489,12.179828847572207,19.97775435447693,46825198.54984369,1.0,0.0,23632506.702993274,292312.22630970436,19977754.35447693,25951823.80096956,7511824.779191214,0.053167824958020346,4.347811387887566,4.191287328079068,3.0,-1.0,1.0,-1.0,0.24676694241358413,0,0.5958162694772761,3.935698393395433e+22,0.8,1.1381975249435439,0.7423386542672918,0.6,0.0,0.0,0.006666666666666667,0.006666666666666667,4.127469176126147,1.280398475268659,0.013333333333333334,0.0,0.0,0.006666666666666667,0.006666666666666667,0.9988877177238464,0.07689385116100311,-0.17552998661994934,99.0
0.3026863952582066,12.275145496055483,20.0,47933254.11136972,1.0,33.0,43398851.29564299,800690.1296145979,52999999.99999999,56809677.42367466,5297260.525515812,0.06867304933343713,5.957553764997388,5.455502458908305,3.0,1.0,1.0,1.0,0.3292283457901519,0,0.6107918918690973,4.019373003849911e+22,0.8,1.1599182915748822,0.7496404829160237,0.6,0.0,0.0,0.006666666666666667,0.006666666666666667,4.083266862623687,1.2591646019479041,0.013333333333333334,0.0,0.0,0.006666666666666667,0.006666666666666667,0.8815554976463318,-0.5234167575836182,0.08014039695262909,100.0
-7.247600997662482e-06,12.322304437682032,20.0,57761853.93123938,1.0,29.16534148156643,-28513120.276821997,9098466.869053159,49165341.48156642,54659842.38251595,1958719.7636250893,0.8898419499007328,8.006788791955305,8.452656430461344,3.0,1.0,0.0,1.0,0.849488005301979,2,0.7892317731734941,3.803535166467963e+22,0.8,1.1767054760547133,0.7369595963881101,0.6,0.0,0.0,0.006666666666666667,0.006666666666666667,4.133887462960311,1.2437361022217026,0.013333333333333334,0.0,0.0,0.006666666666666667,0.006666666666666667,0.4808625876903534,0.23579470813274384,-0.11620177328586578,101.0
0.9649584507807987,12.122304437682033,20.0,59211478.995828055,1.0,19.83231684565544,22881788.488239266,17583040.069806047,39832316.845655434,52410077.468574256,1492302.7057265313,2.1274291524866555,10.29530602884426,10.557951944227604,3.0,1.0,0.0,1.0,1.0337771177635575,1,0.830471926503496,5.0188997029980805e+22,0.8,1.190978581571084,0.7542645573764237,0.6303841134132528,0.0,0.0,0.006666666666666667,0.006666666666666667,4.188156741229043,1.2311111504899659,0.013333333333333334,0.004254858304973312,0.019299169015615972,0.006666666666666667,0.006666666666666667,0.4535881280899048,-1.0,-0.3990207016468048,102.0
0.9452575538916984,11.931065938994289,20.0,60978300.50915529,1.0,30.738697573542595,43371448.92009865,26695518.88709732,50738697.57354258,70972509.6051125,1171472.0622573346,2.571318787281199,12.5917052583968,12.191760618875477,3.0,1.0,0.0,1.0,1.2232622273461098,1,0.8791042722252531,5.40946117292816e+22,0.8,1.2023808394384514,0.7717891151613688,0.6401481501615048,0.0,0.0,0.006666666666666667,0.006666666666666667,4.244568471440145,1.221282714096123,0.013333333333333334,0.005142637574562399,0.018905151077833967,0.006666666666666667,0.006666666666666667,0.19607003033161163,-0.9561924934387207,-0.0685243159532547,103.0
0.9318525914733123,11.782082925364374,20.0,61706941.66779114,1.0,30.13836720585823,59535396.32924572,31054609.57936111,50138367.20585822,73946454.96854775,1015176.311553631,3.035430924623096,14.053672775545953,12.966756235972968,3.0,1.0,0.0,1.0,1.3272874272723918,1,0.9050913401154033,4.827375728423098e+22,0.8,1.2114930390116843,0.7851811393587547,0.6255960140488783,0.0,0.0,0.006666666666666667,0.006666666666666667,4.29379120922185,1.2134769628733122,0.013333333333333334,0.006070861849246192,0.018637051829466247,0.006666666666666667,0.006666666666666667,0.2308415323495865,-0.7449150681495667,-0.08671614527702332,104.0
0.9206616487525251,11.650982831045985,20.0,61232214.01100691,1.0,30.47535891830921,71109212.00472936,33173964.069148317,50475358.918309204,76187336.32581145,920488.5931504264,3.2273000325319585,15.19254114155805,13.668665794588396,3.0,1.0,0.0,1.0,1.372664290964546,1,0.9054698940493017,3.725548926115032e+22,0.8,1.2187772002768222,0.7971216985250916,0.5980503439911766,0.0064546000650639165,0.0184132329750505,0.006666666666666667,0.006666666666666667,4.33697319397469,1.2072300524240966,0.038201166373447754,0.0064546000650639165,0.0184132329750505,0.006666666666666667,0.006666666666666667,0.23520885407924652,-0.6555004715919495,-0.07650427520275116,105.0
0.9040450610716987,11.537615178152919,20.0,59831224.96644399,1.0,31.5785574875772,79627077.28191829,33236272.065006237,51578557.48757719,77684231.29877189,858704.086839573,3.169146430142872,16.15620707953143,14.313082672432133,3.0,1.0,0.0,1.0,1.3718457593637985,1,0.8853212872667267,2.6161510451289984e+22,0.8,1.224594236960858,0.8074905031223023,0.5703153969665258,0.006338292860285743,0.018080901221433975,0.006666666666666667,0.006666666666666667,4.374107001835767,1.2022077342650341,0.037752527415053055,0.006338292860285743,0.018080901221433975,0.006666666666666667,0.006666666666666667,0.25171926617622375,-0.566838264465332,-0.04307401552796364,106.0
0.8906659842834472,11.441676602885128,20.0,58014074.00438237,1.0,33.0,83856060.65380125,32075666.427919846,52999999.99999999,78330625.2241197,814136.5819172253,2.980226801473755,16.968636833763014,14.914016690078894,3.0,1.0,0.0,1.0,1.3462908256583375,1,0.8551571579371818,1.909725299794465e+22,0.8,1.229274480190523,0.8162086243837815,0.5526547533331625,0.00596045360294751,0.017813319685668946,0.006666666666666667,0.006666666666666667,4.405476068825896,1.198121842124828,0.03710710662194979,0.00596045360294751,0.017813319685668946,0.006666666666666667,0.006666666666666667,0.2755163908004761,-0.47969287633895874,0.01026034727692604,107.0
0.8898554189372813,11.360041300579905,20.0,56517076.465970024,1.0,33.0,82680579.62945233,30474766.550157197,52999999.99999999,77056633.17137253,784012.4531007941,2.8330692672595674,17.569405762589657,15.217846530533967,3.0,1.0,0.0,1.0,1.3188417305476239,1,0.8304638253939125,1.8065821410508279e+22,0.8,1.2331012900324605,0.8235179683244018,0.5500761743645716,0.005666138534519135,0.017797108378745624,0.006666666666666667,0.006666666666666667,4.4323548481338335,1.1947075197149015,0.03679658024659809,0.005666138534519135,0.017797108378745624,0.006666666666666667,0.006666666666666667,0.29535743594169617,-0.4081765115261078,0.07266479730606079,108.0
0.9038779898985669,11.284100345894695,20.0,55910930.32327625,1.0,33.0,78588206.37448648,29474919.840256885,52999999.99999999,76155312.0206147,763056.8314511627,2.741187125265367,17.953264708261212,15.202477165690897,3.0,1.0,0.0,1.0,1.3123441985972917,1,0.8235734769295154,2.1973056331725773e+22,0.8,1.2362721610464558,0.8303441044826326,0.5598442616676154,0.005482374250530734,0.01807755979797134,0.006666666666666667,0.006666666666666667,4.4575769926790345,1.191755011845873,0.036893267381835404,0.005482374250530734,0.01807755979797134,0.006666666666666667,0.006666666666666667,0.3038771450519562,-0.3797047734260559,0.12245559692382812,109.0
0.9273680382991123,11.20978667549789,20.0,56169973.63328166,1.0,33.0,74740654.73567113,29717302.261784777,52999999.99999999,76257013.71461095,745990.1496655849,2.764606455200792,18.271817785160774,15.247448313158817,3.0,1.0,0.0,1.0,1.3321579958908747,1,0.8343952165870552,2.725836094582268e+22,0.8,1.238971787011938,0.8370584198546706,0.5730575232028576,0.005529212910401584,0.018547360765982245,0.006666666666666667,0.006666666666666667,4.483203098504032,1.189144056880532,0.037409907009717164,0.005529212910401584,0.018547360765982245,0.006666666666666667,0.006666666666666667,0.30710646510124207,-0.37156835198402405,0.14817936718463898,110.0
0.9465430105803949,11.13669159822166,20.0,56752884.05076524,1.0,33.0,73616065.89850932,30632582.30172827,52999999.99999999,76935060.68028033,729594.3046334587,2.8506247532829936,18.56452812121413,15.359290006931529,3.0,1.0,0.0,1.0,1.363683943317272,1,0.8520525885651732,3.037931762841164e+22,0.8,1.2413049912481326,0.8436467220965507,0.5808599149093301,0.005701249506565987,0.0189308602116079,0.006666666666666667,0.006666666666666667,4.509645998240894,1.186808158578442,0.03796544305150722,0.005701249506565987,0.0189308602116079,0.006666666666666667,0.006666666666666667,0.3047766089439392,-0.3654753863811493,0.1531228870153427,111.0
0.9543994304330042,11.065263138338924,20.0,57077892.900040194,1.0,33.0,75119720.07707009,31425208.866119582,52999999.99999999,77559992.2961219,712447.3182231754,2.925319030795475,18.85789686629638,15.51770992441494,3.0,1.0,0.0,1.0,1.388793338885409,1,0.8644098317991564,2.9968799915377e+22,0.8,1.2433417999186602,0.8500759212752546,0.5798336206267435,0.00585063806159095,0.019087988608660084,0.006666666666666667,0.006666666666666667,4.536242602636711,1.184697601629807,0.03827196000358437,0.00585063806159095,0.019087988608660084,0.006666666666666667,0.006666666666666667,0.30154159665107727,-0.35714229941368103,0.1515239030122757,112.0
0.9532759503260172,10.996266869828105,20.0,56876387.89121204,1.0,33.0,77598637.06771225,31588312.773348436,52999999.99999999,77709861.33415423,694687.4004231532,2.9414746879687996,19.160653234868285,15.695571152392628,3.0,1.0,0.0,1.0,1.3976781585358968,1,0.8655537020729489,2.7086833555545713e+22,0.8,1.2451485301545655,0.8563091695470378,0.5726287047271652,0.0058829493759376,0.019065519006520343,0.006666666666666667,0.006666666666666667,4.562023178397265,1.1827606794943495,0.03828180171579128,0.0058829493759376,0.019065519006520343,0.006666666666666667,0.006666666666666667,0.30123740434646606,-0.3449813425540924,0.15666145086288452,113.0
0.9499764456913269,10.930367932841182,20.0,56239934.32421056,1.0,33.0,79512353.32201903,31100160.779303677,52999999.99999999,77567538.36726627,676492.2062185871,2.8970001113169404,19.480881365664505,15.867833682455375,3.0,1.0,0.0,1.0,1.3922494768269218,1,0.857212166120952,2.397609314095593e+22,0.8,1.246795919881392,0.8623085442137078,0.5648518536906908,0.005794000222633881,0.018999528913826537,0.006666666666666667,0.006666666666666667,4.586329230274676,1.1809428275735576,0.03812686246979375,0.005794000222633881,0.018999528913826537,0.006666666666666667,0.006666666666666667,0.3045494854450226,-0.3294946849346161,0.1739046275615692,114.0
0.9498684532538585,10.86752211265266,20.0,55495274.601152025,1.0,33.0,79621123.96166638,30342097.674901076,52999999.99999999,76961713.46117474,659480.345307209,2.8272821018434064,19.791351781739788,16.017611258421542,3.0,1.0,0.0,1.0,1.3817798995609971,1,0.846289464794081,2.253365991676553e+22,0.8,1.2483472175785992,0.8680859929899917,0.5612457706302147,0.005654564203686813,0.01899736906507717,0.006666666666666667,0.006666666666666667,4.609152089793954,1.179196327053731,0.03798526660209732,0.005654564203686813,0.01899736906507717,0.006666666666666667,0.006666666666666667,0.30921486020088196,-0.3142291009426117,0.20024089515209198,115.0
0.9562443043939194,10.806904409453272,20.0,54969053.11178113,1.0,33.0,78322522.12652397,29776819.794468097,52999999.99999999,76489638.89670235,644135.6508196101,2.7754030737200535,20.072568595605187,16.14318198963469,3.0,1.0,0.0,1.0,1.3770326293121307,1,0.8398026452347135,2.3275766957949334e+22,0.8,1.2498539043260555,0.8737155889478007,0.5631010382331743,0.005550806147440107,0.01912488608787839,0.006666666666666667,0.006666666666666667,4.631108233325149,1.1774850454108894,0.03800902556865183,0.005550806147440107,0.01912488608787839,0.006666666666666667,0.006666666666666667,0.31207239627838135,-0.303088515996933,0.22679801285266876,116.0
0.9676586574383218,10.747789994999767,20.0,54788835.423395,1.0,33.0,76656928.76292008,29633795.57062549,52999999.99999999,76346604.86266336,630500.4875615129,2.7627744754590147,20.319844188319117,16.250292711075883,3.0,1.0,0.0,1.0,1.3828354954100128,1,0.8405630082665567,2.5315237911006634e+22,0.8,1.2513437811704062,0.8792380000678139,0.5681997156158175,0.005525548950918029,0.019353173148766434,0.006666666666666667,0.006666666666666667,4.652921753084047,1.1757915737962712,0.0382120554330178,0.005525548950918029,0.019353173148766434,0.006666666666666667,0.006666666666666667,0.31197336316108704,-0.29557207226753235,0.24640890955924988,117.0
0.9795326055120352,10.689929554983973,20.0,54845089.18770036,1.0,33.0,75659600.0550847,29809604.549244802,52999999.99999999,76459447.28601602,618139.9995036845,2.779805915453304,20.536655743341814,16.318075664745177,3.0,1.0,0.0,1.0,1.3962153001395083,1,0.8463230887017593,2.7202636257695283e+22,0.8,1.2528227125315283,0.8846430182581249,0.5729182114825391,0.005559611830906608,0.019590652110240706,0.006666666666666667,0.006666666666666667,4.674954098077563,1.1741060707599726,0.03848359727448065,0.005559611830906608,0.019590652110240706,0.006666666666666667,0.006666666666666667,0.3095889389514923,-0.28930220007896423,0.25739189982414246,118.0
0.9881932535330077,10.633275250717997,20.0,54919993.37831225,1.0,33.0,75685034.2728907,30083646.250888072,52999999.99999999,76665744.88026148,606062.0976117607,2.805992930063436,20.74027078377512,16.39531379997848,3.0,1.0,0.0,1.0,1.4106131948492262,1,0.8524534165866099,2.7938018517343416e+22,0.8,1.2543010148331617,0.8899289359849503,0.5747566671316594,0.0056119858601268715,0.019763865070660153,0.006666666666666667,0.006666666666666667,4.697124298369683,1.1724192373586642,0.03870918426412036,0.0056119858601268715,0.019763865070660153,0.006666666666666667,0.006666666666666667,0.30665960907936096,-0.28327152132987976,0.26318269968032837,119.0
0.9925936514553514,10.577955709025264,20.0,54846924.879024245,1.0,33.0,76418190.216907,30209041.03501039,52999999.99999999,76765489.87457171,593902.9388189958,2.8183281472797352,20.938846314056438,16.479483120943943,3.0,1.0,0.0,1.0,1.420284711492187,1,0.8553218393465123,2.7447335200021434e+22,0.8,1.2557952032802828,0.8950953746427532,0.5735299588383544,0.00563665629455947,0.01985187302910703,0.006666666666666667,0.006666666666666667,4.719083055156625,1.1707177341785358,0.038821862656999835,0.00563665629455947,0.01985187302910703,0.006666666666666667,0.006666666666666667,0.3040602207183838,-0.2765977084636688,0.268522709608078,120.0
0.9945089864353225,10.524059621617198,20.0,54589707.53852354,1.0,33.0,77196474.6950355,30089091.66959824,52999999.99999999,76672574.87675615,581655.6500118577,2.807779202096336,21.13554369207667,16.563130745739354,3.0,1.0,0.0,1.0,1.4235982514541285,1,0.8540842319951393,2.638296733071897e+22,0.8,1.2573263389075635,0.9001539729765536,0.5708690391650983,0.005615558404192672,0.01989017972870645,0.006666666666666667,0.006666666666666667,4.740502818845664,1.1689855577494412,0.03883907146623246,0.005615558404192672,0.01989017972870645,0.006666666666666667,0.006666666666666667,0.3024037182331085,-0.269480437040329,0.2766895890235901,121.0
0.9965795645997664,10.471572021767496,20.0,54226919.30188918,1.0,33.0,77508814.87887532,29793571.626503255,52999999.99999999,76434523.46906123,569528.7618519745,2.7808319687627954,21.328996657850006,16.640263626096424,3.0,1.0,0.0,1.0,1.4229000533123708,1,0.8504196722885983,2.556612093169111e+22,0.8,1.258915990454016,0.9051196786880765,0.5688269231675287,0.005561663937525591,0.01993159129199533,0.006666666666666667,0.006666666666666667,4.761265003571388,1.1672078116499385,0.03882658856285425,0.005561663937525591,0.01993159129199533,0.006666666666666667,0.006666666666666667,0.30138397216796875,-0.26243799924850464,0.2879617214202881,122.0
1.0006572221572159,10.42038346938789,20.0,53883310.436319776,1.0,33.0,77236775.23624995,29480564.761697304,52999999.99999999,76175332.5532624,557902.437872928,2.752214278359263,21.512365857894263,16.708174117140924,3.0,1.0,0.0,1.0,1.4222597738314784,1,0.8470541687331921,2.5482186473971454e+22,0.8,1.260580628489573,0.9100021232581256,0.5686170870232296,0.005504428556718526,0.02,0.006666666666666667,0.006666666666666667,4.781484894916637,1.1653746190934804,0.038837761890051864,0.005504428556718526,0.02,0.006666666666666667,0.006666666666666667,0.3002248704433441,-0.25594276189804077,0.30032408237457275,123.0
1.0069775803696908,10.370380060002208,20.0,53645636.18029126,1.0,33.0,76628995.63291883,29279977.265346505,52999999.99999999,76001873.59616709,547029.2804343235,2.734043107415217,21.67975934770264,16.768285128456835,3.0,1.0,0.0,1.0,1.424701903289262,1,0.8459069045951557,2.6071352727333037e+22,0.8,1.262329040665697,0.9147971450822966,0.5700900026566336,0.005468086214830434,0.02,0.006666666666666667,0.006666666666666667,4.8013993017270185,1.163482248710132,0.03880141954816377,0.005468086214830434,0.02,0.006666666666666667,0.006666666666666667,0.2983517646789551,-0.25001704692840576,0.3112315535545349,124.0
1.0143294652768657,10.321515722200274,20.0,53519470.75719622,1.0,33.0,76073821.74351278,29222495.352577746,52999999.99999999,75943470.20477915,536876.947444221,2.7291931299302976,21.830370575327322,16.82438764669337,3.0,1.0,0.0,1.0,1.4306337694771303,1,0.8471251162407873,2.688997180830189e+22,0.8,1.2641637537662043,0.9194888849216317,0.5721365503590556,0.005458386259860595,0.02,0.006666666666666667,0.006666666666666667,4.821197453355814,1.16153125598193,0.03879171959319393,0.005458386259860595,0.02,0.006666666666666667,0.006666666666666667,0.29565903544425964,-0.24432168900966644,0.3192979693412781,125.0
1.021069706100097,10.273799876496195,20.0,53443977.665458985,1.0,33.0,75836738.01222686,29244376.731429823,52999999.99999999,75952160.79085763,527179.4784660706,2.7317315255883,21.969002127231896,16.880044610697567,3.0,1.0,0.0,1.0,1.438186472394874,1,0.8493856764374319,2.746494856014442e+22,0.8,1.2660847282309082,0.9240630988483622,0.573573992238662,0.0054634630511766,0.02,0.006666666666666667,0.006666666666666667,4.840920487914762,1.159523389117072,0.03879679638450993,0.0054634630511766,0.02,0.006666666666666667,0.006666666666666667,0.29244786500930786,-0.23857922852039337,0.32481634616851807,126.0
1.0262702850825236,10.227247131988406,20.0,53347737.2442329,1.0,33.0,75922869.46293867,29252032.8355565,52999999.99999999,75953241.04380988,517701.6223913611,2.732930595744946,22.100746381886445,16.936091009730266,3.0,1.0,0.0,1.0,1.4449323508884604,1,0.8511097281511624,2.7587813272658033e+22,0.8,1.2680920371161282,0.9285176497352754,0.573881154019946,0.0054658611914898915,0.02,0.006666666666666667,0.006666666666666667,4.860474050173392,1.157459666334994,0.03879919452482323,0.0054658611914898915,0.02,0.006666666666666667,0.006666666666666667,0.2891542911529541,-0.23276372253894806,0.32915717363357544,127.0
1.0300969328936296,10.181853322312236,20.0,53192565.37151205,1.0,33.0,76145448.90776831,29184037.58613337,52999999.99999999,75895448.24959998,508334.5588716772,2.727055310796868,22.229030957700747,16.991301384745725,3.0,1.0,0.0,1.0,1.4494579354983674,1,0.8514380975199889,2.7365867642425556e+22,0.8,1.270186891866951,0.9328604353134754,0.5733262899443647,0.0054541106215937355,0.02,0.006666666666666667,0.006666666666666667,4.879721227043651,1.155340000113248,0.03878744395492707,0.0054541106215937355,0.02,0.006666666666666667,0.006666666666666667,0.28611794114112854,-0.22696904838085175,0.33365803956985474,128.0
1.0334089356406584,10.137596548721195,20.0,52986336.05659542,1.0,33.0,76287515.77582902,29038051.579169344,52999999.99999999,75774296.77961694,499102.96362969175,2.7138820999400908,22.35460187651178,17.043714483336796,3.0,1.0,0.0,1.0,1.4519198941605176,1,0.8505346046563126,2.7078248138427775e+22,0.8,1.272370995698921,0.9371011846530546,0.5726072411843703,0.005427764199880182,0.02,0.006666666666666667,0.006666666666666667,4.8985709508223865,1.153164027034319,0.038761097533213516,0.005427764199880182,0.02,0.006666666666666667,0.006666666666666667,0.28340017795562744,-0.22128386795520782,0.33888769149780273,129.0
1.0370778856379146,10.094446451589466,20.0,52766106.35233995,1.0,33.0,76235198.54965961,28856501.398390107,52999999.99999999,75622330.26150586,490108.24863826163,2.697368012816153,22.475969857589696,17.09199851833606,3.0,1.0,0.0,1.0,1.453549137317839,1,0.8492228902323583,2.6971327207165254e+22,0.8,1.2746452217599147,0.9412446985104241,0.572339938856214,0.005394736025632306,0.02,0.006666666666666667,0.006666666666666667,4.917017906413982,1.1509321927291647,0.03872806935896564,0.005394736025632306,0.02,0.006666666666666667,0.006666666666666667,0.2808157205581665,-0.21575048565864563,0.34455549716949463,130.0
1.041491184729635,10.05237476043403,20.0,52570816.84110702,1.0,33.0,76014677.73377116,28692272.523261897,52999999.99999999,75482458.73952195,481490.1988580434,2.68244886376357,22.589800260238984,17.135917667478342,3.0,1.0,0.0,1.0,1.45568721259933,1,0.848378416295198,2.7126749160693586e+22,0.8,1.2770085694306372,0.9452886582185401,0.5727284937400349,0.0053648977275271405,0.02,0.006666666666666667,0.006666666666666667,4.935124015175183,1.1486463572529217,0.038698231060860476,0.0053648977275271405,0.02,0.006666666666666667,0.006666666666666667,0.27809664607048035,-0.21035845577716827,0.34994029998779297,131.0
1.0463478762277345,10.01136250309646,20.0,52415140.37811739,1.0,33.0,75753968.74244359,28568546.98840551,52999999.99999999,75374769.23458016,473444.90180336783,2.671283572703019,22.690846385066862,17.17583157577053,3.0,1.0,0.0,1.0,1.458854442436464,1,0.8483376864900679,2.7451065901653995e+22,0.8,1.2794594250474867,0.9492256794018322,0.5735392855924359,0.005342567145406038,0.02,0.006666666666666667,0.006666666666666667,4.952968283582455,1.1463085137964495,0.038675900478739374,0.005342567145406038,0.02,0.006666666666666667,0.006666666666666667,0.2750864624977112,-0.20506128668785095,0.35443028807640076,132.0
1.051141481163719,9.97139026336372,20.0,52287477.49053528,1.0,33.0,75559576.25632548,28476862.7894879,52999999.99999999,75293560.07554962,465863.51709606766,2.6630882694321567,22.7801163582842,17.21378982325647,3.0,1.0,0.0,1.0,1.4627347829102202,1,0.8488464928861089,2.778352860364041e+22,0.8,1.281995760239999,0.9530503848763464,0.574370442347402,0.005326176538864314,0.02,0.006666666666666667,0.006666666666666667,4.970593893730885,1.1439207802470657,0.03865950987219765,0.005326176538864314,0.02,0.006666666666666667,0.006666666666666667,0.27179452776908875,-0.19986119866371155,0.35791632533073425,133.0
1.0555543678364803,9.93243194334209,20.0,52167925.416965686,1.0,33.0,75458361.96339492,28396831.608041983,52999999.99999999,75222865.45163271,458567.2201261988,2.6559663946016716,22.86363997833032,17.251170264789963,3.0,1.0,0.0,1.0,1.4667038365461385,1,0.8494596795807275,2.801423002641862e+22,0.8,1.2846142913417167,0.9567632498891713,0.5749471959043475,0.005311932789203343,0.02,0.006666666666666667,0.006666666666666667,4.987993513231233,1.1414862873647866,0.03864526612253668,0.005311932789203343,0.02,0.006666666666666667,0.006666666666666667,0.26833611726760864,-0.19479160010814667,0.3606954514980316,134.0
1.0594511907225614,9.89446220807731,20.0,52039570.93807064,1.0,33.0,75428250.42101225,28305508.32996678,52999999.99999999,75143916.26234336,451474.4058806633,2.647776197437558,22.943711187852344,17.288011821922314,3.0,1.0,0.0,1.0,1.470165081939932,1,0.849794744197611,2.8122294110273107e+22,0.8,1.2873118555457737,0.9603678583999405,0.5752173561139837,0.005295552394875116,0.02,0.006666666666666667,0.006666666666666667,5.005133324501414,1.1390079947569365,0.038628885728208454,0.005295552394875116,0.02,0.006666666666666667,0.006666666666666667,0.2648733854293823,-0.18984867632389069,0.36314961314201355,135.0
1.0629805648795279,9.85745446793735,20.0,51897110.74747677,1.0,33.0,75410375.77307573,28192902.425036468,52999999.99999999,75047999.0140737,444552.01887499786,2.6375843149625,23.021404958009285,17.323904574279155,3.0,1.0,0.0,1.0,1.4729076632543276,1,0.8497301476279481,2.8163345270750898e+22,0.8,1.2900855711099346,0.9638691956070259,0.5753199840151781,0.005275168629925,0.02,0.006666666666666667,0.006666666666666667,5.0219782478375805,1.136488617273421,0.03860850196325834,0.005275168629925,0.02,0.006666666666666667,0.006666666666666667,0.2614958584308624,-0.1850387006998062,0.3655586838722229,136.0
1.0664145075639704,9.821383382007479,20.0,51746892.644292295,1.0,33.0,75354007.37300672,28064733.53592939,52999999.99999999,74939166.54103877,437810.7530831351,2.6259247095288356,23.096839517677655,17.358357778575936,3.0,1.0,0.0,1.0,1.475137089714832,1,0.8494099585856713,2.8217315745161277e+22,0.8,1.2929325661580842,0.9672710730875731,0.5754549102012041,0.005251849419057672,0.02,0.006666666666666667,0.006666666666666667,5.038512639809539,1.133930864334569,0.038585182752391006,0.005251849419057672,0.02,0.006666666666666667,0.006666666666666667,0.2581925094127655,-0.18035542964935303,0.36797961592674255,137.0
1.0699606741590784,9.78622738532722,20.0,51600215.03593113,1.0,33.0,75244159.33175895,27935201.490312785,52999999.99999999,74828714.38497275,431280.1330204241,2.614124293931041,23.169627095407023,17.391128227762877,3.0,1.0,0.0,1.0,1.477254870696964,1,0.8490932208004052,2.833532402802702e+22,0.8,1.2958496455904827,0.9705746947178366,0.5757499309083685,0.005228248587862082,0.02,0.006666666666666667,0.006666666666666667,5.054745292480069,1.1313376754530604,0.038561581921195416,0.005228248587862082,0.02,0.006666666666666667,0.006666666666666667,0.2548883557319641,-0.17577998340129852,0.3702879548072815,138.0
1.0736581813918182,9.751969326660037,20.0,51465404.943078734,1.0,33.0,75101414.69536313,27816549.776127353,52999999.99999999,74726740.53711978,424979.34852518677,2.6033280794235054,23.23945049413161,17.422329928013983,3.0,1.0,0.0,1.0,1.479576770219732,1,0.8489728591645922,2.8516679867945982e+22,0.8,1.2988331524070755,0.9737790077403626,0.5762033205081658,0.005206656158847011,0.02,0.006666666666666667,0.006666666666666667,5.0706990765578634,1.1287122804435785,0.03853998949218035,0.005206656158847011,0.02,0.006666666666666667,0.006666666666666667,0.25150564312934875,-0.1712902933359146,0.37230998277664185,139.0
1.0773960221999677,9.718594435974955,20.0,51343574.3039728,1.0,33.0,74961093.43880148,27712347.756447405,52999999.99999999,74636476.69459957,418901.4211744266,2.5938709912763773,23.306438917736635,17.452321687217996,3.0,1.0,0.0,1.0,1.4821690107707124,1,0.849077076186066,2.872210803502754e+22,0.8,1.301879097810244,0.9768823670676859,0.5767168909258698,0.0051877419825527545,0.02,0.006666666666666667,0.006666666666666667,5.086394802294689,1.1260580642265223,0.03852107531588609,0.0051877419825527545,0.02,0.006666666666666667,0.006666666666666667,0.2480126917362213,-0.1668744534254074,0.3739478886127472,140.0
1.0810167287180363,9.68608726374805,20.0,51229719.782671,1.0,33.0,74848705.63753952,27617591.96399192,52999999.99999999,74554106.59221967,413017.1925233544,2.585286641311262,23.371153306879435,17.481467645689573,3.0,1.0,0.0,1.0,1.484872609635445,1,0.849292993182815,2.890669279781434e+22,0.8,1.304983430686215,0.9798842607024792,0.5771783528328367,0.005170573282622524,0.02,0.006666666666666667,0.006666666666666667,5.101840116943365,1.1233783563027964,0.03850390661595586,0.005170573282622524,0.02,0.006666666666666667,0.006666666666666667,0.24443452060222626,-0.1625358611345291,0.37522685527801514,141.0
1.083857533924273,9.654429714009165,20.0,51122653.44962986,1.0,33.0,74506395.3495405,27536970.69169756,52999999.99999999,74167631.18642886,407832.42342521786,2.577989916664313,23.403200634679383,17.511337765215135,3.0,1.0,0.0,1.0,1.4870993844541682,1,0.8495952551142468,2.9048094161251326e+22,0.8,1.3081515021404482,0.982783809943923,0.5775318562414291,0.0051559798333286255,0.02,0.006666666666666667,0.006666666666666667,5.117027750140008,1.1206690979304943,0.03848931316666196,0.0051559798333286255,0.02,0.006666666666666667,0.006666666666666667,0.2408270388841629,-0.15828774869441986,0.37625589966773987,142.0
1.0870414991215067,9.623545629903674,20.0,51013901.05550383,1.0,33.0,74417592.89376697,27449063.56842995,52999999.99999999,74095047.38228354,402522.25143313623,2.570015648249018,23.441731465431623,17.538396320002757,3.0,1.0,0.0,1.0,1.4893648000351336,1,0.8497940828953736,2.9129043138401955e+22,0.8,1.3113805028365446,0.9855941033438729,0.5777342286843057,0.005140031296498037,0.02,0.006666666666666667,0.006666666666666667,5.131970997996594,1.1179332930547083,0.03847336462983137,0.005140031296498037,0.02,0.006666666666666667,0.006666666666666667,0.23706699907779694,-0.1544204205274582,0.3769487142562866,143.0
1.0899467974479444,9.593442080542445,20.0,50896989.5977871,1.0,33.0,74362411.07102928,27347678.457402676,52999999.99999999,74009996.50075038,397228.0085702588,2.560776980128381,23.485157946588707,17.56461934188944,3.0,1.0,0.0,1.0,1.491276799904855,1,0.8497371784518817,2.9170226559327228e+22,0.8,1.3146650589498374,0.9883135322909168,0.5778371872366188,0.005121553960256761,0.02,0.006666666666666667,0.006666666666666667,5.14665249932133,1.115175210372716,0.0384548872935901,0.005121553960256761,0.02,0.006666666666666667,0.006666666666666667,0.23346570134162903,-0.15051774680614471,0.3776992857456207,144.0
1.0927621153295328,9.564108569547534,20.0,50775029.16402813,1.0,33.0,74293759.6346219,27235959.460610613,52999999.99999999,73915471.32008526,392002.12906350574,2.5505654755906684,23.53124036011968,17.590011506147338,3.0,1.0,0.0,1.0,1.4928790395050469,1,0.8494961649554438,2.9222790868950885e+22,0.8,1.3180004290841598,0.9909438160928821,0.5779685980106779,0.0051011309511813365,0.02,0.006666666666666667,0.006666666666666667,5.161056346077322,1.112398517439255,0.03843446428451467,0.0051011309511813365,0.02,0.006666666666666667,0.006666666666666667,0.22993232309818268,-0.14666755497455597,0.3784697949886322,145.0
1.0956475528271978,9.535532639548183,20.0,50655749.43951256,1.0,33.0,74192848.09422751,27123633.260043893,52999999.99999999,73819619.66302189,386894.249329899,2.540289488780694,23.578319422381526,17.614442261175085,3.0,1.0,0.0,1.0,1.4944211617378216,1,0.849251583621155,2.9323557877862124e+22,0.8,1.3213822007083051,0.9934856703592126,0.5782205155329561,0.005080578977561388,0.02,0.006666666666666667,0.006666666666666667,5.175184946527575,1.1096065723260975,0.03841391231089472,0.005080578977561388,0.02,0.006666666666666667,0.006666666666666667,0.22641447186470032,-0.1428796499967575,0.3791859745979309,146.0
1.0986417045904604,9.507702929899096,20.0,50545408.763636164,1.0,33.0,74069911.3766625,27019760.301073708,52999999.99999999,73730137.5685929,381937.9374437335,2.5307961217834665,23.625248346998305,17.63797717338342,3.0,1.0,0.0,1.0,1.496127109156112,1,0.8491509370251644,2.947324115363111e+22,0.8,1.3248060981608019,0.995938382408145,0.5785947237223785,0.005061592243566932,0.02,0.006666666666666667,0.006666666666666667,5.189053883647808,1.1068025732791622,0.03839492557690027,0.005061592243566932,0.02,0.006666666666666667,0.006666666666666667,0.2228507697582245,-0.13914854824543,0.37973082065582275,147.0
1.1016670736714924,9.48060802333057,20.0,50445230.92474117,1.0,33.0,73948924.88724336,26927495.75069938,52999999.99999999,73649951.13799608,377140.7777626636,2.5223808692575695,23.671526825312537,17.660869945812163,3.0,1.0,0.0,1.0,1.4980516323424147,1,0.849224732955534,2.964305374859822e+22,0.8,1.328267961716599,0.9983009741729623,0.5790192552097964,0.005044761738515139,0.02,0.006666666666666667,0.006666666666666667,5.202679563992463,1.1039895686638876,0.03837809507184847,0.005044761738515139,0.02,0.006666666666666667,0.006666666666666667,0.21921560168266296,-0.1354745328426361,0.38003283739089966,148.0
1.1046040157942603,9.454233871027828,20.0,50351801.237305395,1.0,33.0,73848931.84312198,26843668.525210653,52999999.99999999,73576732.18927151,372488.19427246525,2.514747713044721,23.717211605444543,17.683407930547943,3.0,1.0,0.0,1.0,1.5000809470320848,1,0.84939481621382,2.9798107157491412e+22,0.8,1.3317638450633573,1.0005736317426526,0.5794068887320294,0.005029495426089442,0.02,0.006666666666666667,0.006666666666666667,5.216069677255783,1.1011703887721431,0.038362828759422776,0.005029495426089442,0.02,0.006666666666666667,0.006666666666666667,0.21553213894367218,-0.13187076151371002,0.3801038861274719,149.0
1.1073725103229766,9.428562639281154,20.0,50260145.00300339,1.0,33.0,73773452.75216359,26762200.004301004,52999999.99999999,73505599.40868801,367957.1061544329,2.5073285034190227,23.762624856568827,17.7057686115605,3.0,1.0,0.0,1.0,1.5020375795967398,1,0.8495459364333084,2.9919143914727417e+22,0.8,1.3352901301140312,1.0027582895492124,0.5797094806251194,0.005014657006838046,0.02,0.006666666666666667,0.006666666666666667,5.229221560015453,1.0983475785539525,0.03834799034017138,0.005014657006838046,0.02,0.006666666666666667,0.006666666666666667,0.21185149252414703,-0.12835615873336792,0.38001692295074463,150.0
