H98,Ip_MA,P_ECRH_MW,P_LH,P_NBI_MW,P_SOL_total,P_alpha_total,P_aux_total,P_heat_total,P_ohmic_e,Q_fusion,T_e0,T_i0,base_ecrh,base_ip,base_nbi,beta_N,confinement_mode,fgw_n_e_line_avg,gas_puff,j0_MA_m2,li3,n_e_ped_fGW,p_fusion_gain,p_h98,p_q95,p_q_min,q95,q_min,r_bench,r_fusion_gain,r_h98,r_q95,r_q_min,res_ecrh,res_ip,res_nbi,t
0.5665928624266585,3.0,0.0,52664655.39484579,0.0,8188667.421044196,10326.7945696877,0.0,337914.07147018146,488854.7741007727,0.10562231481405987,4.336743206352002,3.8230305166442777,-1.0,0.107024185359478,-1.0,0.23320230990864357,0,0.6638020797393419,0.0,0.41148771561576775,0.9397083395805683,0.6,0.0,0.0,0.006666666666666667,0.006666666666666667,16.069714501238025,3.482386055163794,0.013333333333333334,0.0,0.0,0.006666666666666667,0.006666666666666667,-0.5102091431617737,-0.3801659941673279,-0.05269009619951248,1.0
0.6345539978125501,3.0795074582099913,0.0,54807186.01069746,15.985291600227356,13366189.548196929,16747.804576144586,15985291.60022736,16060254.667242834,285123.88452008436,0.005146704640654249,6.959170830661546,4.1647193215342115,-1.0,0.43107870221138,-1.0,0.3022338840832676,0,0.6416032384155363,0.0,0.42206447556988363,0.8967832897037313,0.6,0.0,0.0,0.006666666666666667,0.006666666666666667,15.81079833940293,3.3958396659079764,0.013333333333333334,0.0,0.0,0.006666666666666667,0.006666666666666667,-0.6212481260299683,-0.03354141116142273,0.48440277576446533,2.0
0.6257177484280553,3.1206637799739836,0.0,55522800.66917931,10.582222402095795,11248590.874236748,13947.530049174953,10582222.402095797,10707519.70416659,325325.7568701777,0.006393522103182278,6.523434931025058,3.969179245902109,-1.0,0.3740214407444,-1.0,0.28238072273718046,0,0.6329173858363457,0.0,0.4348897880638819,0.8799859949194417,0.6,0.0,0.0,0.006666666666666667,0.006666666666666667,15.634821564805108,3.3028299927697837,0.013333333333333334,0.0,0.0,0.006666666666666667,0.006666666666666667,-0.6389670968055725,-0.16823983192443848,0.320673406124115,3.0
0.6119922942766264,3.2058799758553507,0.0,56198996.76427539,12.601160287857056,12354330.341762342,15534.03100329099,12601160.28785706,12730343.874004139,336695.7142039305,0.006003325048917034,6.73325795448762,4.046129419254726,-1.0,0.5389804840087891,-1.0,0.28445728141088567,0,0.620043829129517,0.0,0.44649021405796285,0.84812482434625,0.6,0.0,0.0,0.006666666666666667,0.006666666666666667,15.31311270226109,3.223724845930268,0.013333333333333334,0.0,0.0,0.006666666666666667,0.006666666666666667,-0.6407409310340881,-0.11289950460195541,0.3818533420562744,4.0
0.5928158128785614,3.2803235724568367,0.0,57371413.25389487,11.640674382448196,12017471.013536688,14933.081379036306,11640674.382448196,11811076.39508,373775.1142526264,0.0062146340467521275,6.562895082607456,4.009865227800857,-1.0,0.512264609336853,-1.0,0.2727945016689013,0,0.606141820719534,0.0,0.45812328258454754,0.8263830628497709,0.6,0.0,0.0,0.006666666666666667,0.006666666666666667,15.017045069050628,3.1490718019490638,0.013333333333333334,0.0,0.0,0.006666666666666667,0.006666666666666667,-0.6474215388298035,-0.140046626329422,0.35274770855903625,5.0
0.5742797640721737,3.368331064283848,0.0,58842347.43355036,12.013541847467422,12243764.723019022,14940.344809535243,12013541.847467422,12217439.210909605,406939.6631314677,0.006014398393808619,6.547313063191647,4.012736279451981,-1.0,0.5692447423934937,-1.0,0.2652294576110424,0,0.5900513296136164,0.0,0.46908201493855245,0.8034417145263992,0.6,0.0,0.0,0.006666666666666667,0.006666666666666667,14.68379411326305,3.0819001974604006,0.013333333333333334,0.0,0.0,0.006666666666666667,0.006666666666666667,-0.6501308679580688,-0.1292072832584381,0.36404672265052795,6.0
0.5576035838323469,3.4597666934132576,0.0,58439766.68044389,11.878031551837921,12136072.679617375,14768.851323630954,11878031.551837921,12126487.788277479,452395.4528299271,0.005988783404678478,6.398462630243042,3.9806160329003744,-1.0,0.5885429978370667,-1.0,0.2580257066505859,0,0.5836079953473478,1.9897340772767168e+21,0.4794983149579056,0.7833371094513842,0.6,0.0,0.0,0.006666666666666667,0.006666666666666667,14.345172272524213,3.0203849198208808,0.013333333333333334,0.0,0.0,0.006666666666666667,0.006666666666666667,-0.6536859273910522,-0.1313648521900177,0.3599403500556946,7.0
0.5425619885108619,3.554375298321247,0.0,55476451.13564382,11.686037242412567,11901493.97014694,14836.399480544524,11686037.242412565,11989784.826530378,511842.6771474546,0.00608154842414597,6.118825016956863,3.9326865757590648,-1.0,0.6217836737632751,-1.0,0.25309554130564144,0,0.590359267503814,5.268135007807162e+21,0.48942539273134794,0.7656089628308728,0.6,0.0,0.0,0.006666666666666667,0.006666666666666667,14.006922951374145,2.963397167472576,0.013333333333333334,0.0,0.0,0.006666666666666667,0.006666666666666667,-0.6545268297195435,-0.14874064922332764,0.3541223406791687,8.0
0.5254487475676148,3.649624343216419,0.0,52393687.41162147,11.121954381465912,11505182.576004758,14677.668198415957,11121954.381465912,11497317.276171032,586562.2956518158,0.00626794520739796,5.758395224852634,3.8787491974391046,-1.0,0.6710296273231506,-1.0,0.24625563168134057,0,0.5988955804899524,7.196281507044367e+21,0.4991420464052864,0.7507521409313936,0.6,0.0,0.0,0.006666666666666667,0.006666666666666667,13.677856750710133,2.909034359880183,0.013333333333333334,0.0,0.0,0.006666666666666667,0.006666666666666667,-0.6516232490539551,-0.19478440284729004,0.3370289206504822,9.0
0.5064477589103682,3.7512963846325875,0.0,50649445.15285117,10.63329827785492,11179908.877123844,14340.602373319127,10633298.27785492,11089541.538455829,668891.007733136,0.006344170147462211,5.454970312633616,3.836456075106644,-1.0,0.749538004398346,-1.0,0.23771509167017899,0,0.6001804749162296,7.417165409053883e+21,0.5087971220293508,0.7367559402586327,0.6,0.0,0.0,0.006666666666666667,0.006666666666666667,13.34284044300902,2.856475983313628,0.013333333333333334,0.0,0.0,0.006666666666666667,0.006666666666666667,-0.645905077457428,-0.24117779731750488,0.32222115993499756,10.0
0.4870408625852328,3.861832024157047,0.0,49914670.941974446,10.2384412586689,10911481.765268032,13825.708825466161,10238441.258668898,10783288.958434844,758095.6855275837,0.006286392204939881,5.218687160117851,3.796470661406562,-1.0,0.8286371827125549,-1.0,0.22839631975504376,0,0.5952075875041217,7.381070425807957e+21,0.5184726788683026,0.7231128362051815,0.6,0.0,0.0,0.006666666666666667,0.006666666666666667,12.99609825152604,2.8053585463750377,0.013333333333333334,0.0,0.0,0.006666666666666667,0.006666666666666667,-0.6402534246444702,-0.27595898509025574,0.3102557957172394,11.0
0.46843549552970065,3.980493552982807,0.0,49113560.23629065,9.862083435058594,10622523.292972151,13236.813512075047,9862083.435058594,10506440.01142243,859272.8782811782,0.006173105867027923,4.996070388150057,3.748548947893404,-1.0,0.8961755633354187,-1.0,0.21941062869172692,0,0.5903494776002558,8.339552924983607e+21,0.5281901440605123,0.7101883153381243,0.6,0.0,0.0,0.006666666666666667,0.006666666666666667,12.641723450959786,2.755520326704814,0.013333333333333334,0.0,0.0,0.006666666666666667,0.006666666666666667,-0.6352115869522095,-0.30286791920661926,0.29885101318359375,12.0
0.4507145246645764,4.104900659620762,0.0,47620839.54212127,9.350011736154556,10221552.980871696,12582.359178833063,9350011.736154558,10112552.117736964,981004.8294123352,0.006089603621762516,4.738137065824589,3.6855579167961805,-1.0,0.9558001160621643,-1.0,0.21077581426703265,0,0.5896837186250717,1.0269657404932442e+22,0.5379795565579671,0.6985760685147677,0.6,0.0,0.0,0.006666666666666667,0.006666666666666667,12.288190436842957,2.7066555625355213,0.013333333333333334,0.0,0.0,0.006666666666666667,0.006666666666666667,-0.629302442073822,-0.33376458287239075,0.2833336889743805,13.0
0.4341631761398617,4.229992826282978,0.0,45616539.68709435,8.635007500648499,9670301.053966174,11802.687418304113,8635007.500648499,9537329.363667196,1125734.918919904,0.006045998813902662,4.448122932013905,3.6071432225744364,-1.0,1.0,-1.0,0.20217115130161126,0,0.5928450017524451,1.2332913679918088e+22,0.5479373534485491,0.6892950537434914,0.6,0.0,0.0,0.006666666666666667,0.006666666666666667,11.948487506008776,2.658215242522305,0.013333333333333334,0.0,0.0,0.006666666666666667,0.006666666666666667,-0.6206257343292236,-0.37453916668891907,0.2616668939590454,14.0
0.43393494194788024,4.225325663387776,0.0,42476739.60481466,7.438050538301468,8633077.951846622,10766.453985325898,7438050.538301468,8396091.437250005,1185382.322071638,0.006242556856214652,4.123877181121434,3.5088060521536315,-1.0,0.4046449661254883,-1.0,0.1981230854914716,0,0.6147304670194167,1.3763913329429054e+22,0.5582839912380453,0.7101154521196145,0.6,0.0,0.0,0.006666666666666667,0.006666666666666667,11.894404725801975,2.609197306324285,0.013333333333333334,0.0,0.0,0.006666666666666667,0.006666666666666667,-0.6146538853645325,-0.42798078060150146,0.22539547085762024,15.0
0.4223749095882416,4.341286809742451,0.0,42870975.89861427,8.271119177341461,9108667.883749072,11416.536805785063,8271119.177341461,9293470.141803615,1254490.136758561,0.005992549363160384,4.207581596985161,3.5603709613667895,-1.0,1.0,-1.0,0.19629037760336232,0,0.6030473120966109,1.081781992554571e+22,0.5690531604232638,0.7005135536215162,0.6,0.0,0.0,0.006666666666666667,0.006666666666666667,11.614629688322312,2.5608787336359247,0.013333333333333334,0.0,0.0,0.006666666666666667,0.006666666666666667,-0.5986573100090027,-0.42019426822662354,0.25063997507095337,16.0
0.41723545434166937,4.3708438411355015,0.0,42955372.52579111,6.915518581867218,8344935.549483163,10269.719716092635,6915518.58186722,8009865.002419585,1322266.1318285337,0.006233301836001224,4.048445199427727,3.489483554766126,-1.0,0.6087111234664917,-1.0,0.1888883864465193,0,0.6002589125782123,1.0208357506223528e+22,0.5803169644830075,0.712452003562727,0.6,0.0,0.0,0.006666666666666667,0.006666666666666667,11.500512156636526,2.512020512506474,0.013333333333333334,0.0,0.0,0.006666666666666667,0.006666666666666667,-0.594967246055603,-0.46092596650123596,0.20956116914749146,17.0
0.40850901257256284,4.484783901274204,0.0,43798273.85909045,7.838228657841682,8788220.095781634,10938.02277060312,7838228.657841681,8984961.264415888,1378556.9499364228,0.005933751329407258,4.177975496283095,3.544255567110035,-1.0,1.0,-1.0,0.18770572605238114,0,0.5862796541760615,1.0156574990581065e+22,0.5917922455753166,0.7046258702774922,0.6,0.0,0.0,0.006666666666666667,0.006666666666666667,11.236307757974512,2.46466883041288,0.013333333333333334,0.0,0.0,0.006666666666666667,0.006666666666666667,-0.5886860489845276,-0.43029969930648804,0.23752208054065704,18.0
0.40510974377861486,4.535140277445317,0.0,42621561.20943366,6.6575939655303955,8060781.718099972,10100.739762005154,6657593.965530395,7893159.80485009,1469692.1822930016,0.0062140913819738915,4.003039877486264,3.466521655820542,-1.0,0.7137763500213623,-1.0,0.18262897759046615,0,0.5907574928722962,1.2900644155368753e+22,0.6033055766135602,0.7124068521111043,0.6,0.0,0.0,0.006666666666666667,0.006666666666666667,11.089235447953158,2.418179456121052,0.013333333333333334,0.0,0.0,0.006666666666666667,0.006666666666666667,-0.5850521922111511,-0.461994469165802,0.20174527168273926,19.0
0.39864266170763885,4.6435478463768955,0.0,41390157.234536126,7.043090745806694,8152147.481300503,10548.320374635156,7043090.745806694,8362931.374928734,1563879.0797871728,0.006127778177674287,3.9921920971757503,3.4742578737604983,-1.0,1.0,-1.0,0.181992972904115,0,0.5919088035754471,1.4749145580909514e+22,0.6149532573692151,0.7071570503521709,0.6,0.0,0.0,0.006666666666666667,0.006666666666666667,10.849134296280026,2.3728531605862626,0.013333333333333334,0.0,0.0,0.006666666666666667,0.006666666666666667,-0.5766580104827881,-0.45796215534210205,0.21342699229717255,20.0
0.3943633524028593,4.7029626503586766,0.0,39581996.57915337,5.831195265054703,7428886.240220046,9676.929299177444,5831195.265054702,7273409.745819306,1691835.7267843685,0.006431536244948863,3.780940866582434,3.3823344479010506,-1.0,0.8026877641677856,-1.0,0.177000427669767,0,0.6011505630260884,1.6367384865820098e+22,0.6269190254109538,0.7134678744518663,0.6,0.0,0.0,0.006666666666666667,0.006666666666666667,10.6958222003681,2.327283199582095,0.013333333333333334,0.0,0.0,0.006666666666666667,0.006666666666666667,-0.5662655234336853,-0.5056137442588806,0.17670288681983948,21.0
0.3872402635575235,4.800536669790745,0.0,38893600.58102196,6.0202460289001465,7456370.8581112,9891.119060704596,6020246.0289001465,7555783.264841344,1792136.3340709477,0.006330411519273629,3.7629404093294507,3.3850264869908924,-1.0,1.0,-1.0,0.17510186432947178,0,0.5997828256317072,1.6137272260602418e+22,0.6396698884901437,0.7116294802520127,0.6,0.0,0.0,0.006666666666666667,0.006666666666666667,10.487244054851251,2.2809612579634617,0.013333333333333334,0.0,0.0,0.006666666666666667,0.006666666666666667,-0.5562520027160645,-0.5121299028396606,0.18243169784545898,22.0
0.37987748792713805,4.884516598284245,0.0,38730190.859629385,5.296954035758972,7099326.949664198,9330.444987210003,5296954.035758971,6957099.260380585,1917921.9660220076,0.006466115969911797,3.672355090397165,3.3387610369488834,-1.0,0.9594554305076599,-1.0,0.16977208816019307,0,0.5954637749092879,1.6180707134260984e+22,0.6532693213173835,0.7137099828076415,0.6,0.0,0.0,0.006666666666666667,0.006666666666666667,10.303285034530418,2.233482565916394,0.013333333333333334,0.0,0.0,0.006666666666666667,0.006666666666666667,-0.5463176369667053,-0.5395557880401611,0.1605137586593628,23.0
0.37337716698024026,4.976453401148319,0.0,38752063.91377524,5.268303394317627,7025214.47610224,9312.117755992727,5268303.394317629,7025252.02657215,2017469.5715888406,0.006390617577275839,3.6629387570212137,3.333655021754356,-1.0,1.0,-1.0,0.16671547568210973,0,0.5893522444211238,1.7087952152403395e+22,0.6677561893206855,0.7147310663008319,0.6,0.0,0.0,0.006666666666666667,0.006666666666666667,10.112560964532818,2.1852999599815757,0.013333333333333334,0.0,0.0,0.006666666666666667,0.006666666666666667,-0.538306713104248,-0.5403159856796265,0.15964555740356445,24.0
0.3692702838547065,5.066870535910129,0.0,37932317.54024774,4.9314611703157425,6771643.575056642,9153.254786737562,4931461.1703157425,6801541.499955546,2137245.853775128,0.00647449014051807,3.6046005425798495,3.3008409660109472,-1.0,1.0,-1.0,0.1641990062801242,0,0.5899425537438497,1.9217503268178636e+22,0.6828375011038423,0.7166191927319132,0.6,0.0,0.0,0.006666666666666667,0.006666666666666667,9.929339436013873,2.1371367844266693,0.013333333333333334,0.0,0.0,0.006666666666666667,0.006666666666666667,-0.5292004942893982,-0.5479143261909485,0.14943821728229523,25.0
0.37204779650754,5.07985618263483,0.0,36073468.606137134,4.286123961210251,6245458.366070649,8682.064343417653,4286123.961210251,6214237.222454662,2203622.6839078525,0.006689062623075264,3.48118478161979,3.232087983993351,-1.0,0.6334474682807922,-1.0,0.16328532681749502,0,0.6041187189341842,2.1228992519408684e+22,0.6985540750309676,0.7332244152590142,0.6,0.0,0.0,0.006666666666666667,0.006666666666666667,9.864112264856578,2.088746462775014,0.013333333333333334,0.0,0.0,0.006666666666666667,0.006666666666666667,-0.5145968794822693,-0.5685192346572876,0.1298825442790985,26.0
0.3695292692698341,5.17010083347559,0.0,35499073.01445933,5.221653163433075,6732212.762351776,10036.52102932542,5221653.163433075,7156424.1232470265,2221998.2710708543,0.006741665107263418,3.6083108482453405,3.31892768003045,-1.0,1.0,-1.0,0.16682820990378736,0,0.6032432766070118,2.0405248732571835e+22,0.7151785962037952,0.7329910791853758,0.6,0.0,0.0,0.006666666666666667,0.006666666666666667,9.698183973180875,2.0407531895010065,0.013333333333333334,0.0,0.0,0.006666666666666667,0.006666666666666667,-0.508944034576416,-0.5487767457962036,0.1582319140434265,27.0
0.3648403447138135,5.254833473265171,0.0,35241862.855042234,4.418280601501465,6495087.130355323,9752.76162904406,4418280.601501465,6470620.210799247,2343051.624331776,0.007212159751432732,3.550869673999692,3.2850748248182686,-1.0,1.0,-1.0,0.16355252258204503,0,0.6001675931232902,1.9756593411169467e+22,0.7323175475219645,0.7348417769085583,0.6,0.0,0.0,0.006666666666666667,0.006666666666666667,9.53912081541063,1.993218099311018,0.013333333333333334,0.0,0.0,0.006666666666666667,0.006666666666666667,-0.4969020485877991,-0.5763368010520935,0.13388729095458984,28.0
0.3641202318108109,5.2933558717370035,0.0,34767768.19663185,4.232504814863205,6319878.302216969,9689.661575725619,4232504.814863206,6330701.85357922,2392769.491218311,0.007312649354632059,3.522721559311333,3.2682181378988404,-1.0,0.7731364965438843,-1.0,0.1625339832930262,0,0.6018754172943096,1.9723074786511433e+22,0.7502108488188973,0.7457046796349164,0.6,0.0,0.0,0.006666666666666667,0.006666666666666667,9.444659925846738,1.9458976664805188,0.013333333333333334,0.0,0.0,0.006666666666666667,0.006666666666666667,-0.4850962162017822,-0.5805245041847229,0.12825772166252136,29.0
0.3615368329770431,5.381271673738956,0.0,34775802.76935744,4.859849318861961,6666322.391848781,10815.114423300673,4859849.318861961,6974748.810782318,2416658.0935931527,0.00743152848630953,3.6319182785504744,3.3404271324047885,-1.0,1.0,-1.0,0.1643270527244158,0,0.5964951066110696,1.934799132764951e+22,0.7687761352291388,0.7462141397041459,0.6,0.0,0.0,0.006666666666666667,0.006666666666666667,9.292149147434278,1.8996431295144247,0.013333333333333334,0.0,0.0,0.006666666666666667,0.006666666666666667,-0.47961190342903137,-0.5604209899902344,0.1472681611776352,30.0
0.3582641135063383,5.466675354540348,0.0,34489485.208841845,4.348451793193817,6512546.929284064,10779.413522823203,4348451.793193817,6563992.842636408,2522356.0585821043,0.007844356701109648,3.6025589532767017,3.3235936903669923,-1.0,1.0,-1.0,0.1623347564458642,0,0.5939122982078298,2.0048970005435577e+22,0.78759627658423,0.7479047762364608,0.6,0.0,0.0,0.006666666666666667,0.006666666666666667,9.143898338693782,1.854661727956762,0.013333333333333334,0.0,0.0,0.006666666666666667,0.006666666666666667,-0.4684741497039795,-0.572981595993042,0.1317712664604187,31.0
0.3576765563544637,5.52316993623972,0.0,33697928.093275204,4.212166026234627,6381829.954985252,10894.90079367127,4212166.026234628,6487069.833679999,2589769.6083140364,0.008008676778954872,3.5763336595742325,3.310313231029987,-1.0,0.8580614328384399,-1.0,0.16212920433773947,0,0.5975322471030032,2.126651036386962e+22,0.8068212888984893,0.7551669959399498,0.6,0.0,0.0,0.006666666666666667,0.006666666666666667,9.034246144863783,1.8107319170610736,0.013333333333333334,0.0,0.0,0.006666666666666667,0.006666666666666667,-0.45582354068756104,-0.5755885243415833,0.12764139473438263,32.0
0.3561395939602068,5.6101420059800144,0.0,33089481.26997795,4.6720210164785385,6634789.298322186,12004.03200714483,4672021.0164785385,6977136.88901411,2631612.031240984,0.00821784988971536,3.645485156833889,3.3617972535322242,-1.0,1.0,-1.0,0.16430595957310193,0,0.5979524507800802,2.176006094326897e+22,0.8264894614288504,0.7562276301597601,0.6,0.0,0.0,0.006666666666666667,0.006666666666666667,8.89337364427712,1.7681681776665532,0.013333333333333334,0.0,0.0,0.006666666666666667,0.006666666666666667,-0.4465320110321045,-0.565139651298523,0.1415763944387436,33.0
0.35384301334849655,5.694620217382908,0.0,32471331.189774673,4.353247225284576,6584713.240029571,12306.227502350866,4353247.225284576,6743922.95405405,2726351.0943573853,0.008691331730083988,3.632395915477143,3.3596019614264074,-1.0,1.0,-1.0,0.16387451395280733,0,0.5987820307650688,2.216957078725293e+22,0.846380288014038,0.7581896408121749,0.6,0.0,0.0,0.006666666666666667,0.006666666666666667,8.757500183429597,1.726953979876681,0.013333333333333334,0.0,0.0,0.006666666666666667,0.006666666666666667,-0.4325028359889984,-0.5776089429855347,0.1319165825843811,34.0
0.35270105139167374,5.7625417962670324,0.0,31831650.197697952,4.352359637618065,6602417.643376447,12827.140722957225,4352359.637618066,6793930.481605213,2786765.830250907,0.008983691896639228,3.6404646626939767,3.371383582617725,-1.0,0.9195507168769836,-1.0,0.1644490478761299,0,0.6009223079880831,2.2413164634239175e+22,0.8666569529071889,0.7633141558529594,0.6,0.0,0.0,0.006666666666666667,0.006666666666666667,8.643274266902841,1.6868851448337159,0.013333333333333334,0.0,0.0,0.006666666666666667,0.006666666666666667,-0.4181165099143982,-0.5799428224563599,0.1318896859884262,35.0
0.35099628456206666,5.84804535061121,0.0,31456787.831852943,4.691179633140564,6844929.911238447,14028.681486463674,4691179.633140564,7162702.954361964,2826950.6373957773,0.009329900508270048,3.7097651794437954,3.4240902212531825,-1.0,1.0,-1.0,0.16617658925792664,0,0.59972011973556,2.222870303662255e+22,0.8873173845372626,0.7650077304412475,0.6,0.0,0.0,0.006666666666666667,0.006666666666666667,8.513995149203355,1.6481406253073343,0.013333333333333334,0.0,0.0,0.006666666666666667,0.006666666666666667,-0.40602102875709534,-0.5724822282791138,0.1421569585800171,36.0
0.3488391347581551,5.932685329020023,0.0,31114900.78185218,4.533281475305557,6883056.235222699,14643.737106647595,4533281.475305557,7072880.224581538,2903254.639092587,0.009845805144612379,3.72726863569758,3.4423898015297785,-1.0,1.0,-1.0,0.16614378507198937,0,0.5983612706845644,2.2284679089510534e+22,0.9081574663805038,0.7671302175246908,0.6,0.0,0.0,0.006666666666666667,0.006666666666666667,8.388213158902866,1.6107616983236794,0.013333333333333334,0.0,0.0,0.006666666666666667,0.006666666666666667,-0.39116522669792175,-0.5768001079559326,0.13737216591835022,37.0
0.347209908175646,6.014761866629124,0.0,30721367.79346295,4.667234927415848,7005293.462312903,15584.768571569857,4667234.927415848,7254382.418822829,2960378.627063167,0.010216018719523432,3.7659902903556572,3.475257953939865,-1.0,0.9825161099433899,-1.0,0.16700738446709498,0,0.5977456760100954,2.261242495259766e+22,0.9292231272164967,0.7698709016805404,0.6,0.0,0.0,0.006666666666666667,0.006666666666666667,8.26803591197355,1.574703039433368,0.013333333333333334,0.0,0.0,0.006666666666666667,0.006666666666666667,-0.37695783376693726,-0.5721334218978882,0.14143136143684387,38.0
0.34564715286412867,6.101088608801365,0.0,30288602.127687253,4.751887187361717,7124376.289450791,16609.95225393953,4751887.187361716,7391431.028289114,3023249.335992525,0.010681453762289489,3.803686029922727,3.50829728095864,-1.0,1.0,-1.0,0.16793271081874828,0,0.5974021698065112,2.3063289750578572e+22,0.9504434145827384,0.7718961323572039,0.6,0.0,0.0,0.006666666666666667,0.006666666666666667,8.147069210394303,1.5399896127054091,0.013333333333333334,0.0,0.0,0.006666666666666667,0.006666666666666667,-0.36163386702537537,-0.568366289138794,0.14399658143520355,39.0
0.3441153104978925,6.187957347929478,0.0,29797318.404351994,4.793498083949089,7224077.104730181,17632.62395275926,4793498.08394909,7490720.283442386,3092145.120503077,0.011180206544726628,3.8337417769173223,3.5370661494833935,-1.0,1.0,-1.0,0.16880421156129474,0,0.597742087373676,2.3582855789276335e+22,0.9717821563443875,0.7739657036848916,0.6,0.0,0.0,0.006666666666666667,0.006666666666666667,8.02856705196973,1.5065753342216455,0.013333333333333334,0.0,0.0,0.006666666666666667,0.006666666666666667,-0.3454279899597168,-0.565656304359436,0.14525751769542694,40.0
0.34268471994331623,6.275658382475376,0.0,29286218.280653697,4.889305919408798,7349636.532366045,18817.628631130214,4889305.919408798,7640520.841322071,3158171.5227497052,0.011691631797903303,3.868819226252603,3.5697303956821216,-1.0,1.0,-1.0,0.16992944263833387,0,0.5983866005887735,2.403443831454114e+22,0.9932509247713015,0.776008347440041,0.6,0.0,0.0,0.006666666666666667,0.006666666666666667,7.912318578868621,1.4743946734448123,0.013333333333333334,0.0,0.0,0.006666666666666667,0.006666666666666667,-0.32864096760749817,-0.5614948272705078,0.14816078543663025,41.0
0.34494224839589105,6.274305237829685,0.0,29514790.213420685,3.640923947095871,6677697.533895901,17243.02496480032,3640923.947095872,6479759.060951499,3251135.334593809,0.012509341736663581,3.7269314048624773,3.4781982925508936,-1.0,0.57411789894104,-1.0,0.1673859600098206,0,0.6076231429244197,2.4357118196786443e+22,1.0148792711541863,0.7929531386770278,0.6,0.0,0.0,0.006666666666666667,0.006666666666666667,7.8814287287307305,1.4428689923009475,0.013333333333333334,0.0,0.0,0.006666666666666667,0.006666666666666667,-0.2962169945240021,-0.5808836221694946,0.11033102869987488,42.0
0.3464573957980567,6.376028849184513,0.0,29630016.044963893,6.933959752321243,8316070.578587323,24883.448559049262,6933959.752321244,9534847.763016999,3032423.7083116574,0.012483690125579826,4.157469118759107,3.777051062501105,-1.0,1.0,-1.0,0.179656095996677,0,0.6011872592693037,2.2832489611902507e+22,1.037379453845528,0.790502188872493,0.6,0.0,0.0,0.006666666666666667,0.006666666666666667,7.76217584631082,1.4127254372347875,0.013333333333333334,0.0,0.0,0.006666666666666667,0.006666666666666667,-0.3058173954486847,-0.4913819432258606,0.21011999249458313,43.0
0.34319107292553924,6.467821909487247,0.0,29750006.44547069,5.030427932739258,7883438.143134896,23817.97882178365,5030427.932739258,7786954.217212532,3189279.216874159,0.014488337837500422,4.075370737344591,3.7313973446628785,-1.0,1.0,-1.0,0.17542470303749214,0,0.59600504336239,2.2595037758041757e+22,1.0590551354327598,0.7906432220632137,0.6,0.0,0.0,0.006666666666666667,0.006666666666666667,7.651752775821652,1.3842545592569124,0.013333333333333334,0.0,0.0,0.006666666666666667,0.006666666666666667,-0.28245189785957336,-0.5410346984863281,0.1524372100830078,44.0
0.3409674355181354,6.5614328160882,0.0,29958520.388735678,5.880699053406715,8280300.864104871,26184.32137011233,5880699.053406715,8657349.328968702,3219957.8894425128,0.014385951220085366,4.170167411329985,3.8001020489965565,-1.0,0.9750217795372009,-1.0,0.1774283581157761,0,0.5932528594119428,2.3394029085563747e+22,1.0807298183449,0.7910536736089138,0.6,0.0,0.0,0.006666666666666667,0.006666666666666667,7.541024103775299,1.3569938415526404,0.013333333333333334,0.0,0.0,0.006666666666666667,0.006666666666666667,-0.2725791335105896,-0.5069672465324402,0.17820300161838531,45.0
0.33913801700473856,6.6611407533288,0.0,30284316.53365178,5.6956318616867065,8302518.138707839,27342.1768628567,5695631.861686706,8559043.330269324,3319100.478174722,0.015165273816258805,4.180301826971993,3.8153521881652117,-1.0,1.0,-1.0,0.17760830900460112,0,0.5932549947015208,2.4743457203175175e+22,1.1021758844980398,0.7907497757586353,0.6,0.0,0.0,0.006666666666666667,0.006666666666666667,7.42837602527716,1.3309060665921535,0.013333333333333334,0.0,0.0,0.006666666666666667,0.006666666666666667,-0.2541826069355011,-0.5014603137969971,0.17259490489959717,46.0
0.33773572524464623,6.7654107585549355,0.0,30695156.93796648,6.082020163536072,8561337.561658133,29733.12171039947,6082020.163536072,8997912.073874716,3389094.281918753,0.015696738689852933,4.232999406121416,3.860956587300618,-1.0,1.0,-1.0,0.17978061121230218,0,0.5951929013663905,2.609245826287102e+22,1.1235615826385634,0.7901695922094768,0.6,0.0,0.0,0.006666666666666667,0.006666666666666667,7.314170397072678,1.3058734880768206,0.013333333333333334,0.0,0.0,0.006666666666666667,0.006666666666666667,-0.24100269377231598,-0.47864997386932373,0.1843036413192749,47.0
0.3372516024027787,6.850774253904819,0.0,31134729.014855456,6.0215801149606705,8636600.941926071,31499.2454645869,6021580.114960671,8993541.69374976,3462744.5057242704,0.016605950726258322,4.245031744447088,3.8816686065817834,-1.0,0.8924916386604309,-1.0,0.18141275104248064,0,0.5995492341568275,2.705387798959292e+22,1.144862825329719,0.792969847540855,0.6,0.0,0.0,0.006666666666666667,0.006666666666666667,7.21722683811077,1.281773464062911,0.013333333333333334,0.0,0.0,0.006666666666666667,0.006666666666666667,-0.22227367758750916,-0.46567416191101074,0.1824721246957779,48.0
0.3365471093544686,6.966023136675358,0.0,31515881.19039542,7.214632675051689,9396355.552658623,36999.32930807954,7214632.675051691,10160466.486568728,3457586.740104401,0.017334411835430785,4.409739326667049,4.0028190669029025,-1.0,1.0,-1.0,0.1867935991762132,0,0.59972161350477,2.714403115822742e+22,1.166277041034017,0.7909169922693068,0.6,0.0,0.0,0.006666666666666667,0.006666666666666667,7.100822132502305,1.2586717537071086,0.013333333333333334,0.0,0.0,0.006666666666666667,0.006666666666666667,-0.21264275908470154,-0.42375558614730835,0.2186252325773239,49.0
0.33400080025170925,7.082066942751408,0.0,31866816.41073649,6.8632005751132965,9547439.528000966,39116.808109266785,6863200.575113297,9901026.647131478,3564586.510502577,0.01875604468527377,4.431141688071319,4.029851147372085,-1.0,1.0,-1.0,0.1873136794207836,0,0.59907612333728,2.7199708457273406e+22,1.1873969734922099,0.7893631431279795,0.6,0.0,0.0,0.006666666666666667,0.006666666666666667,6.986244018524581,1.2365526055306724,0.013333333333333334,0.0,0.0,0.006666666666666667,0.006666666666666667,-0.19193695485591888,-0.419780969619751,0.20797577500343323,50.0
0.3327792270902271,7.152603395283222,0.0,32206895.35277789,6.388986825942993,9381397.130498152,39489.46826571494,6388986.825942993,9511937.904111475,3661973.7222345877,0.019644624051814972,4.389761855390178,4.014579698424208,-1.0,0.7599506378173828,-1.0,0.18674770987367045,0,0.6020155620369168,2.73844837898174e+22,1.2084909602473057,0.7952208180828493,0.6,0.0,0.0,0.006666666666666667,0.006666666666666667,6.906601185769458,1.2150527574990184,0.013333333333333334,0.0,0.0,0.006666666666666667,0.006666666666666667,-0.165827214717865,-0.40726837515830994,0.19360566139221191,51.0
0.33184605851538995,7.284313322603703,0.0,32477549.04465372,8.384208172559738,10506093.325403463,48036.987795584275,8384208.172559738,11444351.926119234,3618502.6642308184,0.020010891059851876,4.634508535064564,4.184675950221214,-1.0,1.0,-1.0,0.19333105350089308,0,0.5980701427644879,2.6981371382434045e+22,1.2299498810345995,0.7911688032022643,0.6,0.0,0.0,0.006666666666666667,0.006666666666666667,6.788581399198585,1.1943302702504406,0.013333333333333334,0.0,0.0,0.006666666666666667,0.006666666666666667,-0.15662500262260437,-0.34145036339759827,0.25406691431999207,52.0
0.32772180636251197,7.41364228874445,0.0,32788778.10882217,7.103283941745758,10263184.3362137,47735.589292281176,7103283.941745758,10346929.664941084,3813092.69417405,0.02186420956529161,4.5702075836709755,4.155240926536579,-1.0,1.0,-1.0,0.19048542913792182,0,0.5955057239249487,2.736734282953646e+22,1.2509721958765032,0.7884853785776547,0.6,0.0,0.0,0.006666666666666667,0.006666666666666667,6.673929367237241,1.17441067208439,0.013333333333333334,0.0,0.0,0.006666666666666667,0.006666666666666667,-0.12626512348651886,-0.35335516929626465,0.21525102853775024,53.0
0.3264527919575022,7.465585698187351,0.0,33167767.493736107,6.125714555382729,9658095.388439376,45298.26463925535,6125714.55538273,9511158.403542446,3966228.429419122,0.02244278664052733,4.435209419685034,4.076974767248727,-1.0,0.5989408493041992,-1.0,0.18759947552652073,0,0.600917208890511,2.8266198044546714e+22,1.2720803881391616,0.797790499578056,0.6,0.0,0.0,0.006666666666666667,0.006666666666666667,6.6117360680214565,1.154796503779675,0.013333333333333334,0.0,0.0,0.006666666666666667,0.006666666666666667,-0.09423933923244476,-0.33922380208969116,0.18562771379947662,54.0
0.3266235761115516,7.618077053129673,0.0,33480321.969636023,9.485682338476181,11362526.78555156,59460.100793819365,9485682.338476181,12727054.930003267,3847690.820567567,0.022297471196734777,4.797616280676712,4.3254915005670975,-1.0,1.0,-1.0,0.1978172370276776,0,0.5966426799808852,2.8082756266444504e+22,1.2939451238615363,0.7913129702420533,0.6,0.0,0.0,0.006666666666666667,0.006666666666666667,6.490243164408891,1.1357922966703118,0.013333333333333334,0.0,0.0,0.006666666666666667,0.006666666666666667,-0.09097309410572052,-0.2375432252883911,0.28744491934776306,55.0
0.32156369827062203,7.764501650631428,0.0,33854206.916082114,7.202050074934959,10788732.39249301,56767.899356143134,7202050.074934959,10712906.521213684,4129779.7105252114,0.025047984496282018,4.658556040778473,4.24961427500284,-1.0,1.0,-1.0,0.19284065037783785,0,0.5945286059667165,2.8754220270267467e+22,1.315165954102597,0.7871782754018887,0.6,0.0,0.0,0.006666666666666667,0.006666666666666667,6.373651115897538,1.1175267858087579,0.013333333333333334,0.0,0.0,0.006666666666666667,0.006666666666666667,-0.050510913133621216,-0.2678770124912262,0.21824394166469574,56.0
0.3206796485314969,7.791045267879963,0.0,34303769.43787335,5.7249138951301575,9799400.105828986,51251.8248524201,5724913.895130157,9418963.94237507,4325702.592676759,0.025496856294634586,4.443220149560947,4.115709167252638,-1.0,0.38758882880210876,-1.0,0.18841598425294706,0,0.6035053594954792,2.9848499076924155e+22,1.336542809090155,0.8007193360378185,0.6,0.0,0.0,0.006666666666666667,0.006666666666666667,6.330097155063654,1.0993605107991749,0.013333333333333334,0.0,0.0,0.006666666666666667,0.006666666666666667,-0.01669885776937008,-0.254870742559433,0.1734822392463684,57.0
0.3220143461244827,7.968629848957062,0.0,34618046.01246527,10.84028273820877,12325197.710121568,74269.49572038079,10840282.73820877,14267839.909092732,4090361.2051023487,0.02487149784107362,4.965267326671087,4.473211388026969,-1.0,1.0,-1.0,0.2032944144371314,0,0.5976091006378208,2.9147427177828304e+22,1.3591050785205103,0.7913438608018829,0.6,0.0,0.0,0.006666666666666667,0.006666666666666667,6.204194103597843,1.0817113666020663,0.013333333333333334,0.0,0.0,0.006666666666666667,0.006666666666666667,-0.019897308200597763,-0.11207709461450577,0.3284934163093567,58.0
0.31789093369064414,8.124375748634339,0.7683626562356949,34980644.92635974,7.0593805611133575,11594084.641561255,70442.06880594979,7827743.217349052,11527845.967268165,4377098.674564219,0.028858247173452922,4.830884955332264,4.387763660820852,-1.0,0.9497293829917908,-1.0,0.19810074320082036,0,0.5947332751522109,2.9625607050264138e+22,1.3806283869692964,0.7871777987654662,0.6,0.0,0.0,0.006666666666666667,0.006666666666666667,6.090546583022096,1.0650005884072369,0.013333333333333334,0.0,0.0,0.006666666666666667,0.006666666666666667,0.038418132811784744,-0.17099988460540771,0.21392062306404114,59.0
0.31537253454699465,8.307869876921178,0.96206896007061,35376432.87981934,9.412494957447052,12954223.22869018,84409.9022465451,10374563.917517662,14069305.648320256,4397149.665840359,0.02857146592039317,5.057711773051503,4.5515110713760825,-1.0,1.0,-1.0,0.20417788807659212,0,0.5907957672148717,3.067895201982196e+22,1.4020282358191452,0.7804887061083198,0.6,0.0,0.0,0.006666666666666667,0.006666666666666667,5.964148132710522,1.0491158875761428,0.013333333333333334,0.0,0.0,0.006666666666666667,0.006666666666666667,0.0481034480035305,-0.08252935856580734,0.28522711992263794,60.0
0.31379896339884183,8.462482750415802,2.1407517790794373,35842818.20802665,7.30685967206955,12848115.355131896,87597.8897010986,9447611.451148987,13280736.346976575,4558949.595555867,0.031270305897715706,5.050556564949304,4.555793834304475,-1.0,0.8654100298881531,-1.0,0.20405497007872545,0,0.5906938814082611,3.2519798576847616e+22,1.4225487112130741,0.7790546715249637,0.6,0.0,0.0,0.006666666666666667,0.006666666666666667,5.856088616443089,1.0341998645460622,0.013333333333333334,0.0,0.0,0.006666666666666667,0.006666666666666667,0.10703758895397186,-0.09234566241502762,0.22141999006271362,61.0
0.31338104102850023,8.660241712629794,2.5591784715652466,36376037.868424475,9.57331994175911,14440964.709304048,108674.10822107305,12132498.413324358,15922128.384041723,4548388.9375454895,0.032574438618040734,5.317153424972068,4.760174884425224,-1.0,1.0,-1.0,0.21254786544971702,0,0.5892163739896643,3.43810222951954e+22,1.4425527282368529,0.7726208584845813,0.6,0.0,0.0,0.006666666666666667,0.006666666666666667,5.730453173963711,1.020289225200297,0.013333333333333334,0.0,0.0,0.006666666666666667,0.006666666666666667,0.12795892357826233,-0.011205188930034637,0.2901006042957306,62.0
0.31298895082298933,8.803998801112176,3.749457001686096,37010529.9321629,7.273999258875847,14328813.081697982,113439.08771408733,11023456.260561943,14919288.313285574,4687939.452019496,0.036100894468352795,5.276693791422631,4.751304793546643,-1.0,0.7467462420463562,-1.0,0.21382288815904246,0,0.5937435692301606,3.653774749726253e+22,1.4612353262001636,0.7741440784194239,0.6,0.0,0.0,0.006666666666666667,0.006666666666666667,5.6338773075719075,1.007472305404491,0.013333333333333334,0.0,0.0,0.006666666666666667,0.006666666666666667,0.1874728500843048,-0.027960799634456635,0.22042421996593475,63.0
0.3135849855208045,9.003998801112175,3.9727556705474854,37667674.8315525,10.798058152198792,16587961.970209263,144437.47941829605,14770813.822746277,18548177.456950843,4611136.06585392,0.037260822633549504,5.584921110509981,4.973378486871804,-1.0,1.0,-1.0,0.22580977405343436,0,0.5949820563892868,3.778903365123041e+22,1.4792984244419722,0.768486288419749,0.6,0.0,0.0,0.006666666666666667,0.006637440738010815,5.5159199036495545,0.9956161107016223,0.013304107404677482,0.0,0.0,0.006666666666666667,0.006637440738010815,0.19863778352737427,0.07685526460409164,0.3272138833999634,64.0
0.31284106977971227,9.154368455708028,5.201340913772583,38369358.801863156,8.003475844860077,16449836.381212398,150467.8963729684,13204816.75863266,17099667.410028465,4766938.690620645,0.04186232580279719,5.504455285526728,4.954137446100999,-1.0,0.7067588567733765,-1.0,0.22702342292817243,0,0.6004688001754604,3.879262237337304e+22,1.4958321334820328,0.769751296431514,0.6,0.0,0.0,0.006666666666666667,0.006565457631602432,5.423172886237889,0.9848186447403648,0.013232124298269098,0.0,0.0,0.006666666666666667,0.006565457631602432,0.26006704568862915,0.045089416205883026,0.24252957105636597,65.0
0.3134385848679566,9.354368455708027,5.228018164634705,39032436.7484621,12.037923216819763,18954105.366506845,190934.71066911035,17265941.381454468,21047249.563791886,4692009.340879096,0.04347735202696047,5.801162890286115,5.185157292247393,-1.0,1.0,-1.0,0.23936582201866927,0,0.6018420085940541,3.869886233828095e+22,1.5118665571851913,0.7648196884035172,0.6,0.0,0.0,0.006666666666666667,0.006498465898365953,5.313302804121337,0.9747698847548929,0.013165132565032621,0.0,0.0,0.006666666666666667,0.006498465898365953,0.26140090823173523,0.1582508385181427,0.3647855520248413,66.0
0.31183599140060403,9.513073673844337,6.408867239952087,39643027.23128656,8.965437948703766,18740955.688054405,197783.86196678394,15374305.188655853,19301060.40079248,4870573.4509625845,0.04884787542754828,5.715998153821876,5.161333071552065,-1.0,0.6751788854598999,-1.0,0.23933798997664094,0,0.6047529391807591,3.8330460619470115e+22,1.5265203815197224,0.765517785717274,0.6,0.0,0.0,0.006666666666666667,0.006437287382888375,5.223661698840536,0.9655931074332563,0.013103954049555042,0.0,0.0,0.006666666666666667,0.006437287382888375,0.32044336199760437,0.11834720522165298,0.27167993783950806,67.0
0.31138032578235725,9.713073673844338,6.341094970703125,40181906.51809132,12.87921667098999,21170807.800620615,239141.98585422273,19220311.641693115,23075396.29329648,4828860.569911041,0.049719379891760146,5.974201269284448,5.340343486873915,-1.0,1.0,-1.0,0.2494880437160056,0,0.6035598021709853,3.7379872783318286e+22,1.540841003523292,0.7613104013090755,0.6,0.0,0.0,0.006666666666666667,0.006379650989973926,5.12121215256946,0.9569476484960889,0.013046317656640594,0.0,0.0,0.006666666666666667,0.006379650989973926,0.31705474853515625,0.22795727849006653,0.39027929306030273,68.0
0.3081326204569403,9.879954722523689,7.432628273963928,40687621.11807204,9.697354048490524,20837641.009409077,237778.59091484468,17129982.322454453,21165356.72023462,5041479.708954953,0.05362266831524064,5.84703108876046,5.262092921936141,-1.0,0.6493657231330872,-1.0,0.247317226367864,0,0.6038064002655291,3.666791234912123e+22,1.5538719105475407,0.7615338923268834,0.6,0.0,0.0,0.006666666666666667,0.006326889505702641,5.034555651164634,0.9490334258553961,0.012993556172369308,0.0,0.0,0.006666666666666667,0.006326889505702641,0.3716314136981964,0.18503952026367188,0.29385921359062195,69.0
0.3067933770200643,10.07995472252369,7.309995889663696,41199080.06746729,13.39373230934143,23033538.192048315,275510.19125856867,20703728.199005127,24712261.458301947,5043158.381200625,0.05350359360932989,6.024408273689254,5.389140317348586,-1.0,1.0,-1.0,0.25526213072683035,0,0.6022275793223018,3.59066322960154e+22,1.5666341159810955,0.7580149743993801,0.6,0.0,0.0,0.006666666666666667,0.006276749427763978,4.938840827882824,0.9415124141645966,0.012943416094430645,0.0,0.0,0.006666666666666667,0.006276749427763978,0.3654997944831848,0.2894681394100189,0.4058706760406494,70.0
0.3030745797441836,10.257236954569816,8.249432444572449,41691499.59768033,10.477852910757065,22654821.10869533,274395.2546215057,18727285.355329514,22931471.362647325,5284282.314028713,0.057138138250687254,5.880333112177604,5.321194115098019,-1.0,0.6353024244308472,-1.0,0.25249253435053187,0,0.6017075804525368,3.5461116431555044e+22,1.5783058530120035,0.7575688961860904,0.6,0.0,0.0,0.006666666666666667,0.006230444312516956,4.854250755443534,0.9345666468775434,0.012897110979183623,0.0,0.0,0.006666666666666667,0.006230444312516956,0.41247162222862244,0.25110873579978943,0.3175106942653656,71.0
0.30143972157670557,10.457236954569817,8.09917151927948,42192483.68564441,13.834449827671051,24617613.757645935,311605.78524193837,21933621.34695053,26144418.00135971,5318338.115857996,0.057171262431091226,6.010930372393117,5.430894817722807,-1.0,1.0,-1.0,0.25893638898348903,0,0.6001143797473081,3.5119600341047677e+22,1.5899449526638638,0.7547387174625232,0.6,0.0,0.0,0.006666666666666667,0.006185546129982592,4.764612405984618,0.9278319194973887,0.012852212796649259,0.0,0.0,0.006666666666666667,0.006185546129982592,0.404958575963974,0.3469337522983551,0.4192257523536682,72.0
0.29761697936071674,10.645286491513252,8.885844349861145,42696923.82789393,11.251431047916412,24279379.531606942,311314.1645575525,20137275.39777755,24576959.723885696,5580518.640006486,0.06052505205154359,5.8744449886906125,5.369395850814631,-1.0,0.626284658908844,-1.0,0.25613701171934283,0,0.599366363910796,3.5096724391586056e+22,1.600773906233327,0.7536671141198227,0.6,0.0,0.0,0.006666666666666667,0.006143343574186664,4.681975646546617,0.9215015361279997,0.01281001024085333,0.0,0.0,0.006666666666666667,0.006143343574186664,0.44429221749305725,0.31396302580833435,0.34095245599746704,73.0
0.29596221468761763,10.845286491513253,8.72374951839447,43226828.77273103,14.262220859527588,26021628.091581196,348365.714781189,22985970.37792206,27458516.415803954,5642670.994390004,0.06084216680958296,5.975221311194286,5.462313260729124,-1.0,1.0,-1.0,0.26163345362997437,0,0.5985215699382831,3.522345160942685e+22,1.6117771709239852,0.751499994367333,0.6,0.0,0.0,0.006666666666666667,0.00610158918018733,4.597927657619929,0.9152383770280994,0.012768255846853996,0.0,0.0,0.006666666666666667,0.00610158918018733,0.4361874759197235,0.4010387659072876,0.4321885108947754,74.0
0.29228050790756516,11.044967713952065,9.365265369415283,43764359.08819325,12.079958975315094,25774525.41852746,352074.58814282675,21445224.344730377,26162199.517373346,5922954.413690359,0.06432188843302149,5.862890904171582,5.419417538701598,-1.0,0.6237034201622009,-1.0,0.25927038829086924,0,0.5979185331218949,3.5519137621770225e+22,1.6222742147195333,0.7497967991897642,0.6,0.0,0.0,0.006666666666666667,0.006061451937787179,4.517032292492754,0.9092177906680768,0.012728118604453846,0.0,0.0,0.006666666666666667,0.006061451937787179,0.46826326847076416,0.37470269203186035,0.3660593628883362,75.0
0.29080674267290496,11.244967713952065,9.20076310634613,44325592.17068602,14.724035918712616,27309203.750733905,391229.876032383,23924799.025058746,28696843.930924468,6008569.922893763,0.06535012425641826,5.9514708106335,5.507775413656033,-1.0,1.0,-1.0,0.2641531853168713,0,0.5978145576683405,3.593543099739124e+22,1.633136056513451,0.7482932011789879,0.6,0.0,0.0,0.006666666666666667,0.006020986722987389,4.4381233630584145,0.9031480084481083,0.012687653389654056,0.0,0.0,0.006666666666666667,0.006020986722987389,0.4600381553173065,0.4529077410697937,0.44618290662765503,76.0
0.28771012605535234,11.444967713952064,9.717251658439636,44885640.036339365,12.912801414728165,27144041.749677494,400328.47119748243,22630053.0731678,27639331.190398656,6283153.681482604,0.06922934467189326,5.872784323676763,5.485679693456834,-1.0,0.6249521374702454,-1.0,0.26256402912782656,0,0.5977440398343815,3.637251946372314e+22,1.643793564961314,0.7470953977546888,0.6,0.0,0.0,0.006666666666666667,0.005981177112142275,4.362194322097129,0.8971765668213413,0.012647843778808943,0.0,0.0,0.006666666666666667,0.005981177112142275,0.4858625829219818,0.43254536390304565,0.39129701256752014,77.0
0.28648373018638507,11.644967713952065,9.5647794008255,45458063.07670205,15.262781471014023,28534402.107599095,443205.79084413475,24827560.871839523,29907086.194354914,6383574.664430317,0.07100122812402848,5.965223762183161,5.575033961507044,-1.0,1.0,-1.0,0.2670971086708935,0,0.5979533126338531,3.6823711496846833e+22,1.6549693244451713,0.7460793943209125,0.6,0.0,0.0,0.006666666666666667,0.005940495771747209,4.288264216229376,0.8910743657620813,0.012607162438413876,0.0,0.0,0.006666666666666667,0.005940495771747209,0.478238970041275,0.5041367411613464,0.46250852942466736,78.0
0.283947042249681,11.844967713952064,9.965890049934387,46019665.33198543,13.867831975221634,28511344.560336605,459109.9587358496,23833722.025156014,29135475.792016212,6642658.946581575,0.07532225679315496,5.925778322632936,5.57462239851787,-1.0,0.6868314146995544,-1.0,0.2663607061628859,0,0.5980107110622177,3.723304897007621e+22,1.6661864245090072,0.7453064249483492,0.6,0.0,0.0,0.006666666666666667,0.005899774824652854,4.216999520512246,0.8849662236979281,0.012566441491319521,0.0,0.0,0.006666666666666667,0.005899774824652854,0.49829450249671936,0.49130213260650635,0.42023733258247375,79.0
0.2827026707058949,12.044967713952065,9.842891097068787,46581920.09114483,15.712252914905548,29673545.675038807,502730.3350826131,25555144.01197433,30953333.01453264,6768284.960244834,0.07776562559539868,6.011180906735293,5.655360622339645,-1.0,1.0,-1.0,0.2700512009379888,0,0.5981261012925907,3.7630906757632663e+22,1.6779566103413337,0.7446990641447712,0.6,0.0,0.0,0.006666666666666667,0.005858006306304277,4.1476486068333065,0.8787009459456415,0.012524672972970944,0.0,0.0,0.006666666666666667,0.005858006306304277,0.49214455485343933,0.5513240098953247,0.47612887620925903,80.0
0.28060170507308935,12.244967713952065,10.115646123886108,47132479.68901143,14.90826764702797,29860486.161511134,526158.5279565734,25023913.770914078,30622850.45619453,7004168.44584216,0.08214018628959613,6.008672869063263,5.674218566059504,-1.0,0.8098837733268738,-1.0,0.27018891986002747,0,0.598077921167097,3.800568649911452e+22,1.6899598128122884,0.7442866584850667,0.6,0.0,0.0,0.006666666666666667,0.005815742977873414,4.080625703447039,0.8723614466810121,0.012482409644540081,0.0,0.0,0.006666666666666667,0.005815742977873414,0.5057823061943054,0.5507475137710571,0.45176568627357483,81.0
0.27913715441611353,12.444967713952064,10.057200193405151,47678895.78379026,16.041217982769012,30712626.14287287,566375.3645524936,26098418.176174164,31830177.944837324,7166721.628442255,0.08513046508734232,6.0725806514743645,5.736072693156477,-1.0,1.0,-1.0,0.2726554145012534,0,0.5980030092028351,3.839010226569511e+22,1.7024766710942576,0.7440312040132453,0.6,0.0,0.0,0.006666666666666667,0.005772470399312863,4.015464059398256,0.8658705598969295,0.01243913706597953,0.0,0.0,0.006666666666666667,0.005772470399312863,0.5028600096702576,0.5941778421401978,0.486097514629364,82.0
0.277391307357806,12.644967713952065,10.18081545829773,48219207.8566781,15.977297902107239,31154032.631764606,598229.1318999846,26158113.36040497,32065106.194799095,7374839.8946295455,0.08920018576207076,6.101892857721976,5.772371893422192,-1.0,0.9921888709068298,-1.0,0.273697071284492,0,0.5978674612455597,3.878950042512808e+22,1.715386481266107,0.7439261967521449,0.6,0.0,0.0,0.006666666666666667,0.005728400103678644,3.9523087786065356,0.8592600155517965,0.012395066770345312,0.0,0.0,0.006666666666666667,0.005728400103678644,0.5090407729148865,0.6100998520851135,0.48416054248809814,83.0
0.2756628737097016,12.844967713952064,10.22221326828003,48754806.73646535,16.27386724948883,31650767.60992421,632258.3656546472,26496080.517768856,32577034.44312924,7581034.379312728,0.092768763958476,6.136672924927005,5.81156280533513,-1.0,1.0,-1.0,0.2748427724214415,0,0.597696227854552,3.921600817601614e+22,1.7287628430099966,0.7439729866946149,0.6,0.0,0.0,0.006666666666666667,0.005683391626862029,3.8909820830460995,0.8525087440293043,0.012350058293528695,0.0,0.0,0.006666666666666667,0.005683391626862029,0.5111106634140015,0.6334820985794067,0.49314749240875244,84.0
0.27394566500523726,13.044967713952065,10.291565656661987,49287097.57170911,16.397597461938858,32062904.208180815,665505.9123199885,26689163.118600845,32952899.43359734,7796794.053945234,0.0964894071216021,6.1665608524771995,5.846421956964724,-1.0,1.0,-1.0,0.27573403639807564,0,0.5975134106261349,3.967676260510573e+22,1.7426338705710382,0.7441677747942281,0.6,0.0,0.0,0.006666666666666667,0.005637397561586002,3.831418224697633,0.8456096342379004,0.01230406422825267,0.0,0.0,0.006666666666666667,0.005637397561586002,0.5145782828330994,0.6530101895332336,0.496896892786026,85.0
0.27177040842125505,13.2173429697752,10.432058572769165,49795679.9948129,14.624737232923508,31361171.875186864,669145.9973078817,25056795.805692673,31583799.575505435,8102358.161685808,0.10089913602231472,6.096692846981159,5.815880334304207,-1.0,0.2401452362537384,-1.0,0.2732602947119273,0,0.5982251534091347,4.017408047987874e+22,1.756911468615928,0.7467781444308508,0.6,0.0,0.0,0.006666666666666667,0.005590333559912336,3.7795165642373165,0.8385500339868505,0.012257000226579003,0.0,0.0,0.006666666666666667,0.005590333559912336,0.5216029286384583,0.6217310428619385,0.4431738555431366,86.0
0.27122705922533485,13.4173429697752,10.273643732070923,50304163.38431889,17.37282371520996,32758682.073530827,734121.8237567387,27646467.44728088,34237380.09184702,8185934.5032695,0.10243826589825647,6.230252070093128,5.918011864889946,-1.0,1.0,-1.0,0.2777054905844211,0,0.5977176662463002,4.052904979805179e+22,1.7721487160145026,0.7469541042015373,0.6,0.0,0.0,0.006666666666666667,0.005541658094075308,3.7234433552901427,0.8312487141112962,0.012208324760741976,0.0,0.0,0.006666666666666667,0.005541658094075308,0.5136821866035461,0.7087018489837646,0.5264492034912109,87.0
0.2693149818752772,13.6173429697752,10.478664636611938,50807773.04138618,16.028168231248856,32689201.505613524,757156.912995183,26506832.867860794,33335072.060077265,8459793.245207712,0.10826851160115207,6.224674003459564,5.928038716519021,-1.0,0.697310745716095,-1.0,0.27701160751781595,0,0.597178316139615,4.098551654879175e+22,1.7878547908531788,0.7473506606806342,0.6,0.0,0.0,0.006666666666666667,0.00549209387548042,3.668763619279093,0.823814081322063,0.012158760542147087,0.0,0.0,0.006666666666666667,0.00549209387548042,0.5239332318305969,0.6898409128189087,0.4857020676136017,88.0
0.26796874029549306,13.8173429697752,10.342755317687988,51318958.491686344,17.190355360507965,33435549.56027794,802748.5337900713,27533110.678195953,34510853.37433468,8638533.673727997,0.1109637878195288,6.283470852502888,5.968753738978346,-1.0,1.0,-1.0,0.2789201296012893,0,0.5968092831310764,4.1549853320868736e+22,1.8042432125565975,0.7478881249173267,0.6,0.0,0.0,0.006666666666666667,0.005441441618890294,3.6153675479494782,0.8162162428335441,0.012108108285556961,0.0,0.0,0.006666666666666667,0.005441441618890294,0.5171377658843994,0.7338160276412964,0.5209198594093323,89.0
0.2664548085393056,14.0173429697752,10.440212488174438,51837466.08989365,16.961750149726868,33716659.508807056,838482.1471357091,27401962.637901306,34578243.08075907,8871157.788725983,0.11557899310479443,6.305870368205722,5.993036379375921,-1.0,1.0,-1.0,0.2795044023276244,0,0.5966004431265909,4.2187996694653455e+22,1.8212095727408464,0.7485436236398613,0.6,0.0,0.0,0.006666666666666667,0.005389905740928313,3.5634566652311457,0.8084858611392469,0.01205657240759498,0.0,0.0,0.006666666666666667,0.005389905740928313,0.5220106244087219,0.7429936528205872,0.513992428779602,90.0
0.2648292096548784,14.172011530399322,10.518450736999512,52332849.10033727,15.089470267295837,32870018.956556037,838875.9942254109,25607921.00429535,33032792.918206643,9167010.178126676,0.12061504734902857,6.232518253543967,5.953512124690996,-1.0,0.0725572258234024,-1.0,0.2771780089019336,0,0.5979691013238067,4.286790806933528e+22,1.83874621272871,0.7527666843964149,0.6,0.0,0.0,0.006666666666666667,0.005337231891011479,3.521335051377319,0.8005847836517218,0.012003898557678146,0.0,0.0,0.006666666666666667,0.005337231891011479,0.5259225368499756,0.7007855772972107,0.4572566747665405,91.0
0.26445033011783003,14.372011530399323,10.376492738723755,52823786.2143797,17.844550251960754,34210599.73272054,914899.7622279723,28221042.99068451,35714444.80429998,9249642.373472605,0.12208206940126116,6.363598249470881,6.0498308115187704,-1.0,1.0,-1.0,0.28142093087593784,0,0.5973768632313766,4.327408780457394e+22,1.8572536666490562,0.7531736332546345,0.6,0.0,0.0,0.006666666666666667,0.00528341030290227,3.472557700919405,0.7925115454353404,0.011950076969568936,0.0,0.0,0.006666666666666667,0.00528341030290227,0.5188246369361877,0.7907246351242065,0.5407439470291138,92.0
0.26286947913958797,14.572011530399323,10.506303310394287,53309701.3575009,16.6717169880867,34197976.96392171,944907.5202842915,27178020.29848099,34907981.89689442,9521125.1179707,0.12873699231436336,6.3684461675274715,6.062664686254253,-1.0,0.733377993106842,-1.0,0.28105875284587106,0,0.5967504909199737,4.379871515829862e+22,1.8763278159856174,0.7538360524756414,0.6,0.0,0.0,0.006666666666666667,0.005228909482240136,3.424648164538492,0.7843364223360204,0.011895576148906803,0.0,0.0,0.006666666666666667,0.005228909482240136,0.5253151655197144,0.7724191546440125,0.5052035450935364,93.0
0.2616357821825533,14.772011530399322,10.402687788009644,53799923.24860822,17.43818360567093,34745404.38797502,995732.002412379,27840871.393680573,35749355.21996038,9725072.037624255,0.13253121197837442,6.42022591774928,6.108238285472636,-1.0,1.0,-1.0,0.2824017333398712,0,0.5962345701924222,4.444861697430388e+22,1.8960914917844882,0.7546621095386242,0.6,0.0,0.0,0.006666666666666667,0.005173723200565214,3.3777750770255692,0.7760584800847821,0.01184038986723188,0.0,0.0,0.006666666666666667,0.005173723200565214,0.5201343894004822,0.8056755065917969,0.5284298062324524,94.0
0.26028863811013886,14.972011530399323,10.457814931869507,54295741.60122253,17.238964676856995,34968627.808554396,1036468.5571400734,27696779.6087265,35817070.99336581,9968988.83079502,0.13758760275982268,6.446114540454173,6.133287995073261,-1.0,1.0,-1.0,0.28284725001420685,0,0.5958449755932383,4.5201702935819436e+22,1.9164855624559816,0.7556148522140966,0.6,0.0,0.0,0.006666666666666667,0.005117956869197352,3.3320853054794846,0.7676935303796028,0.011784623535864019,0.0,0.0,0.006666666666666667,0.005117956869197352,0.5228907465934753,0.8130334615707397,0.5223928689956665,95.0
0.2617891764581813,15.0,10.534501075744629,54737926.50159713,15.712291270494461,34029952.871551454,1046539.1950789043,26246792.34623909,34320376.71143699,9962670.819995396,0.14451183524515832,6.405231872936187,6.11356002708336,-1.0,0.13994234800338745,-1.0,0.2836672973758305,0,0.6014992748873395,4.603270781717176e+22,1.9375570345840747,0.7689814974867668,0.6,0.0,0.0,0.006666666666666667,0.005061348797701939,3.3151754628532304,0.7592023196552908,0.011728015464368606,0.0,0.0,0.006666666666666667,0.005061348797701939,0.5267250537872314,0.7753052711486816,0.47613003849983215,96.0
0.264796262998805,15.0,10.618196725845337,55062790.86076463,16.55839490890503,34125539.03384155,1099883.2785768348,27176591.634750366,35024524.01796031,9742741.100679133,0.1489576323682217,6.473126424207236,6.167175252616783,-1.0,0.0,-1.0,0.288271057979529,0,0.6064839567133035,4.573285283970387e+22,1.9595317541659416,0.7827681227852729,0.6,0.0,0.0,0.006666666666666667,0.005003969823924299,3.3057408044143144,0.7505954735886449,0.011670636490590965,0.0,0.0,0.006666666666666667,0.005003969823924299,0.5309098362922668,0.7962230443954468,0.5017695426940918,97.0
0.2677059577039633,15.0,10.731276273727417,55262325.17384292,16.665839731693268,34218345.19201836,1153218.2052360817,27397116.00542068,35042196.95105335,9529616.279847663,0.1561495065860657,6.548725215112471,6.226204273631827,-1.0,0.0,-1.0,0.2923730969005765,0,0.6095513522369406,4.4436061497043175e+22,1.9822780495379078,0.7952611586759716,0.6,0.0,0.0,0.006666666666666667,0.004946184025910712,3.297811673823406,0.7419276038866068,0.011612850692577378,0.0,0.0,0.006666666666666667,0.004946184025910712,0.5365638136863708,0.8063464760780334,0.5050254464149475,98.0
0.2692938917987475,15.0,10.777184963226318,55344438.09520669,16.691880226135254,34413616.146724716,1169633.0448730711,27469065.189361572,34928542.3590419,9349719.741291817,0.15883645360323836,6.585737760341482,6.228899562266735,-1.0,0.0,-1.0,0.2948885489774946,0,0.6108149265467039,4.252579104965505e+22,2.0056788487847963,0.8067750103992222,0.6,0.0,0.0,0.006666666666666667,0.00488816615536962,3.290639304211087,0.7332249233054431,0.011554832822036287,0.0,0.0,0.006666666666666667,0.00488816615536962,0.5388592481613159,0.8152667880058289,0.5058145523071289,99.0
0.2891302847726698,15.0,20.0,55685195.318146884,33.0,48013134.25597474,1915183.0114844823,52999999.99999999,58773935.48014262,7301935.779792136,0.15879946362569997,8.037775886629266,7.058212888565806,1.0,0.0,1.0,0.350542640565458,0,0.6160664862450728,4.0362805740314275e+22,2.0283381483400573,0.8175352342759232,0.6,0.0,0.0,0.006666666666666667,0.004836893046895056,3.2825511561109475,0.7255339570342584,0.011503559713561724,0.0,0.0,0.006666666666666667,0.004836893046895056,0.3440970480442047,0.8283503651618958,0.5533930063247681,100.0
-4.614383891881547e-06,15.0,20.0,66045526.11628074,33.0,-45453158.42153612,19955081.72238575,52999999.99999999,67295278.26081789,2627667.364268701,1.7936292017884843,11.555492768323129,11.349021569019964,1.0,0.0,1.0,0.9326778062917488,2,0.781591746186903,3.714950849129972e+22,2.044784405774866,0.8103295315656528,0.6,0.0,0.0,0.006666666666666667,0.004803537992123433,3.3236541201230887,0.720530698818515,0.0114702046587901,0.003587258403576968,-9.228767783763095e-08,0.006666666666666667,0.004803537992123433,0.31001338362693787,0.6867344379425049,0.40794992446899414,101.0
0.8672026489810718,15.0,20.0,67291809.19855869,33.0,38776171.34756217,40216197.374774344,52999999.99999999,85146986.91257457,1893848.9644440492,3.6630877715300296,15.738786485697942,15.077604190998102,1.0,0.0,1.0,1.1520764032538597,1,0.8022380506571817,5.083115925391912e+22,2.057945022587971,0.8064979983571585,0.6342041269065485,0.0073261755430600595,0.017344052979621435,0.006666666666666667,0.004778181354058892,3.338324384788716,0.7167272031088338,0.03611507654340705,0.0073261755430600595,0.017344052979621435,0.006666666666666667,0.004778181354058892,0.6864383220672607,0.13804104924201965,0.1265258938074112,102.0
0.8549486527274395,15.0,20.0,70008647.32673684,33.0,62004201.24766694,53629599.95894975,52999999.99999999,96368193.1763554,1586219.1936797476,4.91237538990053,18.55792235609,16.48815722101719,1.0,0.0,1.0,1.3215382167461522,1,0.8477688001125201,6.038354912248277e+22,2.068394821616474,0.803941946562396,0.6580851015779576,0.009824750779801059,0.01709897305454879,0.006666666666666667,0.004758599184748806,3.3476468457006177,0.7137898777123209,0.03834898968576532,0.009824750779801059,0.01709897305454879,0.006666666666666667,0.004758599184748806,0.4109199345111847,0.5268181562423706,0.4704185128211975,103.0
0.8349906301701402,15.0,20.0,72282087.54939967,33.0,81783048.58805928,61035572.6231809,52999999.99999999,102266456.95541458,1467504.8109067362,5.602934523536211,19.849077725153414,16.800494200450064,1.0,0.0,1.0,1.4213069761648482,1,0.8864096451828402,6.082978909997875e+22,2.0771407757068205,0.801954815317269,0.6592007015216976,0.011205869047072423,0.016699812603402805,0.006666666666666667,0.004742271709204656,3.354680508196034,0.7113407563806984,0.03931462002634655,0.011205869047072423,0.016699812603402805,0.006666666666666667,0.004742271709204656,0.3668208420276642,0.5099268555641174,0.48546385765075684,104.0
0.8213989944102026,15.0,20.0,73298559.61136408,33.0,95257708.1077703,65195058.2729248,52999999.99999999,105666505.72818014,1405071.3210427223,5.991634298961817,20.643277702235277,16.897396729946923,1.0,0.0,1.0,1.4714468657176192,1,0.9038429728103143,5.354786006341072e+22,2.0845339900093087,0.8004259444707014,0.6409958789302775,0.011983268597923636,0.01642797988820405,0.006666666666666667,0.004728348353595316,3.359514357172945,0.7092522530392974,0.03980626350638967,0.011983268597923636,0.01642797988820405,0.006666666666666667,0.004728348353595316,0.3273839056491852,0.5151516199111938,0.5021184682846069,105.0
0.8118548766321843,15.0,20.0,73147332.15657286,33.0,103924406.15416461,67154590.45336181,52999999.99999999,107467889.15176211,1360161.0262509605,6.176820412740518,21.324862264279897,17.013082585263675,1.0,0.0,1.0,1.4878811020398155,1,0.9012432197830905,4.277926550134785e+22,2.090796563984432,0.7993580217820906,0.6140743925251204,0.012353640825481037,0.016237097532643685,0.006666666666666667,0.004716379168578581,3.362105971454026,0.7074568752867872,0.03997378419336997,0.012353640825481037,0.016237097532643685,0.006666666666666667,0.004716379168578581,0.2968251407146454,0.5047622323036194,0.4985790252685547,106.0
0.8034567155651895,15.0,20.0,72300355.17761663,33.0,109005794.46816613,67262232.76805711,52999999.99999999,107803484.0098021,1329471.455640751,6.190216006700495,21.84548427659124,17.11231646858135,1.0,0.0,1.0,1.4809973030715426,1,0.8867221008844509,3.253062154472974e+22,2.096147183378751,0.7987074861534639,0.5884527826335751,0.01238043201340099,0.01606913431130379,0.006666666666666667,0.004705944669890131,3.3628409888655733,0.7058917004835197,0.03982217766126158,0.01238043201340099,0.01606913431130379,0.006666666666666667,0.004705944669890131,0.2714822590351105,0.4723386764526367,0.47465670108795166,107.0
0.7929512756351739,15.0,20.0,71197445.25514422,33.0,111555704.07322304,65779454.352918856,52999999.99999999,106772514.78237808,1320741.7392532167,6.054727185857372,22.103121331384234,17.149154240847114,1.0,0.0,1.0,1.4564388986624488,1,0.867913585396458,2.5186201367839553e+22,2.1008069655033332,0.798356497511569,0.5700917321913497,0.012109454371714743,0.015859025512703476,0.006666666666666667,0.004696607205962046,3.362448749181336,0.7044910808943069,0.03933175375704693,0.012109454371714743,0.015859025512703476,0.006666666666666667,0.004696607205962046,0.24915146827697754,0.4286549687385559,0.43957585096359253,108.0
0.7888027915445371,15.0,20.0,70254601.61343807,33.0,110357962.8813098,64080608.5491448,52999999.99999999,105480908.02185372,1318857.0493186759,5.89856009773575,22.250040327313172,17.163381684209064,1.0,0.0,1.0,1.4320560119713035,1,0.8519256254402438,2.1603484288547945e+22,2.1049463133308444,0.7982070556769951,0.5611349394931207,0.0117971201954715,0.015776055830890742,0.006666666666666667,0.004688062365043294,3.3616254826504615,0.7032093547564942,0.038927905058072206,0.0117971201954715,0.015776055830890742,0.006666666666666667,0.004688062365043294,0.2322481870651245,0.3875182569026947,0.40387389063835144,109.0
0.7940323279589137,15.0,20.0,69734161.88910264,33.0,107198902.29795429,63776292.089268684,52999999.99999999,105336864.0601171,1311049.0067783238,5.871392033074978,22.594961235505192,17.31697527080129,1.0,0.0,1.0,1.4233105876496093,1,0.8431365770896173,2.121835920049919e+22,2.1086740923620275,0.7981880175248992,0.5601721267729988,0.011742784066149956,0.01588064655917827,0.006666666666666667,0.004680196943869632,3.360937407600353,0.7020295415804447,0.038970294235864525,0.011742784066149956,0.01588064655917827,0.006666666666666667,0.004680196943869632,0.22206899523735046,0.357647567987442,0.3787340521812439,110.0
0.7972914994043321,15.0,20.0,69680738.55348757,33.0,105559403.31700385,63753764.07974188,52999999.99999999,105319727.50507659,1307902.9006154316,5.869658067667653,22.71045930710039,17.357934685660553,1.0,0.0,1.0,1.4224130216032158,1,0.8422358390299464,2.2591043782575724e+22,2.1120907418203134,0.7982160581906493,0.56360383822819,0.011739316135335307,0.015945829988086642,0.006666666666666667,0.00467281695589768,3.360660193149573,0.700922543384652,0.0390246297459863,0.011739316135335307,0.015945829988086642,0.006666666666666667,0.00467281695589768,0.21285390853881836,0.3347015380859375,0.3638101816177368,111.0
0.8017991472379942,15.0,20.0,69931602.91036572,33.0,104453393.14199826,64407345.606755555,52999999.99999999,105848651.38326463,1303928.7424311996,5.930265737516501,22.78480250257304,17.393895464242913,1.0,0.0,1.0,1.4296858332914255,1,0.8464678716841874,2.4143875976586445e+22,2.1152511228449233,0.7982616424420309,0.5674859187132169,0.011860531475033,0.016035982944759882,0.006666666666666667,0.004665833706316725,3.3607916128243427,0.6998750559475088,0.039229014792776275,0.011860531475033,0.016035982944759882,0.006666666666666667,0.004665833706316725,0.20818191766738892,0.32878929376602173,0.3624778091907501,112.0
0.8043473677349137,15.0,20.0,70253677.31539448,33.0,104678911.87853712,65331308.655031614,52999999.99999999,106612902.69365802,1299277.4760063798,6.015854325492629,22.85221580855634,17.435897572307216,1.0,0.0,1.0,1.4394475291096065,1,0.8519099932922896,2.485030163974897e+22,2.1181980839318992,0.7983257295737395,0.5692519828711231,0.012031708650985257,0.016086947354698275,0.006666666666666667,0.0046591811217651016,3.3611462405530306,0.6988771682647652,0.0394445037941153,0.012031708650985257,0.016086947354698275,0.006666666666666667,0.0046591811217651016,0.20429177582263947,0.3303290605545044,0.3680732250213623,113.0
0.8043449853676887,15.0,20.0,70457512.1925718,33.0,105813873.14560369,66079804.238675535,52999999.99999999,107249804.3769529,1294662.1091409482,6.085294729880117,22.9266527716583,17.482034980218874,1.0,0.0,1.0,1.4465293237654193,1,0.8553593050543918,2.4468302981291055e+22,2.1209721020923777,0.7984256262195737,0.5682969862249783,0.012170589459760234,0.016086899707353775,0.006666666666666667,0.0046527935529894334,3.3614888329307173,0.6979190329484151,0.03957694938677011,0.012170589459760234,0.016086899707353775,0.006666666666666667,0.0046527935529894334,0.1991082727909088,0.332220196723938,0.37317711114883423,114.0
0.8026366597981381,15.0,20.0,70472069.86217856,33.0,107108214.3576215,66410713.55841636,52999999.99999999,107553084.4214898,1290893.7139501115,6.116192699674783,23.00603745398811,17.528292321863137,1.0,0.0,1.0,1.4485687070837994,1,0.8556058020840519,2.3396441970412683e+22,2.123614967298693,0.798578693111259,0.5656173336977823,0.012232385399349566,0.016052733195962763,0.006666666666666667,0.004646600465342241,3.361651789447785,0.6969900698013362,0.03959838572732124,0.012232385399349566,0.016052733195962763,0.006666666666666667,0.004646600465342241,0.19268810749053955,0.3303108215332031,0.3737775683403015,115.0
0.8006425001025705,15.0,20.0,70338118.54196157,33.0,107943005.15142736,66344610.540644705,52999999.99999999,107527862.44088894,1288169.4213515094,6.110411462368383,23.084998757900618,17.57012507003557,1.0,0.0,1.0,1.4463357269112844,1,0.853338436597515,2.2275281553602296e+22,2.126167745692228,0.7987921864160866,0.5628144326557564,0.012220822924736766,0.01601285000205141,0.006666666666666667,0.0046405326930629345,3.3615919164594783,0.6960799039594402,0.03954087228651778,0.012220822924736766,0.01601285000205141,0.006666666666666667,0.0046405326930629345,0.1860060691833496,0.3239648640155792,0.3694867193698883,116.0
0.7993764298325946,15.0,20.0,70160549.51933807,33.0,108119248.60254282,66089046.570354626,52999999.99999999,107338009.76514025,1286571.8864266295,6.087052863516593,23.15318528916576,17.605132541506514,1.0,0.0,1.0,1.442365032665203,1,0.8503353899776068,2.16075942340993e+22,2.128666549606793,0.79906018030074,0.5611452143569988,0.012174105727033186,0.015987528596651892,0.006666666666666667,0.004634530792712876,3.361375521491672,0.6951796189069314,0.039462831783064624,0.012174105727033186,0.015987528596651892,0.006666666666666667,0.004634530792712876,0.18007613718509674,0.3151252865791321,0.3624809980392456,117.0
0.7994710805692666,15.0,20.0,70036247.20514123,33.0,107755078.9059205,65892075.91456871,52999999.99999999,107185692.4419364,1285193.770793297,6.069065184954731,23.211201189957393,17.63508660016622,1.0,0.0,1.0,1.439559558760947,1,0.8482349735685872,2.154051623857793e+22,2.1311391223178253,0.799369409060454,0.5609775193681954,0.012138130369909461,0.01598942161138533,0.006666666666666667,0.004628552669965069,3.3611111157615086,0.6942829004947604,0.03942277131792653,0.012138130369909461,0.01598942161138533,0.006666666666666667,0.004628552669965069,0.17547044157981873,0.3067527115345001,0.35582634806632996,118.0
0.8005835492171541,15.0,20.0,70009209.45998067,33.0,107250393.35929996,65895798.212131366,52999999.99999999,107191559.26973467,1283475.159965041,6.069600188450214,23.26073987099608,17.662537629540473,1.0,0.0,1.0,1.4393599860877666,1,0.8477782940538852,2.1893521524860478e+22,2.1336044841719075,0.7997059501276674,0.5618600325839018,0.012139200376900427,0.01601167098434308,0.006666666666666667,0.0046225724122425284,3.360886282975759,0.6933858618363793,0.039440110440152706,0.012139200376900427,0.01601167098434308,0.006666666666666667,0.0046225724122425284,0.1721034049987793,0.3008106052875519,0.3516319990158081,119.0
0.8019690115049724,15.0,20.0,70062887.27880107,33.0,106951620.35250852,66099436.33832751,52999999.99999999,107360798.27674747,1281255.926259015,6.088606021581682,23.304979946699138,17.68980375877157,1.0,0.0,1.0,1.4414907173433118,1,0.8486850042994566,2.233786271408344e+22,2.1360754780353934,0.8000608725363312,0.5629708855569593,0.012177212043163363,0.016039380230099445,0.006666666666666667,0.004616574046213887,3.3607307692724597,0.692486106932083,0.03949983298614336,0.012177212043163363,0.016039380230099445,0.006666666666666667,0.004616574046213887,0.16940781474113464,0.297655314207077,0.35021257400512695,120.0
0.8029259628651954,15.0,20.0,70145165.33084716,33.0,107006327.68874882,66398619.18479858,52999999.99999999,107612063.86080708,1278773.1490802085,6.116444360526565,23.346338455542966,17.71773476210725,1.0,0.0,1.0,1.4445532746675689,1,0.8500753537155731,2.260086185419212e+22,2.1385622687335974,0.800431902557675,0.563628383407231,0.01223288872105313,0.016058519257303908,0.006666666666666667,0.004610544297777473,3.360619457958082,0.691581644666621,0.03956861894280118,0.01223288872105313,0.016058519257303908,0.006666666666666667,0.004610544297777473,0.1667608618736267,0.29631179571151733,0.350472092628479,121.0
0.8032303748263534,15.0,20.0,70205108.02626956,33.0,107326695.11929965,66672242.96605572,52999999.99999999,107846958.90791598,1276269.6131500471,6.141933062207197,23.38727396465267,17.746068408351405,1.0,0.0,1.0,1.4471366913794133,1,0.8510886816546023,2.25857911110775e+22,2.1410746683528776,0.8008216835453061,0.5635907065494444,0.012283866124414393,0.016064607496527068,0.006666666666666667,0.004604468834987499,3.3605006476191677,0.6906703252481248,0.03961960912259563,0.012283866124414393,0.016064607496527068,0.006666666666666667,0.004604468834987499,0.16379733383655548,0.29531311988830566,0.35083216428756714,122.0
0.8030572342346485,15.0,20.0,70219359.38701162,33.0,107719535.05266036,66847759.74273051,52999999.99999999,108004002.30783561,1273944.282550917,6.158365733907234,23.42798536551936,17.773504858268335,1.0,0.0,1.0,1.4485142968760614,1,0.8513296503787304,2.236805478015704e+22,2.143622590938675,0.8012339993557598,0.5630463657221433,0.012316731467814469,0.01606114468469297,0.006666666666666667,0.004598332221931113,3.360330056579386,0.689749833289667,0.03964287504110522,0.012316731467814469,0.01606114468469297,0.006666666666666667,0.004598332221931113,0.16050183773040771,0.2935372591018677,0.35016068816185,123.0
0.8027422397542319,15.0,20.0,70194407.12267227,33.0,108019794.83410883,66921190.02361246,52999999.99999999,108077223.52394715,1271899.8601078857,6.165362756427312,23.46692568265285,17.79887771788611,1.0,0.0,1.0,1.4487592469289285,1,0.8509077584237985,2.2102124704410947e+22,2.1462155231401563,0.8016704617615255,0.5623815405327781,0.012330725512854624,0.016054844795084636,0.006666666666666667,0.0045921195167539465,3.3600926348925158,0.688817927513092,0.039644356491359875,0.012330725512854624,0.016054844795084636,0.006666666666666667,0.0045921195167539465,0.15710295736789703,0.2907002568244934,0.34822243452072144,124.0
0.8025526416605355,15.0,20.0,70152952.76827471,33.0,108163056.55077063,66934936.564664096,52999999.99999999,108099618.66496599,1270143.2838899721,6.166828804424177,23.50222187888589,17.82170817116683,1.0,0.0,1.0,1.4484199757913998,1,0.8502069806027874,2.192057301965124e+22,2.1488616517488808,0.8021294669349681,0.5619276613208788,0.012333657608848353,0.016051052833210712,0.006666666666666667,0.0045858182097763605,3.3598024858944098,0.6878727314664541,0.03963719531850209,0.012333657608848353,0.016051052833210712,0.006666666666666667,0.0045858182097763605,0.1538768708705902,0.2872198224067688,0.3455054759979248,125.0
0.8026675240443223,15.0,20.0,70119944.35275681,33.0,108163512.81208031,66950137.72068636,52999999.99999999,108120865.31739227,1268505.3739047947,6.168415479605181,23.53342246113768,17.84229326913041,1.0,0.0,1.0,1.4482107533532278,1,0.8496490966107589,2.187917689909375e+22,2.151566895957646,0.8026073964700652,0.5618241710194851,0.01233683095921036,0.016053350480886446,0.006666666666666667,0.004579420224796564,3.359485904231765,0.6869130337194846,0.03963626833156004,0.01233683095921036,0.016053350480886446,0.006666666666666667,0.004579420224796564,0.15099596977233887,0.28376585245132446,0.3427368998527527,126.0
0.8030542106913772,15.0,20.0,70109170.27655093,33.0,108106935.84991655,67008891.291109756,52999999.99999999,108176255.12194982,1266820.6722184,6.174020373872251,23.56129619348927,17.8613802005219,1.0,0.0,1.0,1.4485777627696983,1,0.8494670235241268,2.1949357576941956e+22,2.154334854516498,0.8031001964959517,0.5619996227141056,0.012348040747744503,0.016061084213827542,0.006666666666666667,0.004572921819217132,3.359167020287202,0.6859382728825698,0.039648713447455845,0.012348040747744503,0.016061084213827542,0.006666666666666667,0.004572921819217132,0.14847204089164734,0.28088515996932983,0.3405052423477173,127.0
0.803543212659869,15.0,20.0,70119203.1267893,33.0,108084900.12603241,67117794.62228549,52999999.99999999,108272516.54142141,1265021.5349522412,6.1842594662064805,23.586912987356154,17.879717504281796,1.0,0.0,1.0,1.4495369491687065,1,0.8496365701436854,2.2055952872116582e+22,2.1571674877721825,0.8036048536821547,0.5622661109520422,0.012368518932412961,0.01607086425319738,0.006666666666666667,0.004566321981196885,3.3588570245154474,0.6849482971795328,0.03967237183347389,0.012368518932412961,0.01607086425319738,0.006666666666666667,0.004566321981196885,0.14617930352687836,0.27874359488487244,0.3389766812324524,128.0
0.803959477864957,15.0,20.0,70138304.63089402,33.0,108143994.0855885,67254478.34705022,52999999.99999999,108392296.92250234,1263134.7350021217,6.197069029967779,23.61126854659827,17.897711778431063,1.0,0.0,1.0,1.4507886745523273,1,0.8499593957548444,2.2128638843379492e+22,2.160066028121546,0.8041200246777076,0.5624478258801995,0.012394138059935557,0.01607918955729914,0.006666666666666667,0.004559620566316112,3.3585527249326024,0.6839430849474168,0.03969961485021748,0.012394138059935557,0.01607918955729914,0.006666666666666667,0.004559620566316112,0.14395776391029358,0.2771477699279785,0.33792948722839355,129.0
0.8042218327484917,15.0,20.0,70154128.4808109,33.0,108273208.49366686,67389543.78454828,52999999.99999999,108511844.64717829,1261245.0000650142,6.20973070047208,23.634761729263314,17.91535621786999,1.0,0.0,1.0,1.4519791030579074,1,0.8502268535436734,2.2136759692410617e+22,2.1630315326379184,0.8046456666850378,0.5624681280027772,0.012419461400944161,0.016084436654969832,0.006666666666666667,0.004552817264198275,3.358242847878307,0.6829225896297413,0.03972338198677894,0.012419461400944161,0.016084436654969832,0.006666666666666667,0.004552817264198275,0.14170120656490326,0.27573728561401367,0.3369733691215515,130.0
0.8043605867272652,15.0,20.0,70159925.50752111,33.0,108427648.91928773,67503501.69223094,52999999.99999999,108614802.83956686,1259403.979450228,6.2204426091555085,23.657604711579822,17.932454884733847,1.0,0.0,1.0,1.4529046004267765,1,0.8503248419764573,2.2091388983675925e+22,2.1660650546163316,0.805182188327018,0.5623547012309404,0.012440885218311017,0.016087211734545304,0.006666666666666667,0.004545911512314868,3.3579166379968557,0.6818867268472302,0.039740675131837856,0.012440885218311017,0.016087211734545304,0.006666666666666667,0.004545911512314868,0.13939176499843597,0.2742287516593933,0.3358117341995239,131.0
0.8044479692685953,15.0,20.0,70155956.29655239,33.0,108566607.141186,67592411.91168523,52999999.99999999,108697320.3303646,1257641.7583146591,6.228837977585616,23.679573724519287,17.948765976562314,1.0,0.0,1.0,1.4535472061122046,1,0.8502577491750227,2.202642058838446e+22,2.169167553014789,0.8057296288469745,0.5621922802427117,0.012457675955171232,0.016088959385371904,0.006666666666666667,0.00453890281963884,3.3575696554111443,0.6808354229458261,0.039752204826848644,0.012457675955171232,0.016088959385371904,0.006666666666666667,0.00453890281963884,0.13707563281059265,0.2725188136100769,0.3343528211116791,132.0
0.804551349383828,15.0,20.0,70147114.92102197,33.0,108669984.60807298,67664679.21075648,52999999.99999999,108765825.07561707,1255968.3732835692,6.235689937853495,23.700209727724957,17.96414978293102,1.0,0.0,1.0,1.454019575481463,1,0.8501083060537229,2.197487075337991e+22,2.1723396781912334,0.8062873223328092,0.5620634056552003,0.012471379875706989,0.01609102698767656,0.006666666666666667,0.004531791219701489,3.3572044796806746,0.6797686829552233,0.039760864749751705,0.012471379875706989,0.01609102698767656,0.006666666666666667,0.004531791219701489,0.13481636345386505,0.27067476511001587,0.3326842784881592,133.0
0.8047232970943018,15.0,20.0,70139068.00924212,33.0,108737011.19253775,67734117.29659647,52999999.99999999,108831431.27444746,1254332.106907525,6.242277313738475,23.71966537901276,17.978731523465054,1.0,0.0,1.0,1.4544910312920336,1,0.8499722979774327,2.1953209542635325e+22,2.175581546767357,0.8068541246816274,0.5620092526283389,0.012484554627476949,0.016094465941886037,0.006666666666666667,0.004524577756038886,3.3568273188168343,0.678686663405833,0.03977026499206854,0.012484554627476949,0.016094465941886037,0.006666666666666667,0.004524577756038886,0.1326601505279541,0.26884925365448,0.33097735047340393,134.0
0.8049599697265222,15.0,20.0,70135311.76840803,33.0,108786829.71201149,67810899.80548851,52999999.99999999,108902587.85775504,1252692.6102213138,6.249542330799698,23.738152463450938,17.99270249683511,1.0,0.0,1.0,1.4550732972641676,1,0.8499088124890927,2.1958749947148785e+22,2.1788927404671363,0.8074287546086713,0.5620231036396226,0.012499084661599396,0.016099199394530445,0.006666666666666667,0.004517264446038214,3.3564443495680734,0.6775896669057321,0.03978221516883472,0.012499084661599396,0.016099199394530445,0.006666666666666667,0.004517264446038214,0.13061296939849854,0.2671666741371155,0.3293740749359131,135.0
0.8052287070894201,15.0,20.0,70136189.43007448,33.0,108839922.09080197,67898052.24630518,52999999.99999999,108982047.80439803,1251031.8675373564,6.257765973197442,23.755916550665845,18.0062550796232,1.0,0.0,1.0,1.4557882239223237,1,0.8499236460236416,2.197698744933025e+22,2.182272436960295,0.8080101342015502,0.5620686973950763,0.012515531946394884,0.0161045741417884,0.006666666666666667,0.004509853965562306,3.3560590856728085,0.6764780948343458,0.03979662672041226,0.012515531946394884,0.0161045741417884,0.006666666666666667,0.004509853965562306,0.1286485195159912,0.2656741738319397,0.3279246389865875,136.0
0.8054924090377786,15.0,20.0,70139727.12791787,33.0,108908238.05988127,67992322.1876206,52999999.99999999,109067395.10218807,1249354.2690428298,6.266648064640654,23.773162835990426,18.019515236866965,1.0,0.0,1.0,1.4565865127914006,1,0.8499834381020189,2.199225824460193e+22,2.185719600209661,0.8085975479336044,0.5621068743832555,0.012533296129281309,0.016109848180755573,0.006666666666666667,0.004502349257432255,3.355671834853892,0.6753523886148383,0.03981216023413581,0.012533296129281309,0.016109848180755573,0.006666666666666667,0.004502349257432255,0.12673109769821167,0.2643425464630127,0.3265951871871948,137.0
0.805728573460221,15.0,20.0,70143311.97958085,33.0,108992303.72996414,68087747.92385392,52999999.99999999,109153855.79812115,1247676.805124958,6.275637219308655,23.790009887810886,18.03252404345245,1.0,0.0,1.0,1.4573940620334935,1,0.8500440283606372,2.1995570624198137e+22,2.1892331388476194,0.8091905992177374,0.562115155332246,0.01255127443861731,0.01611457146920442,0.006666666666666667,0.004494753244150837,3.3552808375305627,0.6742129866226256,0.03982726581863923,0.01255127443861731,0.01611457146920442,0.006666666666666667,0.004494753244150837,0.12483367323875427,0.2631019055843353,0.3253090977668762,138.0
0.8059354102430998,15.0,20.0,70145142.3692553,33.0,109084631.95973572,68179387.0341636,52999999.99999999,109237343.15413211,1246016.571027333,6.284275910369604,23.806493387246377,18.045263533589306,1.0,0.0,1.0,1.458155366076853,1,0.8500749656166022,2.1986764952070695e+22,2.1928119816024845,0.809789047663395,0.5620931411519274,0.012568551820739206,0.016118708204861994,0.006666666666666667,0.004487068724791016,3.3548840107399327,0.6730603087186523,0.039840995417058885,0.012568551820739206,0.016118708204861994,0.006666666666666667,0.004487068724791016,0.12294703722000122,0.26188597083091736,0.3239964544773102,139.0
0.8061346903688466,15.0,20.0,70146676.25374952,33.0,109174847.88907683,68271761.85967161,52999999.99999999,109322070.41492265,1244373.8670676567,6.292980911437897,23.822254590421228,18.057430837222437,1.0,0.0,1.0,1.458889868538829,1,0.850100891585836,2.1971771828750246e+22,2.196454544076871,0.8103926665502746,0.5620556583436263,0.012585961822875793,0.01612269380737693,0.006666666666666667,0.004479299525079642,3.3544802943827343,0.6718949287619463,0.03985462182199903,0.012585961822875793,0.01612269380737693,0.006666666666666667,0.004479299525079642,0.12107683718204498,0.2606605887413025,0.32262468338012695,140.0
0.8063178021670528,15.0,20.0,70145455.49713127,33.0,109265349.76255971,68356074.0116686,52999999.99999999,109399826.11590067,1242730.3401163868,6.3009433322269786,23.838128545445645,18.069573347458668,1.0,0.0,1.0,1.4595593503941644,1,0.850080258137537,2.195159351158304e+22,2.2001600750748804,0.8110010747933433,0.5620052125507082,0.012601886664453957,0.016126356043341058,0.006666666666666667,0.00447144833233092,3.3540705202028436,0.670717249849638,0.0398663577067926,0.012601886664453957,0.016126356043341058,0.006666666666666667,0.00447144833233092,0.1192186027765274,0.2594677805900574,0.3212326467037201,141.0
0.8065080746346127,15.0,20.0,70142753.29333785,33.0,109346920.13926539,68435427.01718208,52999999.99999999,109473237.20484465,1241102.1832858273,6.308447308641718,23.854073059170435,18.081535003552265,1.0,0.0,1.0,1.460188916571151,1,0.8500345855062732,2.1935541884075643e+22,2.203927401170395,0.8116139827855653,0.5619650834819397,0.012616894617283436,0.016130161492692256,0.006666666666666667,0.004463518189603577,3.353654475805213,0.6695277284405367,0.03987724096624594,0.012616894617283436,0.016130161492692256,0.006666666666666667,0.004463518189603577,0.11739163100719452,0.25824180245399475,0.3197689354419708,142.0
0.8067077154888124,15.0,20.0,70140125.1831846,33.0,109420792.01029316,68512671.7063991,52999999.99999999,109544686.08833466,1239503.7280004234,6.315753924480528,23.869161963144478,18.09320186927135,1.0,0.0,1.0,1.4608074377917393,1,0.8499901658714134,2.1928624782821e+22,2.2077552279485024,0.8122308672973844,0.5619477907288031,0.012631507848961054,0.016134154309776248,0.006666666666666667,0.004455511918931148,3.353233819062132,0.6683267878396721,0.039887840744335115,0.012631507848961054,0.016134154309776248,0.006666666666666667,0.004455511918931148,0.11560240387916565,0.2570243179798126,0.3182806372642517,143.0
0.8069292767654302,15.0,20.0,70138636.20800617,33.0,109487679.83084048,68591402.00716886,52999999.99999999,109617139.61157767,1237913.908450344,6.3231969174686595,23.883909693014907,18.1046853900981,1.0,0.0,1.0,1.4614552414637605,1,0.8499649998914025,2.1930591608538315e+22,2.21164216153663,0.8128512018583137,0.5619527077930964,0.01264639383493732,0.016138585535308603,0.006666666666666667,0.004447432619072981,3.3528103813849266,0.6671148928609472,0.03989907865598557,0.01264639383493732,0.016138585535308603,0.006666666666666667,0.004447432619072981,0.113863006234169,0.25586971640586853,0.3168245553970337,144.0
0.8071640591225543,15.0,20.0,70138535.2249616,33.0,109554119.81549105,68672941.28299898,52999999.99999999,109691746.676244,1236323.90957729,6.3308993247302565,23.898509610000566,18.116031511750503,1.0,0.0,1.0,1.4621443282700692,1,0.8499632931296316,2.193759163025781e+22,2.21558675850733,0.8134745202183059,0.5619702078473952,0.012661798649460513,0.016143281182451084,0.006666666666666667,0.004439283506123475,3.352385362578625,0.6658925259185212,0.03991103000470174,0.012661798649460513,0.016143281182451084,0.006666666666666667,0.004439283506123475,0.11216424405574799,0.25478723645210266,0.3154154419898987,145.0
0.8074000479730948,15.0,20.0,70139370.12448333,33.0,109624179.66133471,68756190.54026507,52999999.99999999,109767596.81202596,1234736.302137057,6.338759550450299,23.91309452994681,18.127070668956055,1.0,0.0,1.0,1.4628619038192294,1,0.8499774041869361,2.1944933004331486e+22,2.2195875778512124,0.8141004615485634,0.5619885612825793,0.012677519100900599,0.016148000959461898,0.006666666666666667,0.004431067782961561,3.351959125408414,0.6646601674442342,0.03992325450999072,0.012677519100900599,0.016148000959461898,0.006666666666666667,0.004431067782961561,0.11049357056617737,0.25376883149147034,0.31404387950897217,146.0
0.8076328125603301,15.0,20.0,70140418.65905245,33.0,109697978.2845239,68839992.9560212,52999999.99999999,109843791.13617748,1233151.5126402322,6.346670904785647,23.928046340468903,18.137918858368867,1.0,0.0,1.0,1.4635908207946695,1,0.8499951260916853,2.194945216694426e+22,2.2236432002700344,0.8147287788899326,0.5619998591891113,0.012693341809571294,0.016152656251206602,0.006666666666666667,0.004422788717051487,3.3515313213130806,0.663418307557723,0.03993545344449605,0.012693341809571294,0.016152656251206602,0.006666666666666667,0.004422788717051487,0.10884284973144531,0.25279849767684937,0.3126901388168335,147.0
0.8078595780947027,15.0,20.0,70141090.50135152,33.0,109774484.00930518,68923055.79132926,52999999.99999999,109919311.1558617,1231572.7031042662,6.354513833542572,23.943371863656015,18.14872029016261,1.0,0.0,1.0,1.4643141882859072,1,0.8500064813518882,2.19504269486072e+22,2.2277522556263825,0.815359287990276,0.5620022961432687,0.012709027667085144,0.016157191561894053,0.006666666666666667,0.0044144495060470185,3.351101395348893,0.6621674259070528,0.03994733540169288,0.012709027667085144,0.016157191561894053,0.006666666666666667,0.0044144495060470185,0.10720542073249817,0.2518512010574341,0.3113289475440979,148.0
0.8080821584059276,15.0,20.0,70141164.39051908,33.0,109851389.60469298,69004589.09207617,52999999.99999999,109993497.60590382,1230003.1398160665,6.362215111270423,23.95897933104719,18.15946076654559,1.0,0.0,1.0,1.465023650681441,1,0.8500077302052061,2.194913067822956e+22,2.231913410671596,0.8159918161511757,0.5619990554673246,0.012724430222540845,0.01616164316811855,0.006666666666666667,0.004406053230724955,3.3506690063741105,0.6609079846087432,0.03995879328805102,0.012724430222540845,0.01616164316811855,0.006666666666666667,0.004406053230724955,0.10558062791824341,0.2509114146232605,0.3099457025527954,149.0
0.8083049529365901,15.0,20.0,70140779.50902593,33.0,109926658.13331848,69084703.82981628,52999999.99999999,110066421.572577,1228443.5193034508,6.369784871773464,23.97479209439455,18.170128750111306,1.0,0.0,1.0,1.4657214689848992,1,0.8500012250553312,2.1947584637188327e+22,2.2361253567367227,0.8166261704150382,0.5619951903647216,0.012739569743546928,0.0161660990587318,0.006666666666666667,0.00439760289001429,3.3502342052079617,0.6596404335021435,0.039969938358959685,0.012739569743546928,0.0161660990587318,0.006666666666666667,0.00439760289001429,0.10397154092788696,0.2499774992465973,0.3085401654243469,150.0
