H98,Ip_MA,P_ECRH_MW,P_LH,P_NBI_MW,P_SOL_total,P_alpha_total,P_aux_total,P_ohmic_e,Q_fusion,T_e0,T_i0,beta_N,fail_reason,fgw_n_e_line_avg,j0_MA_m2,li3,q95,q_min,r_bench,r_fusion_gain,r_h98,r_q95,r_q_min,t
0.7266451062298097,3.1914835810661315,6.334491968154907,32749936.581499487,31.99062842130661,38359994.322796196,63169.823060823604,38325120.38946152,126402.37575470084,0.008214216046336629,8.59813058324962,4.667380840939118,0.5705432281086705,,1.0177132436984369,0.3933244053007702,0.8713957157676486,15.435230286545949,3.51704684754716,0.013333333333333334,0.0,0.0,0.006666666666666667,0.006666666666666667,1.0
0.7858691700479978,3.3813609719276427,19.401398301124573,33264972.753150873,1.2046457827091217,20752508.33541106,46961.22300181561,20606044.0838337,246023.41221710166,0.011260567569788806,7.727438950310908,4.17809485226816,0.5278764184703222,,1.0525156037159196,0.40410991021416826,0.8027612601343648,14.823443989742602,3.4463086782284544,0.013333333333333334,0.0,0.0,0.006666666666666667,0.006666666666666667,2.0
0.7349859029603937,3.562509024143219,18.648111820220947,33737008.46963776,0.7548242211341858,19618854.645648845,48873.95252079886,19402936.04135513,302115.65032160276,0.012401376379398844,6.787624926230017,4.110865716281766,0.4922412093121186,,1.0442584366403505,0.41456158324616177,0.7557519456874495,14.219820794469923,3.387753973483442,0.013333333333333334,0.0,0.0,0.006666666666666667,0.006666666666666667,3.0
0.6920653347019656,3.7411542534828186,18.488394618034363,34185660.360007025,0.7179890871047974,19509632.36088465,54933.74736040973,19206383.705139164,366930.83452569623,0.014032816784578692,6.146042773883879,4.248470897218922,0.4662269592784522,,1.0221270748696007,0.4232132587823163,0.7209563324174338,13.642162514766751,3.310186042393458,0.013333333333333334,0.0,0.0,0.006666666666666667,0.006666666666666667,4.0
0.6641094514705592,3.908424139022827,16.995978355407715,34591780.212741636,0.6897072494029999,18068693.01411232,62709.161459979616,17685685.60481072,434353.54982206563,0.017303815109016,5.5808006465260735,4.468304174255817,0.4389312316926861,,0.9968806738510887,0.42866702709634946,0.6965061665033263,13.123862683835466,3.2450833551063956,0.013333333333333334,0.0,0.0,0.006666666666666667,0.006666666666666667,5.0
0.6398511575367203,4.0812689661979675,13.374418914318085,34998317.44223309,0.7406975626945496,14696629.167810727,61634.90355584746,14115116.477012634,615793.9705840817,0.020920262795400574,4.898443218747848,4.48983903713212,0.39700519351441577,,0.9635879583217744,0.4296211778607682,0.6744280110077552,12.628436230115868,3.2090582875585256,0.013333333333333334,0.0,0.0,0.006666666666666667,0.006666666666666667,6.0
0.623232221718674,4.251734209060669,8.792824074625969,35387127.14153314,0.516240656375885,10154828.683138026,46365.86010786171,9309064.731001854,876118.5268673302,0.022761426541853567,4.121503310690739,4.1465407897868465,0.34368024020956967,,0.9232051148175648,0.42502119543147354,0.6553088691144329,12.171627145155485,3.212027117656663,0.013333333333333334,0.0,0.0,0.006666666666666667,0.006666666666666667,7.0
0.5826463917425767,4.421969032287597,7.921472191810608,35764214.880598605,0.3479815721511841,9303622.993019242,36102.87879475051,8269453.763961792,1066543.3288566018,0.019335309574229537,3.764767608546216,3.862650698866039,0.31162201343840834,,0.8862904818550237,0.4166539761538871,0.6395589730578298,11.74050424007338,3.2489252009315073,0.013333333333333334,0.0,0.0,0.006666666666666667,0.006666666666666667,8.0
0.5363930765507372,4.582506847381592,10.716055631637573,36110233.8162162,0.20615243911743164,11978385.276434582,36222.677244256454,10922208.070755003,1091934.52701229,0.015075015528360622,3.9278326917790087,3.830463129380234,0.30985344118993063,,0.8585791555635953,0.408673061146631,0.6304576813461166,11.34579958689084,3.293664329639104,0.013333333333333334,0.0,0.0,0.006666666666666667,0.006666666666666667,9.0
0.5164989337930591,4.728177404403686,15.406502485275269,36416631.663970724,0.1840704381465912,16539827.273261579,43337.62438350447,15590572.923421862,995872.178344489,0.013064168999929054,4.423005477683445,3.9364004486026767,0.331148263999485,,0.8456313571845228,0.4029660647164046,0.6281070121816101,10.995070085073044,3.3307788615280294,0.013333333333333334,0.0,0.0,0.006666666666666667,0.006666666666666667,10.0
0.5159343753527774,4.882132863998413,17.572314739227295,36733054.89889525,0.22002831101417542,18725612.942804836,52241.71103228598,17792343.050241467,984667.0738204957,0.013911083470456278,4.643585989974035,4.048978922495491,0.3471902005455297,,0.8435687065328545,0.3982635880451448,0.6252767006524709,10.65321576491193,3.3534549206801576,0.013333333333333334,0.0,0.0,0.006666666666666667,0.006666666666666667,11.0
0.5135372337703112,5.032693469524384,18.934662342071533,37035531.94339449,0.7172426283359528,20612099.79970407,64056.333072865535,19651904.970407482,1004589.8472221756,0.015505131349340836,4.717658305229676,4.174294605695659,0.36051767392774603,,0.8483699461692662,0.3938975804789089,0.6237439417348227,10.336852443848654,3.263016202929967,0.013333333333333334,0.0,0.0,0.006666666666666667,0.006666666666666667,12.0
0.5102226573961026,5.184219336509704,19.042229652404785,37333350.416547455,0.8862285017967224,20974141.29856935,73978.75040239922,19928458.15420151,1079295.821594847,0.01760748685643214,4.609909570170076,4.219535179220715,0.3645545321646439,,0.8528671528739215,0.3892314223602919,0.6220428045038687,10.039414085731106,3.190805949230023,0.013333333333333334,0.0,0.0,0.006666666666666667,0.006666666666666667,13.0
0.5030031104476421,5.336604404449463,19.148433208465576,37626516.27828837,0.9478285610675812,21235580.832977973,82384.1084691632,20096261.769533154,1167882.1776950478,0.01937160241992757,4.483939156147311,4.239424891254897,0.3645805412222769,,0.8541220407155244,0.38399817240460665,0.6203644346164295,9.758059448765716,3.128436761627474,0.013333333333333334,0.0,0.0,0.006666666666666667,0.006666666666666667,14.0
0.4953812399583638,5.4882876634597775,19.3562114238739,37912324.36325843,0.6954841911792755,21293163.769136816,89468.61622494619,20051695.615053177,1261005.24605082,0.020989506869170994,4.376457182500504,4.25592789103092,0.3624847240374266,,0.8523894537972607,0.3781354681562764,0.6191157076687753,9.492931817314721,3.0702184534014116,0.013333333333333334,0.0,0.0,0.006666666666666667,0.006666666666666667,15.0
0.4888875174377565,5.623211455345154,19.481706619262695,38161747.1324019,0.5543749630451202,21361098.222436856,95347.97120419721,20036081.58230781,1337520.2692785931,0.022305077980368522,4.304452618553141,4.26364061267509,0.36055973018594084,,0.8495817836750891,0.37180462960401595,0.6207436339791818,9.262773860729292,3.0141036635018206,0.013333333333333334,0.0,0.0,0.006666666666666667,0.006666666666666667,16.0
0.48566284367959844,5.721156477928162,19.571449160575867,38340086.68868887,0.5226096510887146,21458917.113604393,100120.19145116057,20094058.81166458,1372324.6209993248,0.023320228059192812,4.2673309529155325,4.257641315995999,0.3605415308104049,,0.8481133822931307,0.36530544375246954,0.6277405358654718,9.09016306075762,2.9589369935358873,0.013333333333333334,0.0,0.0,0.006666666666666667,0.006666666666666667,17.0
0.4865372062625717,5.778282016515732,19.622785449028015,38443074.715789676,0.5268061459064484,21511669.06672794,105017.37537692641,20149591.594934464,1365111.7480460817,0.024405954779569205,4.258397213919794,4.254255890726494,0.3628391431101626,,0.8489653610825058,0.35894684693708634,0.6398583059101234,8.977050855235403,2.90432493438881,0.013333333333333334,0.0,0.0,0.006666666666666667,0.006666666666666667,18.0
0.4886862481364877,5.82479956150055,19.65358793735504,38526390.60458064,0.5822850465774536,21589830.615364548,111161.23313959307,20235872.983932503,1351817.1761628832,0.025746439826404607,4.269511390821694,4.264608370411563,0.3660866127905188,,0.8503005585944821,0.352976645780495,0.6519030374426373,8.88556497032316,2.8503790330049,0.013333333333333334,0.0,0.0,0.006666666666666667,0.006666666666666667,19.0
0.4903630921865838,5.881962954998016,19.68583643436432,38628111.3257682,0.5706121623516083,21619881.616992615,118360.7080629843,20256448.59671593,1355210.6083679749,0.0273835310236478,4.28954403094495,4.2850734805926525,0.3687738918944051,,0.8505554693071132,0.3475500154596311,0.660817286092428,8.787573748564146,2.7973278160463764,0.013333333333333334,0.0,0.0,0.006666666666666667,0.006666666666666667,20.0
0.49125169151622133,5.947241032123566,19.724032878875732,38743393.11940397,0.5540602505207062,21662570.912280522,126085.95846784498,20278093.129396435,1369752.1221485417,0.029122057415586388,4.315411429325952,4.30986778360218,0.3709510960364047,,0.8499285938904922,0.3427567033572244,0.6676232713316801,8.683229324816564,2.745444256923067,0.013333333333333334,0.0,0.0,0.006666666666666667,0.006666666666666667,21.0
0.4916148583830182,6.015873706340789,19.74743366241455,38863607.308872476,0.5220028460025787,21681162.17152196,133641.83890861433,20269436.508417133,1390582.4477335815,0.030849889646717955,4.33965429407574,4.332659170286264,0.3725800090413551,,0.8488111247080338,0.33861602201167096,0.6734096949810915,8.577424495654409,2.6951843023444892,0.013333333333333334,0.0,0.0,0.006666666666666667,0.006666666666666667,22.0
0.4912466599763144,6.087773990631104,19.76734161376953,38988475.85975021,0.4956309199333191,21707317.398864977,140873.49337114798,20262972.53370285,1416976.618927632,0.03248935050063408,4.3596118965401,4.351796729553963,0.3736909001136089,,0.8473648118402832,0.33511399057848934,0.6783095078066573,8.4705163077973,2.646832395154268,0.013333333333333334,0.0,0.0,0.006666666666666667,0.006666666666666667,23.0
0.49049931467163066,6.159600937366486,19.782344698905945,39112146.687768266,0.49045389890670776,21750979.93151243,147941.28396706353,20272798.597812653,1444694.2385552682,0.03406039663089509,4.377279560779486,4.369053033114664,0.3745766445939826,,0.8458549095752048,0.3322312946990238,0.6829565754271288,8.36597711402449,2.600489396840869,0.013333333333333334,0.0,0.0,0.006666666666666667,0.006666666666666667,24.0
0.48926592409997777,6.233748495578766,19.798242449760437,39238713.690881304,0.4983403980731964,21812081.440266684,154915.14627258037,20296582.847833633,1475937.1988236867,0.03557584191921857,4.392841915377544,4.384782827825876,0.3751786133889753,,0.8441593957428369,0.32994600745020203,0.6869706951857218,8.26160778888338,2.5561291007777025,0.013333333333333334,0.0,0.0,0.006666666666666667,0.006666666666666667,25.0
0.4888372337761824,6.298006731271744,19.811318516731262,39347514.12531414,0.4955601096153259,21850204.914391488,161925.32230748737,20306878.626346584,1497713.0498743318,0.037131014584436114,4.410001792615808,4.401222982543272,0.37617788542318226,,0.8431257105796729,0.32824574493218683,0.6923634635112937,8.169151801874944,2.513605577744861,0.013333333333333334,0.0,0.0,0.006666666666666667,0.006666666666666667,26.0
0.48800902399206236,6.364373880624771,19.822977781295776,39459037.93024582,0.5036275684833527,21901362.755789503,168936.97441240956,20326605.349779125,1523033.471351565,0.0386589855776084,4.424828060652427,4.416732706123343,0.3769530433895303,,0.8420083133030117,0.32710952885144445,0.6969888835538207,8.077698788198871,2.4728693850714625,0.013333333333333334,0.0,0.0,0.006666666666666667,0.006666666666666667,27.0
0.487452704521584,6.4263132333755495,19.831405878067017,39562357.92985125,0.5124759078025818,21946601.74704486,175992.18951819232,20343881.7858696,1544854.5679560096,0.0402015417138122,4.439768611038035,4.432240206457855,0.377866543479025,,0.8412262667651178,0.32652426913337096,0.7020224077627879,7.992457505285748,2.43379564533762,0.013333333333333334,0.0,0.0,0.006666666666666667,0.006666666666666667,28.0
0.4869272663209955,6.485813146829605,19.838057160377502,39660926.401524775,0.5312927663326263,21998715.013491146,183103.79322654786,20369349.92671013,1565285.2713941317,0.04173850888625038,4.453668844353558,4.447584960255764,0.3788237884946595,,0.8406749438943061,0.326475054889959,0.7070750625174447,7.911748486487332,2.39633409701423,0.013333333333333334,0.0,0.0,0.006666666666666667,0.006666666666666667,29.0
0.4865152541788728,6.540777492523193,19.842339754104614,39759301.90761968,0.5646680295467377,22059325.22769099,189893.97631873967,20407007.783651352,1582308.8284722706,0.04317868983114336,4.465796418668051,4.460090829780953,0.3798818345637136,,0.8404822220011134,0.3269428776997008,0.7124781902497206,7.837143757607367,2.360497859557121,0.013333333333333334,0.0,0.0,0.006666666666666667,0.006666666666666667,30.0
0.4858853973517851,6.595089942216873,19.844874143600464,40014387.16005574,0.6147083044052124,22135542.916702565,196547.49643111034,20459582.44800568,1600104.5037618405,0.044549022128204135,4.475710016606898,4.471609075313487,0.3808530575158925,,0.8404054718405748,0.3279066873896075,0.7175622963485164,7.765163473806755,2.32628534613099,0.013333333333333334,0.0,0.0,0.006666666666666667,0.006666666666666667,31.0
0.4858258549531783,6.6414108097553255,19.83685553073883,40251235.841893695,0.6544191241264343,22184470.62699249,203096.38452186546,20491274.65486526,1611596.0638644416,0.045943440358125774,4.485661627703561,4.483313427710717,0.3820636781280354,,0.8408660265731931,0.32935042591442093,0.7235486292715624,7.701707025020907,2.2936387283234,0.013333333333333334,0.0,0.0,0.006666666666666667,0.006666666666666667,32.0
0.48436576202799186,6.69958359003067,19.82717275619507,40519381.9782584,0.7547809481620789,22305490.84958134,209625.92863367035,20581953.704357147,1636137.3175994968,0.04717460389070109,4.492696951763401,4.493208149289826,0.38265566251027083,,0.8406724212924691,0.3312583408006914,0.7271414163082727,7.630292592648602,2.262549722591783,0.013333333333333334,0.0,0.0,0.006666666666666667,0.006666666666666667,33.0
0.4819700790131869,6.7669330596923825,19.812387824058533,40809930.8791702,0.895613819360733,22471610.350576214,216191.3021456702,20708001.643419262,1670374.6330584635,0.04830361673132457,4.499462826817283,4.501891624477763,0.3828031451218324,,0.8399449442870639,0.33362614322084827,0.7291430694457389,7.5518908726697695,2.2329322381923005,0.013333333333333334,0.0,0.0,0.006666666666666667,0.006666666666666667,34.0
0.4786039018923315,6.843232411146164,19.791849851608276,41124292.49209468,1.1488088965415955,22752426.430335015,223533.43704426955,20940658.748149868,1712113.6367426068,0.049339090431453514,4.511037659530053,4.513825220746035,0.38283041392670764,,0.8387702579096817,0.33645556929900927,0.729795298946807,7.466838754470785,2.204661892625523,0.013333333333333334,0.0,0.0,0.006666666666666667,0.006666666666666667,35.0
0.4750516473761753,6.9227056205272675,19.767507910728455,41451084.590137705,1.4795255362987518,23108934.97498177,231975.38086913302,21247033.447027203,1755009.9337108303,0.05042495073793938,4.530044078898249,4.531196597977935,0.383099135294984,,0.8375759062711289,0.33974906893588563,0.7301611023544402,7.379973127314388,2.1775816228010982,0.013333333333333334,0.0,0.0,0.006666666666666667,0.006666666666666667,36.0
0.4713154512322699,7.0046002805233005,19.736106395721436,41793375.122819036,1.947420448064804,23596065.794774525,242187.79085958877,21683526.843786247,1797063.625713601,0.051571912378902476,4.559982421281952,4.557053942201621,0.3838838330021608,,0.8365345408291872,0.34350493517237063,0.7303442294554364,7.292428427574402,2.1515564635083453,0.013333333333333334,0.0,0.0,0.006666666666666667,0.006666666666666667,37.0
0.46761863137164716,7.071972572803498,19.64883804321289,42139178.462807916,3.2263728082180023,24811971.898754142,259794.11578492462,22875210.851430897,1807214.5053794114,0.05262734760245955,4.638618534158117,4.618812354862221,0.38825205621080455,,0.8373420609045735,0.3477043958358881,0.7329328945303791,7.216934050749488,2.126506918423154,0.013333333333333334,0.0,0.0,0.006666666666666667,0.006666666666666667,38.0
0.4645106956353278,7.127716553211212,19.471412301063538,42539907.376260296,5.5795363783836365,26987282.673020016,289571.67007704475,25050948.67944717,1783356.1148792405,0.05395550067283054,4.784382782246038,4.732206128510226,0.3975788381877211,,0.840909805039539,0.35227797779993697,0.7370684914587847,7.152034904068816,2.1026331736608523,0.013333333333333334,0.0,0.0,0.006666666666666667,0.006666666666666667,39.0
0.4631778913602311,7.150519786775112,19.136762619018555,43019689.723479114,10.31024980545044,31330832.1515076,346474.6483724844,29447012.424468998,1686428.1635534605,0.05564348845302014,5.069596169393952,4.942926824092382,0.41752580903540126,,0.8503364277628517,0.35707128313431846,0.7458219124772255,7.1125911230918355,2.0802938850006165,0.013333333333333334,0.0,0.0,0.006666666666666667,0.006666666666666667,40.0
0.47125519644859115,7.082103382050991,18.178504705429077,43666756.96558643,19.625670947134495,39568087.45740703,469444.1711913505,37804175.65256357,1460340.3793991313,0.059779696610701274,5.6072305935430125,5.334018207197966,0.4605036408977936,,0.875099160054257,0.36175696661380446,0.7679245617988788,7.141521576890808,2.0611638196047584,0.013333333333333334,0.0,0.0,0.006666666666666667,0.006666666666666667,41.0
0.4951946176213208,6.918479238450527,15.31049907207489,44345090.45356878,29.093884527683258,46106315.28262038,643497.4476528106,44404383.59975815,1251559.944322035,0.07047247277142804,6.165098287688306,5.799455289452324,0.5123440680268562,,0.9136287647258485,0.3660431309036238,0.803738721108728,7.2504963473508734,2.049532150872958,0.013333333333333334,0.0,0.0,0.006666666666666667,0.006666666666666667,42.0
0.5237600416144256,6.750325451791286,14.398983716964722,44814064.25330143,30.600257992744446,46696182.632161684,767568.101569864,44999241.70970917,1128321.996998301,0.08320058983065792,6.512765686265432,6.095713073674502,0.5480027001846173,,0.9490697555377193,0.3700232597902176,0.838385144680589,7.380711153890309,2.0396917383311504,0.013333333333333334,0.0,0.0,0.006666666666666667,0.006666666666666667,43.0
0.5427955591963824,6.634468744695186,14.823537766933441,45172136.29973649,29.48907396197319,46003592.498526186,827222.1825277851,44312611.72890663,1058625.1291323863,0.09116151992021498,6.719353475578798,6.242525699753945,0.5683422761115126,,0.9755207482462139,0.37384317469995876,0.8615931566321494,7.481882554888026,2.028889373430172,0.013333333333333334,0.0,0.0,0.006666666666666667,0.006666666666666667,44.0
0.5490748725664538,6.603868468105793,14.813482761383057,45452256.46165099,27.920302838087082,44420657.628540754,824128.7368724854,42733785.599470146,1059584.17392468,0.09409286624172446,6.783445375532114,6.25702084249713,0.570775764718095,,0.9878193302724465,0.3777036242931805,0.8667489041627093,7.517778067954695,2.0186595471687774,0.013333333333333334,0.0,0.0,0.006666666666666667,0.006666666666666667,45.0
0.5485738698949494,6.594222961366176,14.782692193984985,45502463.57896583,28.37864425778389,44848096.43987571,821227.2758113306,43161336.451768875,1051735.2044099283,0.09287154737829234,6.933379999700964,6.30101089173668,0.5722907497541103,,0.9906618319952818,0.3816064681413625,0.8683614949898439,7.529481214678079,2.0084421143180675,0.013333333333333334,0.0,0.0,0.006666666666666667,0.006666666666666667,46.0
0.5490467612513419,6.584918769448995,14.681341648101807,45537428.73796854,28.48974761366844,44846401.7618338,817485.8655476533,43171089.26177025,1047899.7835011594,0.09243606459554167,7.0613337381695125,6.344988817473928,0.5730800296786119,,0.993036534746372,0.3856512655180958,0.8705929520923996,7.536742710549002,1.9985305826109623,0.013333333333333334,0.0,0.0,0.006666666666666667,0.006666666666666667,47.0
0.5486695455300533,6.588704750686884,14.52390432357788,45546099.69971106,28.225816905498505,44424683.61032317,813091.0751034395,42749721.229076385,1054504.1522114947,0.0928096625412272,7.157617178546986,6.394356613526678,0.5710626838116781,,0.9927075871461165,0.38995668395977157,0.8704827731501628,7.532277755056096,1.9885897761568407,0.013333333333333334,0.0,0.0,0.006666666666666667,0.006666666666666667,48.0
0.5438586470083034,6.5984431900084015,14.424168467521667,45619613.943120934,28.243037581443787,44358390.72691645,803586.8089829264,42667206.048965454,1067421.0014708003,0.09187077416439395,6.7425966223425196,6.410123488947639,0.5661641781755851,,0.9932888833029379,0.39791906095521,0.8694953644991588,7.520940361824306,1.9828926244317988,0.013333333333333334,0.0,0.0,0.006666666666666667,0.006666666666666667,49.0
0.5439383996915077,6.607523190230131,14.464749991893768,45662741.31266826,28.230945736169815,44410895.22062414,832284.2663867781,42695695.728063576,1069441.0264895074,0.09508530397773635,6.970226682608461,6.551850117773052,0.566706607161083,,0.9931232209482985,0.405049442618124,0.869204072300888,7.5088005969346,1.9752363710178351,0.013333333333333334,0.0,0.0,0.006666666666666667,0.006666666666666667,50.0
0.5436866184041261,6.621312562376261,14.459882378578186,45652098.440767534,27.975854516029358,44143248.06421921,824345.458283901,42435736.894607544,1073813.378133985,0.09473155354588286,7.111481854956673,6.523302451713914,0.5652529695982903,,0.990759593535934,0.4124741510476556,0.868333347326696,7.492337243283917,1.9667071364032656,0.013333333333333334,0.0,0.0,0.006666666666666667,0.006666666666666667,51.0
0.5425311284560235,6.635649245232344,14.798906147480011,45637295.24069573,27.797493159770966,44305861.75332421,813680.0096741001,42596399.30725097,1070670.8760008893,0.0931686058005992,7.207274519441863,6.485809571349139,0.5644487236228155,,0.9882090848657246,0.42057001343556705,0.8678098228929586,7.474470484096648,1.957306295615603,0.013333333333333334,0.0,0.0,0.006666666666666667,0.006666666666666667,52.0
0.5420986613182556,6.646816179156303,15.158250331878662,45651693.6643322,27.834142416715622,44690539.45585081,813849.2464357984,42992392.74859427,1061927.4568477182,0.09236883495653878,7.297322261124784,6.484432599997869,0.5655440210191334,,0.9869468908987726,0.4292812826581643,0.8683148181804412,7.45848505359343,1.9473888442685603,0.013333333333333334,0.0,0.0,0.006666666666666667,0.006666666666666667,53.0
0.5422965243835088,6.657072156667709,15.50249993801117,45707574.97456671,27.887659281492233,45082782.1361844,820051.9481757792,43390159.2195034,1052650.8994931127,0.09225923675618979,7.371113801585158,6.495687459314919,0.5675912817397137,,0.986969156879082,0.4385928459488047,0.869233762559396,7.4432316591199825,1.9372621373342098,0.013333333333333334,0.0,0.0,0.006666666666666667,0.006666666666666667,54.0
0.5429184225350044,6.665733014792204,15.916522145271301,45805171.26784718,28.04860031604767,45655039.847510375,832401.8380384305,43965122.46131898,1040176.4061386895,0.09247820356552727,7.441034274321969,6.514908458817174,0.5710559649020022,,0.9883789721685814,0.4484636419644942,0.8706644110566082,7.429190267199409,1.92696131502365,0.013333333333333334,0.0,0.0,0.006666666666666667,0.006666666666666667,55.0
0.5440376258824855,6.6736394666135315,16.245461106300354,45928952.884849794,28.13477548956871,46072222.33467251,846487.4551495941,44380236.595869064,1030214.5274942487,0.09320403499736224,7.492103551135896,6.53316604999855,0.5746153783214174,,0.9906207811880327,0.458854211158384,0.8723510864666753,7.415890594206649,1.9167800155205115,0.013333333333333334,0.0,0.0,0.006666666666666667,0.006666666666666667,56.0
0.5442370467170962,6.689684983342886,16.47765338420868,46084821.72092457,28.35446646809578,46534429.38148677,861716.4077331647,44832119.85230446,1026951.3851609792,0.09395266677677144,7.528782008284308,6.549739111468361,0.5775347903738947,,0.9925355065577919,0.46970228745863624,0.8724377418945514,7.396648332116753,1.9069218396435486,0.013333333333333334,0.0,0.0,0.006666666666666667,0.006666666666666667,57.0
0.5442286290790104,6.706265249103308,16.676836609840393,46254654.01661495,28.79243615269661,47184108.55863236,879901.1871488014,45469272.762537,1023163.3327650012,0.09462842357250802,7.568307799893274,6.569163898482571,0.5810296570928486,,0.9947498066362022,0.4809120532949278,0.8726485367225381,7.376247898599514,1.8973887121126132,0.013333333333333334,0.0,0.0,0.006666666666666667,0.006666666666666667,58.0
0.5444787761162214,6.722307934612036,16.851383447647095,46429783.119261704,29.139520794153214,47719288.39272171,897832.1326070176,45990904.24180031,1020417.3608089735,0.09549105428225008,7.600039141569578,6.585645708490559,0.5843899824649823,,0.9971831516181308,0.4924090195233102,0.8731338919340784,7.3560353412259785,1.8881874238396528,0.013333333333333334,0.0,0.0,0.006666666666666667,0.006666666666666667,59.0
0.5444651332113304,6.7405359230935575,17.007951140403748,46609100.26490641,29.448827147483826,48200545.69727216,914873.8605746848,46456778.28788757,1020130.5218607752,0.09634934997988259,7.624136489147153,6.598820922554731,0.5872685353839548,,0.9994007121109435,0.5041242300540488,0.8732851287645469,7.334247420795773,1.8793033534145234,0.013333333333333334,0.0,0.0,0.006666666666666667,0.006666666666666667,60.0
0.5441637251516154,6.7607893697917465,17.141528129577637,46787473.63516061,29.752033978700638,48654070.36567676,931073.5695625972,46893562.108278275,1021868.4441431985,0.09715800931225715,7.643502876160429,6.609716658254053,0.5897038461461265,,1.0012856705918982,0.5159909949804148,0.8731622589519843,7.310823567038539,1.8707179668520209,0.013333333333333334,0.0,0.0,0.006666666666666667,0.006666666666666667,61.0
0.5436833270317387,6.782204925268888,17.222389578819275,46958854.36981229,30.032393664121628,49033075.18679388,945935.7240628385,47254783.2429409,1025755.1386194495,0.09796242500312662,7.657235727542753,6.6183235172525645,0.5916024953472402,,1.0028016934699682,0.5279518774280462,0.8729483535421697,7.286387027489841,1.862452710596525,0.013333333333333334,0.0,0.0,0.006666666666666667,0.006666666666666667,62.0
0.5430645393996648,6.804207996279001,17.31790542602539,47121553.62634781,30.264780342578888,49378209.58545077,959609.872358458,47582685.76860427,1030179.3533758988,0.0986991684146355,7.66893360185211,6.625122526930804,0.5931540379715052,,1.0039896590092343,0.5399536871379573,0.8727565745265635,7.261433715296067,1.8544156929948914,0.013333333333333334,0.0,0.0,0.006666666666666667,0.006666666666666667,63.0
0.5423071206718726,6.826997580379247,17.398934364318848,47277700.31407754,30.49931100010872,49711155.284828454,972677.1349855133,47898245.36442757,1035313.2141887958,0.09938753314076003,7.679552380938723,6.631218744859888,0.5944514430252305,,1.0048803138387281,0.5519502490001235,0.8725319216378866,7.235901923322591,1.846580141706013,0.013333333333333334,0.0,0.0,0.006666666666666667,0.006666666666666667,64.0
0.5413811859487799,6.851453160494566,17.47538924217224,47429751.00551618,30.699186891317368,50005430.84654117,984872.1360710239,48174576.13348961,1041773.5158424367,0.10005538231586304,7.687835504108967,6.636095308956301,0.5953743233848715,,1.0054133415442161,0.5639059493155937,0.8720957213963189,7.209188373490125,1.8389129817980068,0.013333333333333334,0.0,0.0,0.006666666666666667,0.006666666666666667,65.0
0.5403470713709387,6.876903551071882,17.544758319854736,47575637.15297729,30.85831046104431,50252063.09833264,996097.0635360427,48403068.78089905,1049285.106450754,0.10071280588635925,7.693714955075913,6.639825068322855,0.5959471091753441,,1.0056340965706907,0.5757922092256799,0.8715996918513726,7.181707847913785,1.83138817868504,0.013333333333333334,0.0,0.0,0.006666666666666667,0.006666666666666667,66.0
0.5390469994474426,6.90474950298667,17.570846676826477,47715955.92400568,30.99992224574089,50439301.852517396,1006021.2107382268,48570768.92256737,1059308.599615318,0.10135196850020768,7.695555655140895,6.642270030735899,0.5959490436054271,,1.0053576004825493,0.5875885994195557,0.8707609033521021,7.152548010743584,1.8240286353873914,0.013333333333333334,0.0,0.0,0.006666666666666667,0.006666666666666667,67.0
0.537736382744068,6.9320858471095566,17.609189748764038,47845502.038027264,31.1281036734581,50624197.962552294,1015367.2612008764,48737293.42222214,1068772.7169910246,0.10193208778653759,7.698792042117789,6.644863787294242,0.5958555875771955,,1.0048709671275524,0.5992714224941194,0.8701874191644282,7.123610843615673,1.8167649202126908,0.013333333333333334,0.0,0.0,0.006666666666666667,0.006666666666666667,68.0
0.5365057045830111,6.958474566787482,17.60796844959259,47965109.02016045,31.261653900146484,50774493.48577579,1024285.4560835457,48869622.349739075,1078228.1201182373,0.10253548916000728,7.701687039921061,6.647847876312599,0.5956588140003928,,1.0042614344755858,0.6108242057646763,0.8699144466997089,7.0954393916635565,1.809615117705714,0.013333333333333334,0.0,0.0,0.006666666666666667,0.006666666666666667,69.0
0.535214451985014,6.985475116223097,17.60629117488861,48079362.23956252,31.367540895938873,50896659.62562845,1032596.7691378075,48973832.070827484,1088235.0356252878,0.10313165524528536,7.703953017627099,6.650608773992122,0.5952484923495409,,1.0034279337349619,0.6222357570618486,0.8696006167439634,7.06707736832744,1.8025442977542805,0.013333333333333334,0.0,0.0,0.006666666666666667,0.006666666666666667,70.0
0.5338143781784783,7.013662918657064,17.605984210968018,48189679.80391765,31.45323219895363,51000320.99802855,1040397.5797126594,49059216.409921646,1099042.7142556668,0.10371149217289763,7.70597991630773,6.6532351035350175,0.5946123218942523,,1.0023284641718286,0.6334980947528144,0.8691451005720837,7.038040054513772,1.7955230859498883,0.013333333333333334,0.0,0.0,0.006666666666666667,0.006666666666666667,71.0
0.5323994044701805,7.042199965566397,17.61110544204712,48295681.344164945,31.520833432674408,51091263.695873655,1048028.6987333394,49131938.87472153,1109971.2904627197,0.10429825371762855,7.70855488117972,6.656106625760125,0.593878892864926,,1.0010756032523256,0.6446050521746565,0.8687288275353408,7.008824246894506,1.78852441281808,0.013333333333333334,0.0,0.0,0.006666666666666667,0.006666666666666667,72.0
0.5308513985497051,7.0729073159396645,17.62966275215149,48398854.666389,31.508320659399033,51116280.05212636,1054617.3187275429,49137983.411550514,1122564.102203954,0.1049150248949169,7.708460159852879,6.657747001633375,0.5927248466575284,,0.999453085201943,0.6555587586291294,0.8679978541573743,6.9782935985928045,1.781522267433497,0.013333333333333334,0.0,0.0,0.006666666666666667,0.006666666666666667,73.0
0.5290857663142902,7.105747919529676,17.651023268699646,48497686.75829668,31.510555118322372,51159703.966369495,1061084.52073499,49161578.38702202,1136162.2541965623,0.10548033641350463,7.70942552112761,6.6599645191098595,0.5913497419763438,,0.9974324624821939,0.6663568715845398,0.867002383106875,6.9463348289312306,1.7745020383216465,0.013333333333333334,0.0,0.0,0.006666666666666667,0.006666666666666667,74.0
0.5274468814988907,7.137661673873663,17.667953372001648,48587687.028447956,31.519007116556168,51204155.82632565,1067864.5352870137,49186960.488557816,1148780.1542138916,0.10607418522611513,7.712867068398929,6.663515006609363,0.5900656453768685,,0.9953297975179233,0.6769957368086987,0.8663500041111079,6.9149181106024935,1.7674591423709611,0.013333333333333334,0.0,0.0,0.006666666666666667,0.006666666666666667,75.0
0.5259137091540322,7.169000374525785,17.6742821931839,48672400.566643424,31.519971907138824,51230298.864121966,1074808.8573912403,49194254.10032272,1161029.613691552,0.10672255006003574,7.71675017193086,6.667840835657559,0.5888015100973181,,0.9931887813105752,0.6874757590979331,0.8659210994421094,6.884071218590171,1.7604025920579491,0.013333333333333334,0.0,0.0,0.006666666666666667,0.006666666666666667,76.0
0.5243878749811468,7.2005433581769465,17.684800028800964,48752969.82764195,31.52417430281639,51263801.58728589,1081905.4982920412,49208974.331617355,1173103.9071878407,0.10737007445027702,7.721964910275678,6.673077697341167,0.5875419695815716,,0.9909316346084789,0.6977992395129397,0.8655449155363147,6.853330819976765,1.753322778891482,0.013333333333333334,0.0,0.0,0.006666666666666667,0.006666666666666667,77.0
0.5232989021483744,7.2322764180600645,17.6925790309906,49005779.661203474,31.53228011727333,51309195.7999664,1094245.6987877425,49224859.14826393,1189877.6379197626,0.10852438875448238,7.698623850861733,6.6657206480184685,0.587892271166519,,0.9931305902144807,0.7079889312423387,0.8651992207619017,6.822672667598408,1.7463671001599879,0.013333333333333334,0.0,0.0,0.006666666666666667,0.006666666666666667,78.0
0.5220836282033534,7.259974747151136,17.632452249526978,49237587.59132492,31.551922112703323,51298078.534571715,1105058.4568186435,49184374.3622303,1207543.905185437,0.10964639716178366,7.6638786990219065,6.659586016807202,0.5877801810314066,,0.9953299279434169,0.718073454817841,0.8656200254238565,6.794784589285786,1.7395815142595064,0.013333333333333334,0.0,0.0,0.006666666666666667,0.006666666666666667,79.0
0.5207578789416463,7.28793236836791,17.647655606269836,49420610.278207205,31.569992512464523,51355592.523776986,1114358.1995975282,49217648.11873436,1222108.079700669,0.11046427298473943,7.644266673936504,6.656662503989157,0.5874730951171008,,0.9962271497055134,0.7280381169531882,0.8659376266827804,6.7672650941057615,1.732779304787027,0.013333333333333334,0.0,0.0,0.006666666666666667,0.006666666666666667,80.0
0.5195234000783421,7.315016343444586,17.65368640422821,49572314.16822221,31.587336122989655,51400254.869332254,1122468.7137865587,49241022.527217865,1235128.9018364856,0.1111880246421142,7.6316464576046075,6.65511082607275,0.5870276240653189,,0.9964363597206758,0.7378842345629714,0.8663974443160305,6.740569557798213,1.725947734170234,0.013333333333333334,0.0,0.0,0.006666666666666667,0.006666666666666667,81.0
0.5182766523734724,7.342335747927427,17.68280029296875,49708279.838957526,31.60759475827217,51469467.70428531,1130329.813099032,49290395.05124092,1247131.920439301,0.11183074052401043,7.624463117606838,6.654816666366733,0.5865512275483526,,0.9962120251364945,0.7476168414628431,0.8667951281711688,6.714052184036209,1.7190619581008162,0.013333333333333334,0.0,0.0,0.006666666666666667,0.006666666666666667,82.0
0.5171991556317674,7.368189664930105,17.712947130203247,49832345.20071117,31.640283554792404,51550750.322976574,1138612.8901718403,49353230.68499566,1257469.3023756656,0.11248736832882686,7.621494401620768,6.656211867404052,0.5862393068352283,,0.9958859641438497,0.7572420548778526,0.8674639455599278,6.6886508550434405,1.712133128832191,0.013333333333333334,0.0,0.0,0.006666666666666667,0.006666666666666667,83.0
0.5162755082411019,7.392809837311506,17.744770646095276,49949854.196121186,31.68227505683899,51642246.21889329,1147548.1270342653,49427045.702934265,1266494.7778715084,0.11318484723598682,7.621320670947247,6.659136468635759,0.5861005017958897,,0.9955634116525119,0.7667668168870009,0.8683363336066888,6.66432636006372,1.705175461220492,0.013333333333333334,0.0,0.0,0.006666666666666667,0.006666666666666667,84.0
0.5154234526558867,7.417170108109713,17.76978373527527,50064954.41292748,31.722262233495712,51725092.15331918,1156847.0725493215,49492045.96877098,1275342.4876890245,0.11393604316888135,7.6217492186000495,6.662866819215429,0.5859959080911432,,0.9952186001127142,0.7761994533565848,0.8692197611342077,6.6404966593235955,1.6982108565065488,0.013333333333333334,0.0,0.0,0.006666666666666667,0.006666666666666667,85.0
0.5146673826938234,7.440671860426664,17.797166109085083,50177437.06632586,31.76579287648201,51813567.04163718,1166658.5178618636,49562958.98556711,1283445.1055330066,0.11472379794759834,7.623530328262516,6.667576633700544,0.5860059189182282,,0.9949263353536215,0.7855454331506594,0.8702328003048629,6.61743286051174,1.691246762207487,0.013333333333333334,0.0,0.0,0.006666666666666667,0.006666666666666667,86.0
0.5140556529716181,7.4627611972391605,17.811885476112366,50286256.36897231,31.81233984231949,51891992.384769976,1176865.7164423033,49624225.318431854,1290773.7431911735,0.1155716132900176,7.626031057765785,6.67313837820153,0.586128003733261,,0.9947332658806657,0.7948094535843342,0.8714655157259554,6.5954806755381,1.673041094287045,0.013333333333333334,0.0,0.0,0.006666666666666667,0.006666666666666667,87.0
0.531782674279743,7.264032290130854,6.884366869926453,49438283.15081185,32.31484428048134,41495787.09683932,1039978.9538504591,39199211.15040779,1433951.262982909,0.12797169751027432,7.0788126757003855,6.52495264912093,0.5618512977174287,,0.9999620176834932,0.8047027030809594,0.9127555791089044,6.7056535151963415,1.6512914619280676,0.013333333333333334,0.0,0.0,0.006666666666666667,0.006666666666666667,88.0
0.534597672772702,7.0727159477770325,8.525174707174301,48605384.06461249,32.327406227588654,42987101.223188475,990065.0780476098,40852580.93476297,1323685.0000016794,0.11737230123441608,7.170964405038266,6.497870198517435,0.5670174821889946,,1.0049373566674071,0.8144371547833146,0.9512881618911799,6.833668424057942,1.6296790712419988,0.013333333333333334,0.0,0.0,0.006666666666666667,0.006666666666666667,89.0
0.5481468184002845,6.889147815853358,6.874622404575348,47835455.68186767,32.45973005890846,41372812.08743751,948262.4588456831,39334352.46348381,1269321.5147342156,0.11677052418389272,7.206889607621393,6.480073459492084,0.5708188645867147,,1.010862540389355,0.8242457409231032,0.9876430939468628,6.967766218315604,1.6081215592976272,0.013333333333333334,0.0,0.0,0.006666666666666667,0.006666666666666667,90.0
0.5583830719138673,6.733654985576868,6.0604095458984375,47045527.235244736,32.49859115481377,40505489.62676428,911501.5328063085,38559000.700712204,1215224.1223514364,0.11458444971097959,7.281207808290058,6.478922633395843,0.5735878550665691,,1.0124164823254156,0.8342425502212131,1.0174134743943295,7.091936180566452,1.5865858880250194,0.013333333333333334,0.0,0.0,0.006666666666666667,0.006666666666666667,91.0
0.5655986249107023,6.626115284115076,5.4961419105529785,46454121.06724133,32.51701757311821,39882945.02192345,880209.1860098188,38013159.48367119,1170994.8044174297,0.11231698144336201,7.35084932176014,6.4685977085442925,0.5750597336779034,,1.012337642895989,0.8445310027471193,1.0354896865451662,7.188450992740393,1.5651023478229467,0.013333333333333334,0.0,0.0,0.006666666666666667,0.006666666666666667,92.0
0.5677697701487302,6.569522313028574,5.359407365322113,46089741.69105575,32.49945268034935,39671751.54446321,853637.7707051798,37858860.045671456,1141240.1798494784,0.10944045858458759,7.396750317112001,6.450121174033651,0.5742948410523805,,1.010827885583417,0.8552441634511236,1.0410288994323498,7.249249948186776,1.5436428934436914,0.013333333333333334,0.0,0.0,0.006666666666666667,0.006666666666666667,93.0
0.5678289807044993,6.537572065740823,5.76100617647171,45859506.94646243,32.4735321700573,39994498.40238006,834057.2912773013,38234538.346529,1109411.5469707425,0.10599562239366046,7.460868679311312,6.431765728451195,0.5744855615444344,,1.0092838498956167,0.8663972499235087,1.0412966801714183,7.28766902289718,1.5222694760424673,0.013333333333333334,0.0,0.0,0.006666666666666667,0.006666666666666667,94.0
0.5683290070690385,6.510151056200266,6.126387119293213,45719897.791814916,32.471307545900345,40312492.68939702,818209.419051498,38597694.66519355,1081436.4067357976,0.10310324305845636,7.509114066859483,6.407631909655062,0.5756529620425347,,1.009591036822563,0.8780240940234223,1.0415117078834304,7.318294202476985,1.5010074945320881,0.013333333333333334,0.0,0.0,0.006666666666666667,0.006666666666666667,95.0
0.5693212208945096,6.483657274395227,6.314167678356171,45639959.27892794,32.47729003429413,40473028.50835347,806518.2760321645,38791457.71265029,1060493.169776002,0.10118930920240304,7.529142797457658,6.385022890714186,0.5770034346265861,,1.0114504957763946,0.8901581690326229,1.0422622049888939,7.346039487516266,1.4798422738428214,0.013333333333333334,0.0,0.0,0.006666666666666667,0.006666666666666667,96.0
0.57032129832316,6.460804437845946,6.389719545841217,45599206.47457396,32.48940056562424,40538991.50612824,800125.051957457,38879120.111465454,1045310.0155002567,0.10020494336587106,7.533083127442151,6.371546819478115,0.5781801824942719,,1.0138692921164045,0.902786748569912,1.042594242262609,7.3702178369009514,1.4587741724300451,0.013333333333333334,0.0,0.0,0.006666666666666667,0.006666666666666667,97.0
0.57117683219667,6.442581651359797,6.501660645008087,45586111.62139549,32.498567551374435,40645227.43886808,799105.9093153023,39000228.19638252,1031700.0783068824,0.09980857077780876,7.539111923375468,6.368672773438501,0.5795437312777524,,1.016363652593547,0.9158368571010337,1.042197969015381,7.390192390010515,1.4378550422916212,0.013333333333333334,0.0,0.0,0.006666666666666667,0.006666666666666667,98.0
0.5721416158982041,6.4270787231624125,6.584675312042236,45588029.7240686,32.50790664553642,40727738.924701184,801362.0013369392,39092581.95757866,1019922.314707306,0.09988930083961428,7.5467898892749625,6.372366245392155,0.5809982623868173,,1.0188700694250687,0.9292221444133701,1.041560693197922,7.407190442258774,1.4171516958554298,0.013333333333333334,0.0,0.0,0.006666666666666667,0.006666666666666667,99.0
0.5730929218160609,6.413708237558604,6.607683002948761,45596608.73991781,32.515218794345856,40752062.35148646,804688.9879170603,39122901.79729462,1010819.9053187285,0.10025098019562188,7.551731283977748,6.378430993774096,0.5822147941069958,,1.0212397858332327,0.9428627271073186,1.0407752145906877,7.421848630378858,1.3967277390089732,0.013333333333333334,0.0,0.0,0.006666666666666667,0.006666666666666667,100.0
0.7141905153798502,6.402920532226562,6.681950092315674,47003314.61933272,32.52176088094711,41253453.21322586,1506864.291821678,39203710.97326279,776331.6297269495,0.18845206179307453,8.293554064584889,7.306032123922952,0.7403445084286833,,1.063490022732772,0.9545366627242264,1.032478803284136,7.524503852584706,1.3788387868349348,0.013333333333333334,0.0,0.0,0.006666666666666667,0.006666666666666667,101.0
0.9460688139625909,6.246042156219483,0.8739811182022095,46943132.22942763,32.83698284626007,37172903.95720797,3187350.6218375457,33710963.96446228,624522.2793072665,0.4641481700897577,9.892176684125404,9.040064200385421,0.9516650733093723,,1.0884164197018498,0.9633299590729135,1.0660783686195747,7.7210394788079855,1.364059054973396,0.013333333333333334,0.0,0.0,0.006666666666666667,0.006666666666666667,102.0
1.1952542782483055,6.058155488967896,0.26185035705566406,46513256.547558516,32.906911969184875,39325112.643635705,6187736.72349483,33168762.326240543,447934.988879869,0.9203367995212958,12.406648518743676,11.162414738890416,1.2212444087294885,,1.109048347469177,0.9693310827088781,1.1124976822836539,7.945398554216308,1.3527662618792176,0.03517400693237593,0.0018406735990425915,0.02,0.006666666666666667,0.006666666666666667,103.0
1.4377513511199917,5.861480152606964,0.6559181213378906,45778735.81334804,32.936121225357056,43151257.536619104,9961421.458736751,33592039.34669495,331971.8411446039,1.4681962878121422,15.186524442140323,13.285137827738085,1.5050312416630152,,1.1231648525089628,0.9734828152801175,1.1665791346700396,8.187115176219468,1.344158447461441,0.03626972590895762,0.0029363925756242843,0.02,0.006666666666666667,0.006666666666666667,104.0
1.6578297254278518,5.663383507728577,2.6897722482681274,44654617.58017034,32.908493399620056,48641315.68635562,13866930.841580972,35598265.64788818,253399.9558976412,1.9339311867447284,18.17342710075828,15.38679795496942,1.7847908124510496,,1.1260751841699388,0.9763996502233784,1.2269524104298812,8.446752388037378,1.337528262461595,0.037201195706822794,0.003867862373489457,0.02,0.006666666666666667,0.006666666666666667,105.0
1.7110954313115996,5.465951597690582,7.3928070068359375,43338632.251892254,32.84484377503395,52665591.359348625,13476713.997555554,40237650.78186989,199748.74854451747,1.666367540204855,19.834935585854396,15.653791390517842,1.864215154031479,,1.1229613896127033,0.9789160253775252,1.2943633979239488,8.677463589647063,1.3317956283151557,0.03666606841374304,0.00333273508040971,0.02,0.006666666666666667,0.006666666666666667,106.0
1.7868395906034378,5.269728183746338,6.958259046077728,42027027.17618184,32.85641437768936,51557695.40159913,12897262.547790501,39814673.4237671,195067.601441599,1.6117653123103657,20.887104876384075,15.866909679852194,1.9093369316225568,,1.1198896144648343,0.9812427732259892,1.368090551181149,8.903021550111804,1.3265926158204597,0.036556863957954065,0.003223530624620731,0.02,0.006666666666666667,0.006666666666666667,107.0
1.888939395608364,5.074109590053558,3.432256579399109,40838510.20354973,32.862037897109985,47605786.610505715,12495777.64981991,36294294.476509094,221564.32998725472,1.7110069512587798,21.55494685894491,16.14617842852724,1.9468683798528288,,1.1211704551499022,0.9834505239449663,1.448605327491176,9.131049861975669,1.3217343502097019,0.036755347235850895,0.0034220139025175596,0.02,0.006666666666666667,0.006666666666666667,108.0
1.9813090292914404,4.87839150428772,1.4105403423309326,39707276.89206204,32.85928416252136,45208352.991980374,12150263.26627951,34269824.504852295,243532.14893737264,1.7602262492404286,22.145716786829475,16.444808689228964,1.9872882331964927,,1.1250040536467545,0.9855615118663996,1.5374742225188582,9.364645932669893,1.3171540517714353,0.036853785831814194,0.003520452498480857,0.02,0.006666666666666667,0.006666666666666667,109.0
2.065423850472894,4.683156406879425,0.7111930847167969,38550835.58694338,32.862339824438095,44090997.834169656,11775038.681051409,33573532.9091549,256559.17491726959,1.7403202231594397,22.81153958335099,16.76131404294397,2.031142492573305,,1.1284371065901972,0.9875399943856092,1.6359203305573273,9.604425889089734,1.3128274867202865,0.03681397377965222,0.0034806404463188795,0.02,0.006666666666666667,0.006666666666666667,110.0
2.1509624740563145,4.4879153847694395,0.5296295881271362,37348130.17596116,32.85257390141487,43433634.396100976,11370818.656685948,33382203.489542007,266560.3710269927,1.6896339348160583,23.588574612028715,17.109034209003276,2.078269743565613,,1.130756639013927,0.9893395142116713,1.7460430596490493,9.84986132483269,1.308747876866152,0.036712601202965454,0.0033792678696321164,0.02,0.006666666666666667,0.006666666666666667,111.0
2.243296559056754,4.292438185214996,0.43519318103790283,36100280.11316092,32.83563548326492,42821149.46311413,10940382.30971291,33270828.664302826,276339.52393870114,1.6305969923189438,24.433129113333884,17.490601938181875,2.1279987584041566,,1.1319761077855293,0.9910005296807873,1.870192897921198,10.099584009860921,1.3049010280873814,0.03659452731797122,0.003261193984637888,0.02,0.006666666666666667,0.006666666666666667,112.0
2.3432039902672073,4.0972074508667,0.3954392671585083,35035168.048599765,32.84424778819084,42244004.404746756,10476424.781392373,33239687.05534935,286243.3335772968,1.5624360994397075,25.369795298364398,17.90514414550696,2.180395307065304,,1.1319146360142445,0.9925375144883674,2.010667096393622,10.351088394103655,1.3012756862465444,0.03645820553221275,0.003124872198879415,0.02,0.006666666666666667,0.006666666666666667,113.0
2.4525520603811004,3.902668499946594,0.3345763683319092,34578018.828703046,32.867591589689255,41621094.0978021,9982566.09425417,33202167.958021164,297622.24649581907,1.4899445688033186,26.391124546566807,18.354731652042137,2.235416328369275,,1.1306342319680183,0.9939603837267077,2.170246404506645,10.600487687542039,1.2978589921584789,0.036313222470939974,0.0029798891376066373,0.02,0.006666666666666667,0.006666666666666667,114.0
2.572678976809745,3.70958958864212,0.22110700607299805,34107543.42237871,32.9022758603096,40927993.50996415,9469814.889843624,33123382.866382603,310036.8041967839,1.416219905583994,27.495686916199432,18.841690535096912,2.2934308700146957,,1.1284595484405104,0.9952773668136883,2.3518878619560826,10.842200702443286,1.2946387097305483,0.036165773144501326,0.0028324398111679878,0.02,0.006666666666666667,0.006666666666666667,115.0
2.702979742927589,3.5156076669692995,0.21684110164642334,33616505.53936176,32.906039625406265,39936501.07594344,8947523.334340548,33122880.72705269,324913.24083706294,1.3375356447917375,28.61608559442831,19.357383491612033,2.3553860894859775,,1.126264352492858,0.9965076286433359,2.563480123255289,11.067724341472347,1.2915903138881673,0.03600840462291681,0.002675071289583475,0.02,0.006666666666666667,0.006666666666666667,116.0
2.848660382145965,3.3213294744491577,0.20082592964172363,33104473.60211855,32.90371271967888,39235014.58001937,8403820.287915543,33104538.64932061,341008.85827268887,1.2563436562082828,29.835948102288448,19.890090260739683,2.422719295959453,,1.1236245730692023,0.9976709271237199,2.8113617540670615,11.265610653582929,1.2887039363358581,0.0358460206457499,0.0025126873124165657,0.02,0.006666666666666667,0.006666666666666667,117.0
3.0115155995036145,3.126413714885712,0.18721997737884521,32568293.124415945,32.90991649031639,38507818.45311935,7840890.991605297,33097136.467695236,357810.7086308494,1.1718582232815133,31.169744742635906,20.460713224011435,2.4957812144896385,,1.1203596648701821,0.9987752915779823,3.1054507891525196,11.418039910037104,1.2859743951757874,0.03567704977989636,0.0023437164465630266,0.02,0.006666666666666667,0.006666666666666667,118.0
3.1286263229218827,3.0,0.17711162567138672,32207365.08278953,32.92063343524933,37829327.890855916,7328835.151698209,33097745.060920715,357675.7414458572,1.095313550977628,32.446302396429324,20.886853278749903,2.535260256983238,,1.1079722683358246,0.9998293789688093,3.30525347501678,11.692073604847911,1.283370220167625,0.03552396043528859,0.002190627101955256,0.02,0.006666666666666667,0.006666666666666667,119.0
3.127483127635614,3.0,0.1659601926803589,32207365.08278953,32.92518791556358,37311000.01966829,6931341.970330835,33091148.108243942,350535.12574617873,1.036332699199453,33.325528810846144,20.87708554546334,2.5029287402123526,,1.0830500084285914,1.000850945976843,3.248376389989284,12.010417538507276,1.280830558972687,0.03540599873173224,0.002072665398398906,0.02,0.006666666666666667,0.006666666666666667,120.0
3.126017647017104,3.0,0.1627194881439209,32207365.08278953,32.927902311086655,36867767.02482852,6593786.155652195,33090621.79923057,336716.090835392,0.9862864607013375,34.07858863321365,20.798966082493354,2.4771311219912224,,1.0642540217516256,1.0018470824329533,3.1965264982439856,12.281977988451233,1.278347039746229,0.03530590625473601,0.0019725729214026748,0.02,0.006666666666666667,0.006666666666666667,121.0
3.1218980849684876,3.0,0.15914440155029297,32207365.08278953,32.92949357628822,36484177.00302245,6295443.71493149,33088637.977838516,322094.49671756243,0.9421289580714464,34.681334886401494,20.660482227158365,2.4534551383478282,,1.0492128705736865,1.0028341896041442,3.1483335275788047,12.51355473813286,1.2759080255300304,0.03521759124947623,0.0018842579161428927,0.02,0.006666666666666667,0.006666666666666667,122.0
,3.0,0.15488743782043457,,32.930689483881,,,,,,,,,profiles.T_e max 35.19 > 35; scalars.rho_q_2_1_first not finite; scalars.rho_q_3_1_first not finite,,,,,,-1000.0,,,,,123.0
