H98,Ip_MA,P_ECRH_MW,P_LH,P_NBI_MW,P_SOL_total,P_alpha_total,P_aux_total,P_ohmic_e,Q_fusion,T_e0,T_i0,beta_N,fgw_n_e_line_avg,j0_MA_m2,li3,q95,q_min,r_bench,r_fusion_gain,r_h98,r_q95,r_q_min,t
1.5258589754700589,3.095,0.0,32479612.096859097,0.0,523032.799938024,14416.232991964625,0.0,548979.0860619849,0.13130038427669968,3.7255194534822795,3.6115598009945753,0.3033568062654615,0.8933783754230462,0.4067667940392023,0.9015530037800846,15.808416837286506,3.3597731580137253,0.013333333333333334,0.0,0.0,0.006666666666666667,0.006666666666666667,1.0
1.1952608184065994,3.19,0.0,32745825.400510024,0.0,686277.0965621904,7413.2473465341645,0.0,710736.4959785481,0.052151869141927897,3.1251225444707558,3.0909036962284495,0.2564691973611065,0.8735056815042995,0.43079144733685154,0.8418345079344487,15.567066384005209,3.1451017057881687,0.013333333333333334,0.0,0.0,0.006666666666666667,0.006666666666666667,2.0
1.0427131797037446,3.285,0.0,33006312.589295194,0.0,803115.2409812977,5362.281785677131,0.0,826287.1776209193,0.032448051542538686,2.8914159967498994,2.859342060083212,0.23449096973157915,0.8555453448344892,0.4529557802097747,0.7952190816483217,15.270679275177764,2.9758660276433138,0.013333333333333334,0.0,0.0,0.006666666666666667,0.006666666666666667,3.0
0.9499966702768614,3.38,0.0,33261357.219733268,0.0,901196.1738244811,4385.509123351368,0.0,923676.3038969482,0.023739426381561537,2.762585067746941,2.713125405945394,0.22144583417229277,0.8393978540430779,0.47274186464250917,0.7583222219817525,14.953466850423778,2.843747999632129,0.013333333333333334,0.0,0.0,0.006666666666666667,0.006666666666666667,4.0
0.8850299931994549,3.475,0.0,33511221.304925214,0.0,991008.7939771528,3948.3861817736392,0.0,1013021.4027839897,0.019488167628651663,2.689733347070351,2.639281604014625,0.21268840830600494,0.8245900083656102,0.4899548925521598,0.7287887097044814,14.629087841319611,2.740162186778582,0.013333333333333334,0.0,0.0,0.006666666666666667,0.006666666666666667,5.0
0.8349567586201956,3.57,0.0,33756147.490500614,0.0,1077226.1834518719,3726.9233172580116,0.0,1098942.617070664,0.01695686043731811,2.646718238845359,2.5951743330095995,0.20625520061044805,0.8111777375185548,0.5046668894905231,0.7049143432144339,14.304851447685673,2.6584524253978588,0.013333333333333334,0.0,0.0,0.006666666666666667,0.006666666666666667,6.0
0.7931969390923652,3.665,0.0,33996360.95919358,0.0,1162959.1005852513,3548.130654516422,0.0,1184518.5685333638,0.014977100185560258,2.6110270840670773,2.5507305467180146,0.20104454249718914,0.7987450670913018,0.5171030871597745,0.685407090323079,13.9851021201519,2.5937467514088346,0.013333333333333334,0.0,0.0,0.006666666666666667,0.006666666666666667,7.0
0.7576300864390991,3.76,0.0,34232071.10399668,0.0,1248372.9811974405,3436.132999150135,0.0,1269839.6027063644,0.013529791446992815,2.5833679225192756,2.5180484194602086,0.19673578830229094,0.7872148017433438,0.5274816615929065,0.669338824319386,13.672366975357402,2.54248455185868,0.013333333333333334,0.0,0.0,0.006666666666666667,0.006666666666666667,8.0
0.7268994273852363,3.855,0.0,34463473.0031065,0.0,1333307.6118338774,3378.093595711473,0.0,1354729.3801382885,0.012467780079318844,2.564360627971939,2.496730916961125,0.19311717163872097,0.7764677321358684,0.5360717874731228,0.6560390060150855,13.368039806836054,2.5017330067067034,0.013333333333333334,0.0,0.0,0.006666666666666667,0.006666666666666667,9.0
0.6999710023782094,3.95,0.0,34690748.72441242,0.0,1417943.1883865553,3356.379699977453,0.0,1439356.9658511563,0.011659302659477674,2.5516764704221524,2.48248323183403,0.19003836622231532,0.766432560695286,0.5432167744696478,0.6449995109753079,13.072833194911277,2.4689504801319777,0.013333333333333334,0.0,0.0,0.006666666666666667,0.006666666666666667,10.0
0.6760847973266013,4.045,0.0,34914068.48282489,0.0,1502413.5427198438,3358.7983252304643,0.0,1523849.0726777585,0.011020770972180504,2.543349513546791,2.472342387458655,0.18738495703243932,0.7570230547501268,0.5492601894601791,0.6358267656335543,12.787051776492891,2.4420004012616885,0.013333333333333334,0.0,0.0,0.006666666666666667,0.006666666666666667,11.0
0.6545878030233219,4.14,0.0,35133591.67008697,0.0,1587005.150248882,3372.0353814075106,0.0,1608488.6781411301,0.010481999118900343,2.537244869817153,2.4637582394810256,0.18505404521062013,0.748173436976624,0.5545159910948451,0.6282036107714626,12.510763607904122,2.419151232060506,0.013333333333333334,0.0,0.0,0.006666666666666667,0.006666666666666667,12.0
0.6351266587178895,4.235,0.0,35349467.77370316,0.0,1671762.1661958238,3398.958983580832,0.0,1693309.4197939965,0.01003643794763198,2.5328381004648,2.45727548971965,0.18300282377245816,0.7398585313633572,0.5592581327839058,0.6218782139000771,12.24388699711264,2.398997063168547,0.013333333333333334,0.0,0.0,0.006666666666666667,0.006666666666666667,13.0
0.6174207104434519,4.33,0.0,35561837.1991273,0.0,1756692.6400318043,3439.8084447476763,0.0,1778314.4546571765,0.009671541598672463,2.5299921218039456,2.45290135061268,0.1811965931615135,0.7320513618271237,0.56372079983016,0.6166487536582312,11.986236311211707,2.3804003864082386,0.013333333333333334,0.0,0.0,0.006666666666666667,0.006666666666666667,14.0
0.6012362123436511,4.425,0.0,35770832.007279366,0.0,1841788.2391752126,3492.3440335090577,0.0,1863494.3001625994,0.009370417803811221,2.5286413438044133,2.4501875714225667,0.17960343440614804,0.7247091067343739,0.5680996071133814,0.6123508263325835,11.737555332405348,2.3624572483376567,0.013333333333333334,0.0,0.0,0.006666666666666667,0.006666666666666667,15.0
0.5863889040488056,4.52,0.0,35976576.577729695,0.0,1927025.7825216493,3555.772270588701,0.0,1948824.6914338062,0.009122863349941534,2.528951304589709,2.4490315206926287,0.17820018547248964,0.7178034274316388,0.5725523304712493,0.608849826626548,11.497550612764766,2.344471144465413,0.013333333333333334,0.0,0.0,0.006666666666666667,0.006666666666666667,16.0
0.5727331594483227,4.615,0.0,36179188.20643719,0.0,2012398.1572158628,3632.934138016975,0.0,2034294.0118027348,0.008929225856584493,2.5308652261116404,2.4500902823783517,0.1769721614144565,0.7113240993248066,0.5772044998196705,0.6060347857526914,11.265909752649998,2.325925651801057,0.013333333333333334,0.0,0.0,0.006666666666666667,0.006666666666666667,17.0
0.5601488582306342,4.71,0.0,36378777.64570613,0.0,2097873.1110462593,3725.2827080504267,0.0,2119867.8029613616,0.008786592029102465,2.534544212347481,2.453506791652336,0.17590685500192896,0.7052552860026955,0.5821560984962347,0.603814139013445,11.042310132385516,2.306440347527629,0.013333333333333334,0.0,0.0,0.006666666666666667,0.006666666666666667,18.0
0.5485378531882182,4.805,0.0,36575449.5929927,0.0,2183396.1982140644,3834.3234767726303,0.0,2205490.0689606844,0.00869267908011788,2.5402895413394315,2.4593700704329056,0.17499430845902894,0.6995788442308256,0.5874852705169388,0.6021124194280989,10.82642461395289,2.2857476640698327,0.013333333333333334,0.0,0.0,0.006666666666666667,0.006666666666666667,19.0
0.537804604026911,4.9,0.0,36769303.13431598,0.0,2268946.538681421,3960.893327581571,0.0,2291138.5235214587,0.008643941182337463,2.548240128990783,2.467623779916393,0.17422317982928828,0.6942760442099957,0.5932513169368198,0.6008667086347851,10.61792953851757,2.2636808257741543,0.013333333333333334,0.0,0.0,0.006666666666666667,0.006666666666666667,20.0
0.527863017319325,4.995,0.0,36960432.14728262,0.0,2354512.8795065293,4105.596285576379,0.0,2376800.1889495603,0.008636814118124706,2.5582055439511553,2.4781251175947925,0.17358263743520508,0.6893286735178545,0.5994971427624273,0.6000236040874959,10.416507444959796,2.2401644049813147,0.013333333333333334,0.0,0.0,0.006666666666666667,0.006666666666666667,21.0
0.5186308845884965,5.09,0.0,37148925.66809724,0.0,2440113.987686931,4268.661733220412,0.0,2462491.8065902893,0.008667362307147894,2.5697622287231145,2.490620884526987,0.17306130157481,0.6847190449729369,0.606251259358086,0.5995367935658048,10.22185283900655,2.2151995729555396,0.013333333333333334,0.0,0.0,0.006666666666666667,0.006666666666666667,22.0
0.510022486733928,5.185,0.0,37334868.226384945,0.0,2525840.676442439,4445.680467336608,0.0,2548307.410689534,0.008722810381290493,2.5827114140615186,2.5036165625870095,0.17264588723024998,0.6804311217354878,0.613528212495664,0.5993655059366559,10.033672996257861,2.1888505958049644,0.013333333333333334,0.0,0.0,0.006666666666666667,0.006666666666666667,23.0
0.5019864890579673,5.28,0.0,37518340.151183724,0.0,2611563.9709708598,4637.233261124123,0.0,2634116.396714845,0.008802255790418564,2.596953791525683,2.5171410704786026,0.1723267610409277,0.6764378096410694,0.621331452090066,0.5994731140541265,9.851687995690055,2.161218346646633,0.013333333333333334,0.0,0.0,0.006666666666666667,0.006666666666666667,24.0
0.49447206731196564,5.375,0.0,37699417.85106027,0.0,2697347.1783038653,4846.03587289774,0.0,2719978.784025667,0.008908223662181022,2.6124232171664037,2.531627760225655,0.17209815151139396,0.6727223752862234,0.6296577456913413,0.5998304526773091,9.675630322877309,2.1324418806044063,0.013333333333333334,0.0,0.0,0.006666666666666667,0.006666666666666667,25.0
0.48743759733702546,5.47,0.0,37878174.07095362,0.0,2783172.9107754435,5073.506975555372,0.0,2805875.5477567287,0.009040862449532753,2.6291108316981013,2.5471870672287045,0.1719544348093682,0.6692684718633374,0.6384937192538382,0.600411265075727,9.505243469150074,2.1026793674111324,0.013333333333333334,0.0,0.0,0.006666666666666667,0.006666666666666667,26.0
0.48084475233708096,5.565,0.0,38054678.1280487,0.0,2869027.471252339,5320.927611248519,0.0,2891791.49563159,0.009200054048305793,2.6469973510570766,2.5638523460118914,0.1718901317790596,0.6660603008186491,0.6478229166083797,0.6011928211159718,9.340281942942333,2.0720930736148917,0.013333333333333334,0.0,0.0,0.006666666666666667,0.006666666666666667,27.0
0.4746584338396031,5.66,0.0,38228996.128718354,0.0,2954900.2726695845,5589.5699676129625,0.0,2977714.559090185,0.009385671219810638,2.6660538539433376,2.581623415770879,0.17190000564334434,0.6630827717809659,0.6576287130486264,0.6021553123745398,9.180511342278754,2.0408400929198023,0.013333333333333334,0.0,0.0,0.006666666666666667,0.006666666666666667,28.0
0.4688371829101708,5.755,0.0,38401191.16834426,0.0,3040759.2604731168,5877.766585286535,0.0,3063612.7747205393,0.009592867991978048,2.685927839273788,2.599991014595086,0.1719750465483437,0.6603200193895804,0.6678944088676959,0.6032816463051456,9.025709968154555,2.0090786564447796,0.013333333333333334,0.0,0.0,0.006666666666666667,0.006666666666666667,29.0
0.4633628923975211,5.85,0.0,38571323.51562667,0.0,3126684.7883353196,6191.251123074391,0.0,3149562.2106762934,0.009828748741789056,2.706935068953932,2.619667677248637,0.1721163865245231,0.6577610036432875,0.6786009246195936,0.6045554804303778,8.875664886843122,1.976946137925713,0.013333333333333334,0.0,0.0,0.006666666666666667,0.006666666666666667,30.0
0.4582102471138623,5.945,0.0,38739450.78281791,0.0,3212596.593453113,6530.392764091772,0.0,3235482.101717977,0.010091838802977864,2.7290726605735527,2.640446022729426,0.17231876408789093,0.6553921131628547,0.6897340144538786,0.6059635044647849,8.730173458362895,1.944563326613771,0.013333333333333334,0.0,0.0,0.006666666666666667,0.006666666666666667,31.0
0.45335298170343613,6.04,0.0,38905628.08316161,0.0,3298500.6284833285,6896.374497907996,0.0,3321376.8303846773,0.010381800756268086,2.7522325814071955,2.662230023900555,0.17257751025927598,0.6532009463249377,0.7012815292872903,0.6074937069698514,8.589043090188975,1.912039746899452,0.013333333333333334,0.0,0.0,0.006666666666666667,0.006666666666666667,32.0
0.44876726266842465,6.135,0.0,39069908.1766841,0.0,3384404.3153278064,7290.513896073622,0.0,3407252.09507703,0.010698524342544409,2.776299066799381,2.684940141508821,0.1728883186546685,0.6511760455937081,0.7132323864504841,0.6091351083207998,8.452091281317795,1.8794738985134964,0.013333333333333334,0.0,0.0,0.006666666666666667,0.006666666666666667,33.0
0.4444301172110176,6.23,0.0,39232341.60536589,0.0,3470401.811858088,7714.299009849897,0.0,3493200.543863098,0.011041878233132449,2.801237417207203,2.708511207262436,0.1732479800396584,0.6493064698198192,0.7255763711235108,0.6108765051396028,8.319144696683768,1.846950063182935,0.013333333333333334,0.0,0.0,0.006666666666666667,0.006666666666666667,34.0
0.4403309359790112,6.325,0.0,39392976.8186164,0.0,3556290.4684595885,8169.555714951636,0.0,3579017.5327420803,0.011413126144554349,2.827010353590462,2.7329078072673703,0.17365310266087194,0.6475822607051673,0.7383052764144781,0.6127104472849941,8.19003915817048,1.814544331959298,0.013333333333333334,0.0,0.0,0.006666666666666667,0.006666666666666667,35.0
0.4364501330991239,6.42,0.0,39551860.28988168,0.0,3642160.3733930103,8658.13745917515,0.0,3664791.309862175,0.011812592760569125,2.8535951476405788,2.758089379751879,0.17410099130429527,0.6459938961073192,0.7514090414447733,0.6146290523261319,8.06461847067424,1.7823270140092353,0.013333333333333334,0.0,0.0,0.006666666666666667,0.006666666666666667,36.0
0.43277337882954536,6.515,0.0,39709036.625133395,0.0,3728003.172490591,9182.098746989068,0.0,3750511.4640629245,0.012241128756665453,2.8809648456474695,2.784031003334146,0.17458910820157797,0.6445324151775296,0.7648766698285004,0.6166252426572105,7.942734080561069,1.7503621809216592,0.013333333333333334,0.0,0.0,0.006666666666666667,0.006666666666666667,37.0
0.4292929400420567,6.61,0.0,39864548.66391366,0.0,3813689.401455023,9744.093929697092,0.0,3836045.88838522,0.012700700425925568,2.909101434141437,2.81074533012765,0.17511558448709913,0.6431893901815412,0.778697186509792,0.6186940713249361,7.824244674565515,1.718708340472005,0.013333333333333334,0.0,0.0,0.006666666666666667,0.006666666666666667,38.0
0.4259877630537181,6.705,0.0,40018437.57354592,0.0,3899440.6679066345,10347.24881051887,0.0,3921613.584659458,0.013192590992385001,2.9380913127274804,2.838388171963589,0.17567786874819127,0.6419568901330744,0.7928591411522213,0.6208284213671638,7.709015597969341,1.6874138983472617,0.013333333333333334,0.0,0.0,0.006666666666666667,0.006666666666666667,39.0
0.4228520883431235,6.8,0.0,40170742.93706361,0.0,3985125.5534652034,10992.79930292528,0.0,4007081.656591692,0.013716714862600484,2.9678240740841586,2.866677466546366,0.17627435646630224,0.6408278350402747,0.8073535518857937,0.6230232227327307,7.596918723360516,1.6565201426321983,0.013333333333333334,0.0,0.0,0.006666666666666667,0.006666666666666667,40.0
0.41987478163195735,6.895,0.0,40321502.83535737,0.0,4070744.2602118356,11683.4908109594,0.0,4092447.492274111,0.014274454141458972,2.9982602279869126,2.8956304232243997,0.17690289472302187,0.6397952953505841,0.8221725383838043,0.6252737364521244,7.487832590818085,1.626061421373184,0.013333333333333334,0.0,0.0,0.006666666666666667,0.006666666666666667,41.0
0.4170461670075432,6.99,0.0,40470753.92399468,0.0,4156291.8704432393,12422.123434572592,0.0,4177703.3903318113,0.014867167764135686,3.0293748255776656,2.92524078712775,0.17756165223422643,0.6388528051840552,0.8373087790227148,0.6275756207709969,7.381641716809885,1.5960660774712983,0.013333333333333334,0.0,0.0,0.006666666666666667,0.006666666666666667,42.0
0.41435457922143565,7.085,0.0,40618531.5051252,0.0,4241896.988550574,13212.065386851626,0.0,4262974.802408157,0.01549629777237695,3.0611698936221905,2.9555251536925824,0.1782494747033377,0.637994354631068,0.85275518717328,0.6299235066828943,7.27823615321496,1.5665565190265573,0.013333333333333334,0.0,0.0,0.006666666666666667,0.006666666666666667,43.0
0.41179925346926444,7.18,0.0,40764869.5948471,0.0,4327278.6795130465,14056.118726955841,0.0,4347977.967562181,0.01616397188741562,3.0936255720682198,2.98644654680465,0.17896437940859997,0.6372141997044186,0.8685057485232425,0.6323153399068595,7.1775112132809715,1.5375508341703523,0.013333333333333334,0.0,0.0,0.006666666666666667,0.006666666666666667,44.0
0.4093665524383152,7.275,0.0,40909800.986377425,0.0,4412585.628700943,14956.724718920756,0.0,4432858.790551736,0.016870292316551357,3.1266479128082976,3.0179354770403255,0.17970432365634784,0.6365071986897378,0.8845545222384671,0.6347476425807514,7.079367505800126,1.5090645217765075,0.013333333333333334,0.0,0.0,0.006666666666666667,0.006666666666666667,45.0
0.4070491291781166,7.37,0.0,41053357.309338585,0.0,4497817.280524153,15916.915277622453,0.0,4517613.437887129,0.017616508690334497,3.1601568323530573,3.049952134013806,0.1804678443437348,0.6358686446619582,0.9008956427491052,0.6372171148847317,6.9837104016947675,1.4811097813342748,0.013333333333333334,0.0,0.0,0.006666666666666667,0.006666666666666667,46.0
0.4048398367594031,7.465,0.0,41195569.085446894,0.0,4582976.165809844,16939.550081932608,0.0,4602241.392324525,0.018403587119727678,3.1940945363572624,3.082438421036931,0.18125345890418143,0.6352941480013024,0.9175232300906964,0.6397205820622018,6.890449860872666,1.4536957036022071,0.013333333333333334,0.0,0.0,0.006666666666666667,0.006666666666666667,47.0
0.40273085167835737,7.56,0.0,41336465.78086383,0.0,4668079.163133676,18027.46223977375,0.0,4686756.288117069,0.01923234443135084,3.228374183112932,3.1153369281469576,0.1820594062852402,0.6347796254972917,0.9344313507604707,0.6422549175452041,6.799500250229441,1.4268289665423008,0.013333333333333334,0.0,0.0,0.006666666666666667,0.006666666666666667,48.0
0.4007196115990326,7.655,0.0,41476075.85544988,0.0,4752976.653091345,19183.865764871884,0.0,4771005.246744877,0.020104637044740307,3.2630085995488396,3.148630856237837,0.18288415898356708,0.6343209327325254,0.9516140422287216,0.6448185552742709,6.710779995574141,1.4005138532213415,0.013333333333333334,0.0,0.0,0.006666666666666667,0.006666666666666667,49.0
0.3987956597544957,7.75,0.0,41614426.80913975,0.0,4837947.768818185,20412.008171206002,0.0,4855264.755505615,0.021020489302935992,3.29803192907098,3.1822467606863314,0.18372770687355972,0.6339150602344394,0.9690642177138127,0.6474074654051667,6.624210601102773,1.3747531377508655,0.013333333333333334,0.0,0.0,0.006666666666666667,0.006666666666666667,50.0
0.396957144014262,7.845,0.0,41751545.22564048,0.0,4922850.2400369365,21714.998727143764,0.0,4939389.138680558,0.021981461793617645,3.3333957448295326,3.216142845714006,0.1845887523767686,0.6335587639700926,0.9867746070216777,0.650019117181937,6.539717591752121,1.3495484990257807,0.013333333333333334,0.0,0.0,0.006666666666666667,0.006666666666666667,51.0
0.3951972303518766,7.94,0.0,41887456.813637406,0.0,5007703.333600851,23094.050650325393,0.0,5023395.9575906005,0.022986492449822395,3.3690054053436236,3.2501777018567073,0.18546553190104043,0.6332489408925632,1.0047380363459084,0.6526509068902707,6.457229971011541,1.3249005964344918,0.013333333333333334,0.0,0.0,0.006666666666666667,0.006666666666666667,52.0
0.3935040118252578,8.035,0.0,42022186.44567802,0.0,5092557.472620832,24542.695424564183,0.0,5107341.040841941,0.02402688133443881,3.404701739858889,3.2838736378883393,0.18635409308464485,0.6329827479653858,1.022947526711858,0.655300006828385,6.376680452285299,1.300808933224784,0.013333333333333334,0.0,0.0,0.006666666666666667,0.006666666666666667,53.0
0.3918708514796259,8.13,0.0,42155758.19489056,0.0,5177618.700729487,26067.89983836673,0.0,5191423.136358233,0.025106699216828607,3.4404207203253097,3.3174448549326487,0.18725453609416928,0.6327577964646581,1.0413954486423536,0.6579622924694816,6.29800484859375,1.277271752569198,0.013333333333333334,0.0,0.0,0.006666666666666667,0.006666666666666667,54.0
0.3903035600384779,8.225,0.0,42288195.3696814,0.0,5262512.151699789,27674.94148418242,0.0,5275261.931299507,0.02623086952325461,3.476149272236351,3.3509973337040786,0.1881663328077541,0.6325717148042261,1.0600742739376585,0.6606369743372315,6.221141703487934,1.2542854560188794,0.013333333333333334,0.0,0.0,0.006666666666666667,0.006666666666666667,55.0
0.3887933754223995,8.32,0.0,42419520.54654491,0.0,5347444.052347117,29366.294508059615,0.0,5359060.823755821,0.027398732234837856,3.5118340824310565,3.3845060304269268,0.18908847742698123,0.6324223648957145,1.0789769592198344,0.6633217341088598,6.146032195428449,1.2318450806951557,0.013333333333333334,0.0,0.0,0.006666666666666667,0.006666666666666667,56.0
0.38733820442074535,8.415,0.0,42549755.60110821,0.0,5432412.548843852,31146.273383782627,0.0,5442813.706164416,0.028612290503812806,3.5474851120300928,3.4180037830547927,0.19002075184365996,0.6323078012895372,1.098096299592832,0.6660145090964892,6.072619718913012,1.2099442661336794,0.013333333333333334,0.0,0.0,0.006666666666666667,0.006666666666666667,57.0
0.38593566372922083,8.51,0.0,42678921.737525135,0.0,5517419.320666845,33018.792800935196,0.0,5526518.373153339,0.029873050781241344,3.583107936471572,3.451498619207544,0.19096279358548235,0.6322262153859989,1.1174250334772693,0.6687133981259147,6.00084991107832,1.1885756859979284,0.013333333333333334,0.0,0.0,0.006666666666666667,0.006666666666666667,58.0
0.38458328522932517,8.605,0.0,42807039.51632408,0.0,5602468.465132762,34987.6632538462,0.0,5610175.110977998,0.031182327255152582,3.6187038631162136,3.4849895551887204,0.19191417907849134,0.6321759286405002,1.1369560123014226,0.6714166340814869,5.930670590386871,1.1677311943104203,0.013333333333333334,0.0,0.0,0.006666666666666667,0.006666666666666667,59.0
0.38327862789684747,8.7,0.0,42934128.880807556,0.0,5687565.554230602,37056.68341699434,0.0,5693785.671041125,0.03254134029444224,3.6542712361581464,3.518471669620887,0.1928744672455351,0.6321553810381275,1.1566823491550413,0.6741225693833484,5.862031672273719,1.1474018948776914,0.013333333333333334,0.0,0.0,0.006666666666666667,0.006666666666666667,60.0
0.3820220814324279,8.795,0.0,43060209.18209337,0.0,5772526.431188213,39230.10935359416,0.0,5777161.243901218,0.03395275611790096,3.689785736439445,3.55196474451696,0.19384261944548,0.6321629324567876,1.1765978740547722,0.6768309682489098,5.79488518866953,1.1275781375304725,0.013333333333333334,0.0,0.0,0.006666666666666667,0.006666666666666667,61.0
0.3808055320111651,8.89,0.0,43185299.202881426,0.0,5857737.196749661,41511.24692856375,0.0,5860685.341621482,0.035415010795544676,3.7252963040550773,3.58542128460485,0.1948192205324081,0.6321974478682811,1.1966961529247426,0.6795389845449835,5.729184561512639,1.108249736127448,0.013333333333333334,0.0,0.0,0.006666666666666667,0.006666666666666667,62.0
0.37963052276120907,8.985,0.0,43309417.180023804,0.0,5943008.051730016,43904.13554142503,0.0,5944163.738425781,0.03693045605188159,3.760768253961057,3.6188400149782476,0.19580367427832904,0.6322576987591739,1.2169710230197293,0.682245282597125,5.664885534888991,1.089406341648842,0.013333333333333334,0.0,0.0,0.006666666666666667,0.006666666666666667,63.0
0.3784945897977809,9.08,0.0,43432580.825970426,0.0,6028353.452684952,46412.84913294531,0.0,6027606.696596085,0.038500230248230065,3.7961902134336527,3.65221958909656,0.19679544533312113,0.6323424827898091,1.237416809184918,0.684948594830272,5.60194559771874,1.071037121362291,0.013333333333333334,0.0,0.0,0.006666666666666667,0.006666666666666667,64.0
0.3773956171595671,9.175,0.0,43554807.34915711,0.0,6113783.968488875,49041.425755898636,0.0,6111020.66905029,0.040125396731409954,3.8315552321603845,3.6855536821253536,0.19779409275081425,0.632450668048497,1.2580283678863518,0.6876477484479416,5.540323864258325,1.0531308226847036,0.013333333333333334,0.0,0.0,0.006666666666666667,0.006666666666666667,65.0
0.3763315721731111,9.27,0.0,43676113.47339916,0.0,6199307.823421801,51793.72085609478,0.0,6194409.935995459,0.041806823725955546,3.8668600440341794,3.718837821122717,0.1987990441850164,0.6325803323611046,1.278801060041007,0.6903416603193826,5.4799809824668335,1.0356758404590813,0.013333333333333334,0.0,0.0,0.006666666666666667,0.006666666666666667,66.0
0.37530064563892807,9.365,0.0,43796515.4563481,0.0,6284929.715259526,54673.56331377329,0.0,6277775.304461513,0.043545333069596175,3.902108252078429,3.7520729266149067,0.19980969485279734,0.6327290289922921,1.299730688555254,0.6930293406168466,5.420879047773614,1.018660287908377,0.013333333333333334,0.0,0.0,0.006666666666666667,0.006666666666666667,67.0
0.37429847045815673,9.46,0.0,43916029.10706603,0.0,6370901.254477831,57687.4621299862,0.0,6361362.254314968,0.04534206654467396,3.937336046115143,3.7852932594530926,0.20082660861797647,0.6328957485562597,1.320813038735836,0.6957085071213369,5.3629815626789705,1.0020722789854837,0.013333333333333334,0.0,0.0,0.006666666666666667,0.006666666666666667,68.0
0.3733294719859722,9.555,0.0,44034669.80276835,0.0,6456747.116437634,60836.347898620224,0.0,6444693.828880537,0.04719878826981199,3.972483972598018,3.818433957588219,0.20184797532755536,0.6330797654592533,1.342044623050066,0.6983798348306294,5.3062536395432645,0.9859000801522882,0.013239333867681922,0.0,0.0,0.006666666666666667,0.006572667201015255,69.0
0.37238798392634753,9.65,0.0,44152452.5047817,0.0,6542729.853675069,64124.95304204613,0.0,6528027.871074341,0.04911510360286795,4.007552118490141,3.8514998351800136,0.2028737495183517,0.6332803477369435,1.363422287599752,0.7010425376085702,5.250661439250302,0.970131968967109,0.013134213126447393,0.0,0.0,0.006666666666666667,0.006467546459780727,70.0
0.37147299614311907,9.745,0.0,44269391.7737617,0.0,6628853.632590272,67558.05307077403,0.0,6611363.780073207,0.051092373160885836,4.042541972068849,3.884493232869263,0.20390381891782977,0.6334968172432833,1.3849430300110959,0.7036958829176766,5.196172313343719,0.9547563741929203,0.013031709161286136,0.0,0.0,0.006666666666666667,0.006365042494619468,71.0
0.3705834072043718,9.84,0.0,44385501.7842111,0.0,6715124.786103683,71140.38205395092,0.0,6694703.147503733,0.053131842059700674,4.077453968899151,3.9174140361591476,0.20493802158499916,0.6337285368938235,1.4066038952765476,0.7063391790663779,5.142754828824784,0.9397619665264628,0.012931746443509752,0.0,0.0,0.006666666666666667,0.006265079776843085,72.0
0.36971811431961754,9.935,0.0,44500796.33833759,0.0,6801550.589999998,74876.71676978731,0.0,6778048.458399704,0.0552347163267881,4.112288085759821,3.9502614871958164,0.20597618172643925,0.63397490445947,1.4284019463324964,0.7089717787867165,5.090378729590815,0.9251376953853635,0.01283425130256909,0.0,0.0,0.006666666666666667,0.006167584635902423,73.0
0.3688760574359231,10.03,0.0,44615288.87928672,0.0,6888138.600949114,78771.92260790268,0.0,6861402.389245112,0.05740220303313823,4.147044295089229,3.9830349575510517,0.2070181280467529,0.6342353489688424,1.4503342806526023,0.7115930843090139,5.039014875302473,0.9108727959050383,0.012739151972700256,0.0,0.0,0.006666666666666667,0.006072485306033589,74.0
0.368060789666181,10.125,0.0,44911825.937433645,0.0,6974618.917652288,82831.5402476819,0.0,6944489.192131674,0.0596383246888277,4.181705693535549,4.01573936653269,0.20806372782281468,0.6345093378581366,1.472398196283637,0.7142039511539479,4.98863508097826,0.8969567961289422,0.012646378640859615,0.0,0.0,0.006666666666666667,0.005979711974192948,75.0
0.36726077639375726,10.22,0.0,45257022.63212034,0.0,7061570.491602278,87058.82833471002,0.0,7027884.951345239,0.0619381427964643,4.216297081182883,4.0483614747425865,0.20911212335626775,0.6347963392970561,1.4945910492215306,0.7168021810136407,4.93921220774943,0.8833794137127847,0.012555862758085231,0.0,0.0,0.006666666666666667,0.005889196091418565,76.0
0.3664820245039113,10.315,0.0,45602488.1693458,0.0,7148690.385084605,91459.58981609295,0.0,7111280.890769464,0.06430598876695155,4.250812843042348,4.080892633022762,0.21016419606805137,0.6350958864616669,1.5169100219436706,0.7193873894583802,4.89072015251936,0.870130755683485,0.012467538371223233,0.0,0.0,0.006666666666666667,0.005800871704556567,77.0
0.36572130612396747,10.41,0.0,45948218.531605676,0.0,7236014.0569082275,96032.02517222887,0.0,7194713.52627589,0.06673790750771935,4.285176085382092,4.113229306136308,0.21121870231877626,0.6354075241698824,1.539353190316357,0.7219590253351347,4.843133885947594,0.8572010971331527,0.012381340647554352,0.0,0.0,0.006666666666666667,0.005714673980887685,78.0
0.36496865421452956,10.505,0.0,46294141.89136162,0.0,7323648.08394674,100744.08571704027,0.0,7278318.241417182,0.06920835444083491,4.319056209309379,4.1448285264510325,0.2122708641779939,0.6357296229373589,1.561920003886718,0.7245158820703794,4.796429559339018,0.844581190933605,0.012297207939557367,0.0,0.0,0.006666666666666667,0.0056305412728907,79.0
0.36422591908712637,10.6,0.0,46640196.94020295,0.0,7411595.019955419,105615.24616334036,0.0,7362078.144283681,0.07172923466273198,4.3524778377415005,4.175982310887078,0.21332176986657145,0.6360607853423617,1.584609388616805,0.7270569523564654,4.750584292905745,0.8322617999328377,0.012215078666218918,0.0,0.0,0.006666666666666667,0.005548411999552251,80.0
0.3634942757080361,10.695,0.0,46986380.10602636,0.0,7499848.428276666,110657.325329488,0.0,7445975.609456405,0.07430680083678456,4.385524481330584,4.206834095156064,0.21437220362321502,0.6364006555179229,1.6074198487016524,0.729581442556505,4.705575941850577,0.8202336703462184,0.012134891135641456,0.0,0.0,0.006666666666666667,0.005468224468974789,81.0
0.36277230510056657,10.79,0.0,47332690.5201975,0.0,7588440.838762107,115875.58748741244,0.0,7530037.729597633,0.0769422356490654,4.418194009429826,4.237417773150698,0.2154217687528302,0.6367489368288023,1.6303500167434122,0.7320885289457064,4.6613829927042945,0.808487801243172,0.012056585341621146,0.0,0.0,0.006666666666666667,0.00538991867495448,82.0
0.36206121786426687,10.885,0.0,47679127.41057848,0.0,7677352.392130513,121277.25069607311,0.0,7614238.236546312,0.07963846607397511,4.450581645613894,4.267776937875407,0.21647116332963007,0.6371053452019321,1.6533980782641813,0.7345776278088191,4.617984564818529,0.7970154705748135,0.011980103137165424,0.0,0.0,0.006666666666666667,0.005313436470498757,83.0
0.3612363874697044,10.98,0.0,48026432.898341194,0.0,7767434.810015634,125694.28470406808,0.0,7700524.36603406,0.0816141075135652,4.474974952373455,4.273919124828178,0.21745400094131215,0.6374822167005557,1.6765511243085145,0.7370383791449947,4.575368357182498,0.7858319591269818,0.01190554639417988,0.0,0.0,0.006666666666666667,0.005238879727513212,84.0
0.3604259192880158,11.075,0.0,48373472.86479534,0.0,7858367.188378198,130672.15730701435,0.0,7787085.961725081,0.08390311725675668,4.497794852297608,4.288878122448715,0.21844144978931374,0.6378599278610271,1.6997512652314488,0.7394702972059867,4.533519680193302,0.7749446448080997,0.011832964298720664,0.0,0.0,0.006666666666666667,0.005166297632053998,85.0
0.35964614333208444,11.17,0.0,48720405.31550304,0.0,7949674.642390335,136044.8192975678,0.0,7873637.623834012,0.08639260898021874,4.521356484605497,4.308875995468112,0.21944013083520372,0.6382410170503238,1.722968029953559,0.7418746864961707,4.492418775132415,0.7643451234084123,0.01176230082272275,0.0,0.0,0.006666666666666667,0.005095634156056082,86.0
0.3588978925529897,11.265,0.0,49067354.394360915,0.0,8041145.219182236,141727.2660087916,0.0,7960055.362973931,0.08902404540302064,4.5458596466591015,4.33140348085949,0.2204494822931504,0.6386273952313497,1.7461898132985842,0.7442532993167961,4.452044495494524,0.7540229624624308,0.011693486416416207,0.0,0.0,0.006666666666666667,0.005026819749749539,87.0
0.35817683707169745,11.36,0.0,49414384.87086036,0.0,8132765.078700069,147679.2490604345,0.0,8046364.43826156,0.09176768601121128,4.571137119015531,4.35524253111391,0.2214672931726167,0.6390199445120578,1.7694139633610095,0.7466076083281085,4.412376442273394,0.7439675058358545,0.011626450038905698,0.0,0.0,0.006666666666666667,0.00495978337223903,88.0
0.35723100893679993,11.455,0.0,49764687.996826835,0.0,8226434.258118419,151561.89499681897,0.0,8136639.914912254,0.09313543218192885,4.580393028427615,4.3456440136484265,0.22235904292758438,0.6394709008974343,1.7926506046862254,0.7489193932541185,4.373410843938707,0.7342023131928814,0.01156134875461921,0.0,0.0,0.006666666666666667,0.004894682087952543,89.0
0.35632702988619563,11.55,0.0,50114568.557153754,0.0,8321790.6519074105,156632.71086202725,0.0,8227412.025078243,0.09518953857214643,4.589622738810281,4.353432040979758,0.22327830568860838,0.6399187417056666,1.815827938973697,0.7511888529686415,4.335137285668628,0.7247234503640534,0.011498156335760356,0.0,0.0,0.006666666666666667,0.004831489669093689,90.0
0.3554839031009,11.645,0.0,50464070.52218577,0.0,8417191.91303976,162273.5886139525,0.0,8317691.266833905,0.09754725404452247,4.602004019818249,4.367367190941877,0.22422430898237006,0.6403641607627963,1.8389082913636676,0.753420273265436,4.297535489651847,0.7155152430852926,0.011436768287235284,0.0,0.0,0.006666666666666667,0.004770101620568617,91.0
0.3546945261421994,11.74,0.0,50813359.96758614,0.0,8512468.181454184,168354.08509667404,0.0,8407437.715296788,0.10012211258512368,4.617334478835563,4.384889224771994,0.22519238170855685,0.6408098051405219,1.8618783918772084,0.7556179492548142,4.260583620895682,0.7065648674387572,0.011377099116258383,0.0,0.0,0.006666666666666667,0.004710432449591715,92.0
0.35394791560019834,11.835,0.0,51162527.363767914,0.0,8607679.130563304,174799.73098791865,0.0,8496780.62499213,0.10286233027705037,4.635056911202173,4.404570211961885,0.22617692826597657,0.641257046457665,1.8847401145788798,0.7577853543368492,4.224261139074597,0.6978604355762341,0.011319069570508229,0.0,0.0,0.006666666666666667,0.0046524029038415605,93.0
0.3529769658633684,11.93,0.0,51513954.22234246,0.0,8704612.097133424,178870.928541117,0.0,8590096.83088666,0.1041146171356092,4.64055165221488,4.395989962998989,0.22702542855896898,0.6417437216393335,1.9075321506178566,0.759905684919537,4.188560690333778,0.6894131584739878,0.011262754389826586,0.0,0.0,0.006666666666666667,0.004596087723159919,94.0
0.3521055193379928,12.025,0.0,51863883.43701626,0.0,8803076.48899649,184784.43871818183,0.0,8683141.600461962,0.1064041375925211,4.65017707527135,4.407783211366273,0.22793560348079345,0.6422095554551728,1.9302185325879697,0.7619837773829603,4.153469501414486,0.6812066333095939,0.01120804422206396,0.0,0.0,0.006666666666666667,0.0045413775553972925,95.0
0.3513238734682151,12.12,0.0,52213150.80549547,0.0,8901034.17408456,191520.29100242004,0.0,8774913.399065053,0.10912944794579049,4.665058840849083,4.427114963794054,0.2288881483479498,0.6426680095657109,1.9527993923485159,0.7640275551527655,4.118967037609251,0.6732175214911283,0.011154783476607522,0.0,0.0,0.006666666666666667,0.004488116809940856,96.0
0.35054594554539203,12.215,0.0,52562236.64401591,0.0,8988011.87197991,198626.9333368826,0.0,8867225.346734397,0.11200061212498126,4.681833926569429,4.448494896347613,0.22983971329193287,0.6431266640655204,1.975294638964322,0.7660397225950171,4.0850365134499675,0.6654319781570337,0.011102879854380226,0.0,0.0,0.006666666666666667,0.004436213187713558,97.0
0.34982140863135747,12.31,0.0,52911201.87252574,0.0,9086203.16792502,206079.41478823635,0.0,8958674.590967724,0.1150166872876522,4.700996912513497,4.470824317602229,0.23081205015950174,0.6435863978530012,1.9977229983992386,0.7680247963704492,4.051658520327834,0.6578368002117242,0.011052245334744828,0.0,0.0,0.006666666666666667,0.004385578668078162,98.0
0.3491429867493378,12.405,0.0,53260101.477153175,0.0,9184004.015010715,213864.97328938122,0.0,9049433.194314603,0.11816484452514751,4.722107745226835,4.493710736512136,0.23180251179416736,0.6440479787430229,2.0201051602492037,0.7699869555150418,4.018814793371308,0.6504194171503348,0.011002796114335566,0.0,0.0,0.006666666666666667,0.004336129447668899,99.0
0.29790343320756524,12.5,20.0,54553563.63354463,33.0,59016421.60451643,1023689.9195809899,53000000.0,5187019.132469529,0.08796548911110559,8.740345833808783,6.6518832953834925,0.355769648499655,0.6590695362624017,2.029569297209706,0.7781042234799013,3.9751127397750325,0.6441882831621122,0.010961255221080747,0.0,0.0,0.006666666666666667,0.004294588554414081,100.0
0.4295525698417815,12.5,20.0,57371957.08296783,33.0,58411327.72493221,2701481.7146606967,53000000.0,3063816.389868419,0.24092916685108962,10.853633875386906,8.218089358161334,0.5254881369943201,0.7029207314116205,2.0355067295850553,0.7827074188768159,3.987134738867396,0.6398555547570485,0.01093237036504699,0.0,0.0,0.006666666666666667,0.004265703698380323,101.0
0.5551174245595777,12.5,20.0,59234370.813836366,33.0,60578886.36892217,6048238.73330457,53000000.0,2096492.5875166233,0.5488769292979394,13.05609492930922,10.163284908416564,0.6991162819762989,0.732231127730459,2.039599349292081,0.783741850424433,4.009431946723631,0.6365924171709406,0.023110718464260372,0.0010977538585958788,0.011102348491191554,0.006666666666666667,0.004243949447806271,102.0
0.6810703316713612,12.5,20.0,60557678.90265879,33.0,65266197.99209671,11655199.440760288,53000000.0,1488402.4475106723,1.0695119435725666,15.633003673921294,12.27383945981896,0.8891341790737667,0.753214327000279,2.0424032786854625,0.7837361080149189,4.030866354588225,0.6340615440369939,0.02665417414748565,0.0021390238871451333,0.013621406633427225,0.006666666666666667,0.004227076960246626,103.0
0.8041397998338519,12.5,20.0,61625241.615377255,33.0,72743687.494753,20000697.61732812,53000000.0,1073301.4396032833,1.8494059993421794,18.547899494512574,14.549677614112147,1.0973146307235182,0.7702358088037847,2.0442860906860294,0.7832025905993664,4.051867059486022,0.6320643616601552,0.03066203707309577,0.003698811998684359,0.016082795996677036,0.006666666666666667,0.004213762411067702,104.0
0.920264330449415,12.5,20.0,62615078.80993785,33.0,82804211.18337095,30984696.78626093,53000000.0,782908.6790468568,2.880533755729366,21.715810453884338,16.864429486003147,1.3203691484356705,0.7860916613684874,2.0455117867364585,0.7822706824385467,4.073525029426705,0.6304670848663761,0.035036134686222874,0.005761067511458732,0.0184052866089883,0.006666666666666667,0.004203113899109174,105.0
1.1951877697397895,12.5,0.0,63352907.7041229,0.0,31946664.79060322,32367685.28005844,0.0,1025276.0008104286,157.84864394792362,20.00032649960911,17.081985371247487,1.2926117457420014,0.797956282787748,2.047099692770358,0.7813255550338952,4.08275676204233,0.6289279212137908,0.34655680737060585,0.3156972878958472,0.02,0.006666666666666667,0.004192852808091938,106.0
1.1757611748717987,12.5,0.0,63934274.943596125,0.0,33122509.856500633,33447247.375715915,0.0,1059629.828445466,157.82515024507038,19.535413681179083,17.192463193101165,1.2907697616699307,0.807332124770245,2.0488835315278955,0.7806296647621742,4.087818527664729,0.627501531746018,0.3465003107017809,0.31565030049014076,0.02,0.006666666666666667,0.0041833435449734535,107.0
1.168126763817638,12.5,0.0,64445630.765015416,0.0,33985966.652223,34294559.64509886,0.0,1070213.5734893356,160.22297088459322,19.50148191246592,17.21882227971269,1.2975968640904563,0.8155985531941911,2.0507176715500024,0.7801128779215751,4.090987313671253,0.626192056326203,0.3512872221446945,0.32044594176918645,0.02,0.006666666666666667,0.004174613708841353,108.0
1.1648146670582837,12.5,0.0,64906807.82268181,0.0,34693618.44556001,35014106.6492159,0.0,1071917.667783692,163.3246083237352,19.615012862806378,17.21076329904518,1.3069181826239096,0.8230695085431047,2.052528604850015,0.7797335018952374,4.093144163678476,0.6249902747733386,0.35748248514595937,0.32664921664747043,0.02,0.006666666666666667,0.004166601831822257,109.0
1.1629580470244818,12.5,0.0,65314885.22299719,0.0,35309082.36662902,35649773.37278444,0.0,1070765.7708089154,166.4685888579036,19.768328378990194,17.19609879505843,1.3162228122987945,0.8296926175421727,2.0542793587361547,0.7794629670621606,4.0947135158473555,0.6238844444510195,0.3637630740121473,0.33293717771580716,0.02,0.006666666666666667,0.004159229629673464,110.0
1.1615913243000686,12.5,0.0,65700118.65798327,0.0,35893304.250199765,36256133.46426494,0.0,1068682.9898551875,169.6299735676267,19.924475775751223,17.182795919588912,1.3254252727542248,0.8359555635229664,2.055949023363512,0.7792805876838511,4.095892830799409,0.6228639158300674,0.3700790399074539,0.3392599471352534,0.02,0.006666666666666667,0.004152426105533783,111.0
1.1603491295220505,12.5,0.0,66055077.6261081,0.0,36434305.01959619,36818298.493953794,0.0,1066605.9764787338,172.5955943707598,20.070277224361853,17.170081160875633,1.3338982121601013,0.8417353919085344,2.057527156284565,0.7791727312908027,4.096812599581125,0.6219192518901839,0.3760039837541209,0.34519118874151966,0.02,0.006666666666666667,0.0041461283459345594,112.0
1.159344604940657,12.5,0.0,66396487.225435406,0.0,36913805.89669451,37317223.888244286,0.0,1064873.1972613342,175.21909643427074,20.203074308922478,17.140689897987873,1.3417628916597906,0.8473027702079069,2.0590058241876585,0.7791260784596682,4.097518208414422,0.621042289100164,0.38124514146254257,0.35043819286854144,0.02,0.006666666666666667,0.004140281927334427,113.0
1.1582073333674066,12.5,0.0,66719922.94492084,0.0,37412657.02257898,37835790.977197744,0.0,1063010.8402007704,177.96521703413748,20.336411969516156,17.126615201690683,1.3494486627470148,0.8525844149669705,2.0603843331766853,0.7791310552901726,4.098051206754829,0.6202262734003825,0.38673194255761084,0.35593043406827496,0.02,0.006666666666666667,0.004134841822669217,114.0
1.1569873536009736,12.5,0.0,67075870.819540255,0.0,37955087.11928335,38396257.9703847,0.0,1061204.479814264,180.90885734435153,20.45014208223286,17.10996770694049,1.3577818924523308,0.8584052316392847,2.061664973725408,0.779178943151373,4.098431639095136,0.6194656229690434,0.3926141521751634,0.3618177146887031,0.02,0.006666666666666667,0.004129770819793622,115.0
1.1557627423579075,12.5,0.0,67433026.66945477,0.0,38501359.07854003,38959133.80588749,0.0,1059464.6118419573,183.8623648700757,20.55010612848669,17.094563615214426,1.3660935402083971,0.8642544636250639,2.0628532544602334,0.779261985639332,4.098692069821311,0.6187550009792253,0.39851642974667967,0.36772472974015147,0.02,0.006666666666666667,0.004125033339861502,116.0
1.1545568429672861,12.5,0.0,67782916.25739762,0.0,39046257.424899444,39519681.86520375,0.0,1057683.7883890555,186.82181904949084,20.639965474236742,17.08249161803306,1.3742706980861037,0.8699930752777341,2.06395609905405,0.7793746358799265,4.098856639425263,0.6180895816207344,0.4044309019764532,0.37364363809898166,0.02,0.006666666666666667,0.004120597210804895,117.0
1.1533624348759766,12.5,0.0,68125765.02002308,0.0,39587359.58702397,40075397.75648966,0.0,1055909.7730138195,189.7671504739514,20.719896869035136,17.072707363871878,1.3822833116306363,0.8756242251611247,2.0649816806287626,0.7795123795966012,4.098943669180417,0.6174650258222495,0.41031740112005116,0.3795343009479028,0.02,0.006666666666666667,0.0041164335054816635,118.0
1.1521733466705715,12.5,0.0,68461675.66293725,0.0,40123835.64919858,40625440.40690979,0.0,1054168.8136905855,192.68944347100617,20.79044709181837,17.06461313129378,1.3901187532212687,0.8811490868807335,2.065939064113502,0.7796715033052637,4.098967582422069,0.6168773792972252,0.41615806947066053,0.38537888694201233,0.02,0.006666666666666667,0.0041125158619815015,119.0
1.150988827738929,12.5,0.0,68790597.32314564,0.0,40655208.48116045,41169394.5144015,0.0,1052470.4433524902,195.58456379667314,20.852591466077346,17.057851642156756,1.3977735193500187,0.8865663258712461,2.066837898343539,0.7798489585588876,4.098940101144479,0.6163230059488476,0.42194461429967195,0.39116912759334627,0.02,0.006666666666666667,0.004108820039658984,120.0
1.1498155802418029,12.5,0.0,69112447.37409498,0.0,41180645.901266694,41706534.535598226,0.0,1050809.0731071422,198.44963087476972,20.90740633705072,17.0520776987591,1.4052495780575658,0.8918740921777422,2.067688039899318,0.7800422669160972,4.0988701510034256,0.6157985369090436,0.4276712519955998,0.3968992617495395,0.02,0.006666666666666667,0.004105323579393624,121.0
1.1486597818928383,12.5,0.0,69427155.18360776,0.0,41699206.83526498,42236011.74855582,0.0,1049180.616258755,201.2809381627734,20.95579487132606,17.047003215677243,1.4125474830267666,0.8970707402090663,2.06849931944112,0.7802493683741819,4.098764548749606,0.6153008309376801,0.433330548531798,0.4025618763255468,0.02,0.006666666666666667,0.004102005539584534,122.0
1.147560224776775,12.5,0.0,69736365.74350685,0.0,42205674.41742823,42753284.08747335,0.0,1047560.850981513,204.0611008296632,21.003536637007485,17.03908369975716,1.419689469106462,0.9021830141746042,2.069279714132779,0.7804687042197649,4.098629285506021,0.6148270388762137,0.4388877152518345,0.4081222016593264,0.02,0.006666666666666667,0.004098846925841425,123.0
1.1465360696217275,12.5,0.0,70040551.11751764,0.0,42686742.32993419,43244594.82806034,0.0,1046057.7143722299,206.70271933326623,21.047807151020812,17.0229580623416,1.4265724008822642,0.907218375064052,2.0700379210188182,0.7806985971445554,4.098469484544265,0.6143745652612974,0.4441679357682745,0.4134054386665325,0.02,0.006666666666666667,0.004095830435075316,124.0
1.1454234806014885,12.5,0.0,70342615.32303806,0.0,43172786.014251985,43739638.55124718,0.0,1044669.0315663321,209.34687077715728,21.082191078156523,17.0063332684871,1.433323886290718,0.9122246594273004,2.0707867332077248,0.7809375883145798,4.098288833287198,0.613941047259559,0.449453348536045,0.4186937415543146,0.02,0.006666666666666667,0.004092940315063727,125.0
1.1442831781237737,12.5,0.0,70638680.32273011,0.0,43657021.318381086,44231586.76021457,0.0,1043334.2493517221,211.97227440627833,21.105914056457927,16.99093986406202,1.439908818588797,0.9171373347751823,2.0715367587481412,0.78118447815191,4.098089959628626,0.6135240605361364,0.4547013758827976,0.42394454881255667,0.02,0.006666666666666667,0.004090160403574242,126.0
1.143138590755133,12.5,0.0,70928549.92395082,0.0,44138898.576894,44720329.196491,0.0,1042012.4946303726,214.58633858488477,21.122642651133816,16.977239077844775,1.4463536462080506,0.9219527729083331,2.072296868874531,0.7814383876654397,4.09787533680367,0.6131212306981336,0.4599268187077571,0.42917267716976953,0.02,0.006666666666666667,0.004087474871320891,127.0
1.142010124583981,12.5,0.0,71211948.4516678,0.0,44616145.47598019,45203955.17282322,0.0,1040690.3510100413,217.18254199698407,21.13556797063577,16.96483662336831,1.452663518674583,0.9266660177450612,2.073074505156804,0.7816986031202001,4.0976473107664795,0.6127302617559318,0.465116619072341,0.4343650839939681,0.02,0.006666666666666667,0.004084868411706212,128.0
1.140907481357104,12.5,0.0,71488484.19721216,0.0,45087754.41286627,45681755.88663705,0.0,1039361.4697194725,219.7587519718348,21.147364239440204,16.953978824529788,1.4588413269199596,0.9312701700594135,2.0738757601834004,0.7819645478373436,4.097407879050058,0.6123489528595982,0.4702664969627336,0.4395175039436696,0.02,0.006666666666666667,0.004082326352397321,129.0
1.139828420475358,12.5,0.0,71758116.22015083,0.0,45553997.29361434,46154042.24634678,0.0,1038027.8573721896,222.31600972243265,21.15839784487493,16.944730400612844,1.4648886212132046,0.9357641628514852,2.0747062817060797,0.7822357234375716,4.097158643999546,0.6119752339623263,0.47537852100461414,0.4446320194448653,0.02,0.006666666666666667,0.004079834893082176,130.0
1.1387751930757875,12.5,0.0,72020818.61574572,0.0,46014259.98007651,46620209.28720072,0.0,1036691.3168159025,224.8509683209545,21.168774854528348,16.93690138556396,1.4708039618875555,0.9401471886063899,2.075571167264503,0.7825117026212,4.096900918763183,0.6116071577440536,0.4804459843602027,0.449701936641909,0.02,0.006666666666666667,0.004077381051627024,131.0
1.1377500465885984,12.5,0.0,72276513.32702649,0.0,46467798.0839937,47079523.50520571,0.0,1035354.8829486733,227.35935417196987,21.17864707788917,16.93038862583005,1.476584266644044,0.9444175779212287,2.076474842220131,0.7827921150775031,4.096635843335741,0.6112428928161985,0.48546032762938107,0.45471870834393974,0.02,0.006666666666666667,0.004074952618774656,132.0
1.136755328157037,12.5,0.0,72525061.63998063,0.0,46913767.351456225,47531149.61435551,0.0,1034022.2098474493,229.83621222876465,21.188164323250955,16.925117622695023,1.4822251238404003,0.9485726530696192,2.0774210092425665,0.7830766366609387,4.096364405209052,0.6108807205267682,0.4904116292610411,0.4596724244575293,0.02,0.006666666666666667,0.004072538136845122,133.0
1.1357941364901358,12.5,0.0,72766222.86799717,0.0,47351108.091702566,47974035.13024611,0.0,1032697.3009457036,232.27539709026414,21.19747525497945,16.921031964756928,1.4877201298771887,0.9526080318904669,2.0784125762959604,0.7833649805018037,4.096087450090752,0.6105190318584266,0.4952875877262511,0.46455079418052825,0.02,0.006666666666666667,0.004070126879056177,134.0
1.134861057319729,12.5,0.0,73000631.06227872,0.0,47781161.82387742,48409554.6618763,0.0,1031376.2877366202,234.68425267032038,21.206739514687477,16.91809955375852,1.493083911030274,0.9565339863185077,2.079451502160244,0.783656887881922,4.095805694632277,0.6101563230508671,0.5001028808276466,0.4693685053406408,0.02,0.006666666666666667,0.004067708820339114,135.0
1.1338633092329233,12.5,0.0,73235982.66634579,0.0,48221629.20839007,48855290.08481851,0.0,1030066.6469149346,237.14625762874718,21.21414728230939,16.915130325844217,1.4984419923235104,0.9604792784600815,2.080547870945633,0.7839522596197267,4.095520338409765,0.6097916032632622,0.5050244592792495,0.4742925152574944,0.02,0.006666666666666667,0.004065277355088414,136.0
1.1328975617640722,12.5,0.0,73464876.08053492,0.0,48657041.9675621,49296007.5379198,0.0,1028734.1715838861,239.59546061358407,21.222165732240608,16.913475921173617,1.503699474361074,0.964319701300425,2.081704568324595,0.7842510011272347,4.095232354854227,0.6094234458888499,0.5099204108664271,0.4791909212271681,0.02,0.006666666666666667,0.004062822972592333,137.0
1.131964485479454,12.5,0.0,73687380.72785126,0.0,49085505.72247524,49729763.28416151,0.0,1027395.9579795599,242.01848809077194,21.230599014867362,16.912648075624233,1.508841726201962,0.9680561308071852,2.0829240290261835,0.7845530764457617,4.0949419266522105,0.6090505611463943,0.5147639799225199,0.4840369761815439,0.02,0.006666666666666667,0.0040603370743092955,138.0
1.1310657186470645,12.5,0.0,73903433.8111435,0.0,49506210.03473362,50155790.16076514,0.0,1026056.3872913439,244.4104962553035,21.23988662261241,16.912566645853495,1.513864989867152,0.9716872329312048,2.0842080225728625,0.7848584500328677,4.094649170760939,0.6086717524175199,0.5195454708600572,0.488820992510607,0.02,0.006666666666666667,0.004057811682783466,139.0
1.1302089799287556,12.5,0.0,74112912.51000158,0.0,49917345.56525238,50572342.624730796,0.0,1024716.3370894836,246.76264442297858,21.250600479117633,16.912763143039896,1.5187641844392368,0.9752106692598,2.085557711810654,0.7851670912798041,4.0943541762307305,0.6082859184406855,0.5242471949688952,0.49352528884595714,0.02,0.006666666666666667,0.0040552394562712365,140.0
1.1293883429132214,12.5,0.0,74315811.07526103,0.0,50319768.16487762,50980257.89105076,0.0,1023378.1661462942,249.07829567549146,21.2625903190715,16.913543600316373,1.5235409432482498,0.9786260755292728,2.086973933460813,0.7854789640624605,4.09405702490052,0.6078920632928894,0.5288758717729356,0.49815659135098295,0.02,0.006666666666666667,0.004052613755285929,141.0
1.1286030545318693,12.5,0.0,74512166.24546628,0.0,50713362.38998477,51379398.28589644,0.0,1022043.27306138,251.35627639322942,21.275662306651213,16.9148537818449,1.5281951951520052,0.981933812455057,2.088457188477149,0.785794030052915,4.093757771042409,0.6074892919547187,0.5334291480661569,0.5027125527864588,0.02,0.006666666666666667,0.004049928613031458,142.0
1.1278527732291739,12.5,0.0,74701992.09841323,0.0,51097898.43547999,51769516.53640601,0.0,1020713.4114739203,253.59476986613333,21.289677748087836,16.916669369858074,1.5327261388145306,0.9851338695550204,2.0900076066441895,0.7861122475853054,4.093456471406843,0.6070768043187528,0.5379033850943917,0.5071895397322667,0.02,0.006666666666666667,0.004047178695458352,143.0
1.1271333475798753,12.5,0.0,74885687.04389963,0.0,51474168.43678489,52151401.04574947,0.0,1019387.3752624844,255.7977581011133,21.304520513866528,16.918974964985594,1.5371411317725607,0.9882327317532631,2.0916249378329668,0.7864335705771369,4.093153182490466,0.6066538905260243,0.5423065421390668,0.5115955162022265,0.02,0.006666666666666667,0.004044359270173495,144.0
1.1264077196490585,12.5,0.0,75066315.01418778,0.0,51849644.36982769,52532510.54950164,0.0,1018058.1081917691,258.00349767265476,21.31949990258219,16.921408268499075,1.54149041679816,0.991281922322499,2.0933117785317035,0.7867580195114218,4.092848073548195,0.6062201206723565,0.5467151294831254,0.5160069953453096,0.02,0.006666666666666667,0.004041467471149043,145.0
1.1257158175726243,12.5,0.0,75241041.54628277,0.0,52217768.60275995,52906320.078861475,0.0,1016717.0128247531,260.18213235099813,21.33521002583177,16.924413366014527,1.545740345528766,0.9942334373178815,2.0950682170160575,0.7870855782735376,4.092541115494933,0.605774911456934,0.5510694307783759,0.5203642647019963,0.02,0.006666666666666667,0.004038499409712893,146.0
1.1250463804784456,12.5,0.0,75410000.65513697,0.0,52577595.61742289,53271627.19888655,0.0,1015398.3668085847,262.3188540588015,21.349937352979527,16.92774968879573,1.549867851835176,0.9970893456509002,2.09689468245987,0.7874161409996551,4.092232521602516,0.6053177555810055,0.5553398264881431,0.524637708117603,0.02,0.006666666666666667,0.00403545170387337,147.0
1.124397882396487,12.5,0.0,75573300.1822127,0.0,52929051.75426468,53628341.97699255,0.0,1014106.0514920262,264.41190198049486,21.363609832074786,16.931403522384198,1.5538724989369355,0.9998512860605742,2.0987914547055695,0.7877496138075507,4.091922327071878,0.6048481927921351,0.5595227919129373,0.5288238039609897,0.02,0.006666666666666667,0.004032321285280901,148.0
1.1237714842492494,12.5,0.0,75731048.19391811,0.0,53272219.059460945,53976583.2647544,0.0,1012836.101677255,266.46257561003176,21.376479101817182,16.93537040743732,1.5577592812365486,1.0025209121517598,2.1007585974611276,0.7880859079796231,4.091610548179656,0.6043658105651611,0.563620923290498,0.5329251512200635,0.02,0.006666666666666667,0.004029105403767741,149.0
1.1230416023354812,12.5,0.0,75863672.4676817,0.0,53653867.71220872,54361749.99795592,0.0,1011461.9725738635,268.72859025839796,21.37760205629674,16.967035880277063,1.5615395025821734,1.0047665602020444,2.1028048876630807,0.7884248082858509,4.091293942301867,0.6038693308566944,0.5681496427225072,0.5374571805167959,0.02,0.006666666666666667,0.004025795539044629,150.0
1.1226685629232025,12.5,0.0,75990122.56868565,0.0,53918910.149987,54629402.19477207,0.0,1010447.5966583062,270.3227875222519,21.37715290136195,16.97502881053214,1.5647128130649195,1.0069086840948147,2.1049263708761097,0.788765376855239,4.090975768677729,0.6033579419888837,0.5713346279910964,0.5406455750445037,0.02,0.006666666666666667,0.004022386279925892,151.0
