H98,Ip_MA,P_ECRH_MW,P_LH,P_NBI_MW,P_SOL_total,P_alpha_total,P_aux_total,P_heat_total,P_ohmic_e,Q_fusion,T_e0,T_i0,base_ecrh,base_ip,base_nbi,beta_N,confinement_mode,fail_reason,fgw_n_e_line_avg,gas_puff,j0_MA_m2,li3,n_e_ped_fGW,p_fusion_gain,p_h98,p_q95,p_q_min,q95,q_min,r_bench,r_fusion_gain,r_h98,r_q95,r_q_min,res_ecrh,res_ip,res_nbi,t
0.5400422755320476,3.1120957538485525,0.0,52918423.17601404,0.0,8275093.841804165,9838.72865310134,0.0,382299.88467266003,534893.7938103687,0.09196899241447863,4.250334721498923,3.7704519665747465,-1.0,0.107024185359478,-1.0,0.22375271927669127,0,,0.649264682519646,0.0,0.4121166432547745,0.8895980132589727,0.6,0.0,0.0,0.006666666666666667,0.006666666666666667,15.677672123600246,3.4776336102884615,0.013333333333333334,0.0,0.0,0.006666666666666667,0.006666666666666667,-0.7057832479476929,0.906909167766571,-0.9639233946800232,1.0
0.7501823791653852,3.0957341991364955,18.154890537261963,54285744.53186833,0.0,13058979.264459945,7872.047608169195,18154890.537261963,18022616.474059764,195718.1033836029,0.0021449009573265617,9.743594565141443,3.4412526090950175,-1.0,-0.12971454858779907,-1.0,0.35660459675935435,0,,0.6428567605573442,0.0,0.41732786429708385,0.9068639207432848,0.6,0.0,0.0,0.006666666666666667,0.006666666666666667,15.684844732617059,3.4300843808090793,0.013333333333333334,0.0,0.0,0.006666666666666667,0.006666666666666667,0.9077445268630981,0.09581355005502701,-0.4888371527194977,2.0
0.8037048331364498,3.2511250101029874,18.423571586608887,53974020.601633064,19.378248631954193,30518135.06358938,25305.109927937494,37801820.21856307,37390424.037976205,155649.65408594956,0.0033333504594535036,13.875354066060995,4.466935051210861,-1.0,0.29431265592575073,-1.0,0.4995959520139025,0,,0.6279414155003117,0.0,0.41854121546857304,0.8398604757744438,0.6,0.0,0.0,0.006666666666666667,0.006666666666666667,15.224536861529058,3.412854737819085,0.013333333333333334,0.0,0.0,0.006666666666666667,0.006666666666666667,0.9211785793304443,0.9652827978134155,0.5872196555137634,3.0
0.7302675192007587,3.3296934984624387,12.048869132995605,57199949.00383067,4.012998975813389,19637375.663734175,14196.335689753438,16061868.108808992,15805806.352610346,155620.37922380402,0.004376860110068555,11.406570144674314,3.976789417246116,-1.0,-0.09898987412452698,-1.0,0.3926606617739714,0,,0.6021894939778567,0.0,0.4241773179237775,0.8207566360581591,0.6,0.0,0.0,0.006666666666666667,0.006666666666666667,14.899346979108914,3.3717262367656824,0.013333333333333334,0.0,0.0,0.006666666666666667,0.006666666666666667,0.6024434566497803,0.9836646318435669,0.12160602957010269,4.0
0.7866695301838169,3.4105889447033406,18.891535997390747,58295211.31860094,19.90333664417267,33461415.949786484,30022.91586186927,38794872.64156341,38361576.66248469,184246.6614405635,0.003851153694428833,15.009272159787885,4.732111739771636,-1.0,-0.06496218591928482,-1.0,0.4981137033340211,0,,0.588850017617394,0.0,0.4267058375526644,0.799649941827816,0.6,0.0,0.0,0.006666666666666667,0.006666666666666667,14.62607888337972,3.351641547989742,0.013333333333333334,0.0,0.0,0.006666666666666667,0.006666666666666667,0.9445767998695374,0.9388788342475891,0.6031314134597778,5.0
0.7419254245258508,3.5073338023852556,14.911772012710571,59701981.92162566,7.55778931081295,24545840.391938545,19498.690103842517,22469561.32352352,22113059.668839984,194118.29413182955,0.004301748531746066,13.454707993958879,4.343169608984352,-1.0,-0.0022196548525243998,-1.0,0.42659789569853235,0,,0.5731785750963877,2.2299964765212007e+21,0.4313103736520897,0.7793708124383625,0.6,0.0,0.0,0.006666666666666667,0.006666666666666667,14.27755232500773,3.3216845332552207,0.013333333333333334,0.0,0.0,0.006666666666666667,0.006666666666666667,0.7455886006355286,0.9718878865242004,0.22902391850948334,6.0
0.7722193803580752,3.605189974559471,18.996185064315796,54392797.05580338,21.79207009077072,35983707.41949547,41913.09973482469,40788255.155086525,40334050.47252577,207893.6242662198,0.005111833792048006,15.438446167847102,5.20806002891361,-1.0,0.02369503304362297,-1.0,0.5106631362365691,0,,0.5916742174791259,7.594281457243656e+21,0.43394103377193066,0.7580845712115334,0.6,0.0,0.0,0.006666666666666667,0.006666666666666667,13.963702092186619,3.304348176788775,0.013333333333333334,0.0,0.0,0.006666666666666667,0.006666666666666667,0.9498092532157898,0.9311716556549072,0.6603657603263855,7.0
0.7008103514366865,3.7132179244887085,14.910612106323242,51780064.46684684,0.0,19592110.1979186,18330.75383052583,14910612.106323242,14683431.146727007,258787.78809093026,0.006042016809536297,11.664359056858306,4.211720452744764,-1.0,0.08538328111171722,-1.0,0.38982792027362473,0,,0.5968596897068982,9.259437961418481e+21,0.43988389687965723,0.7447254823001104,0.6,0.0,0.0,0.006666666666666667,0.006666666666666667,13.586946176426252,3.2706800202961808,0.013333333333333334,0.0,0.0,0.006666666666666667,0.006666666666666667,0.7455306053161621,0.9095129370689392,-0.04465923085808754,8.0
0.7200404261549599,3.809064097655937,19.226471185684204,47043349.1027658,21.555620670318604,35146175.42149176,48419.50665585091,40782091.85600281,40373182.6806541,242392.344282895,0.005901293776109633,13.792774299515063,5.306638003053042,-1.0,0.13786055147647858,-1.0,0.49023151757125194,0,,0.6176589078696779,9.88750002003884e+21,0.44286885969509127,0.7306791647750318,0.6,0.0,0.0,0.006666666666666667,0.006666666666666667,13.287320360836272,3.253883880908853,0.013333333333333334,0.0,0.0,0.006666666666666667,0.006666666666666667,0.9613235592842102,0.6827406287193298,0.653200626373291,9.0
0.6718256311061023,3.9235628857742997,16.026406288146973,47189831.33694298,0.0,20165806.27772522,24931.776933477886,16026406.288146973,15852551.846240446,313090.4792525663,0.007629297673114835,11.000492783072309,4.46535614683822,-1.0,0.2910613417625427,-1.0,0.3868021866783276,0,,0.6069490845765388,6.355718446103252e+21,0.4480988748746264,0.7205834418097218,0.6,0.0,0.0,0.006666666666666667,0.006666666666666667,12.923678431938875,3.2271603119451546,0.013333333333333334,0.0,0.0,0.006666666666666667,0.006666666666666667,0.8013203144073486,0.5628651976585388,-0.4951317608356476,10.0
0.6774908927977258,4.010999265266582,19.353463649749756,46590273.81060069,13.227072358131409,29290251.155119576,41253.6538073813,32580536.00788116,32300899.89567832,304171.8893091673,0.006272467728215078,12.499254787231653,4.973853797429531,-1.0,0.3926491141319275,-1.0,0.4396815919404434,0,,0.6036400855510252,4.965901530795478e+21,0.4513553683632738,0.7155945511901795,0.6,0.0,0.0,0.006666666666666667,0.006666666666666667,12.64849892806914,3.2110207045055095,0.013333333333333334,0.0,0.0,0.006666666666666667,0.006666666666666667,0.9676731824874878,0.0890655666589737,0.40082037448883057,11.0
0.6543368741480734,4.140352838067338,18.68828773498535,47084174.006435305,0.0,20730400.295295306,29229.9858854542,18688287.734985348,18538506.26553005,381981.66347996274,0.007663757987552695,11.067484137961387,4.587758022317205,-1.0,0.6699406504631042,-1.0,0.3827887818194348,0,,0.5902968999969994,4.23788442059043e+21,0.45534808623463885,0.7047304312570398,0.6,0.0,0.0,0.006666666666666667,0.006666666666666667,12.285150346856895,3.1786185750985316,0.013333333333333334,0.0,0.0,0.006666666666666667,0.006666666666666667,0.9344143867492676,-0.04634557291865349,-0.4345732033252716,12.0
0.6425651615903657,4.244225661782548,19.42712664604187,45332709.865716726,0.0,19454876.36191964,32363.86926735618,19427126.64604187,19334359.92802144,417809.81569354853,0.008154188180385291,10.386669086830713,4.7174929452519025,-1.0,0.7796434164047241,-1.0,0.37264551223855114,0,,0.5936240356897106,6.178504421190543e+21,0.45877421892817816,0.7033606832985712,0.6,0.0,0.0,0.006666666666666667,0.006666666666666667,11.983760432430756,3.1437725214233128,0.013333333333333334,0.0,0.0,0.006666666666666667,0.006666666666666667,0.9713563323020935,-0.5205585956573486,-0.9611324667930603,13.0
0.6195645427840983,4.387895016698167,19.416773319244385,43522492.0784967,0.0,19263185.777061433,35557.02404730557,19416773.319244385,19380752.562451348,457889.9326035376,0.008945314845523066,9.5931582130463,4.791108436786577,-1.0,1.0,-1.0,0.36260257966657483,0,,0.5950871522482061,7.453697283248426e+21,0.46124368898164236,0.69310595825302,0.6,0.0,0.0,0.006666666666666667,0.006666666666666667,11.62061383239648,3.1180424236099626,0.013333333333333334,0.0,0.0,0.006666666666666667,0.006666666666666667,0.9708386659622192,-0.563306450843811,-0.9652665257453918,14.0
0.6094760831022332,4.40715288403444,19.17370080947876,40059594.02266209,0.0,19053541.202224117,37596.6654409344,19173700.80947876,19102471.473105818,420790.25499512366,0.009593682560375212,8.562972839472788,4.721073164813554,-1.0,0.35446256399154663,-1.0,0.361806956729738,0,,0.6188148891895796,8.436266833607206e+21,0.46199224550381307,0.7119993518482345,0.6,0.0,0.0,0.006666666666666667,0.006666666666666667,11.51763781536884,3.1075811525840216,0.013333333333333334,0.0,0.0,0.006666666666666667,0.006666666666666667,0.958685040473938,-0.5163464546203613,-0.9559349417686462,15.0
0.5813119567203948,4.560685600666329,19.13334608078003,40045058.66170022,0.0,19268459.54820182,39263.86546675371,19133346.08078003,19152551.278930113,494982.524878755,0.010001836186763723,7.979256637204214,4.692603469077591,-1.0,1.0,-1.0,0.34762218842539244,0,,0.6076266001983225,4.67328899569128e+21,0.4605412950509799,0.6976952298411995,0.6,0.0,0.0,0.006666666666666667,0.006666666666666667,11.17993546603565,3.0987523889232036,0.013333333333333334,0.0,0.0,0.006666666666666667,0.006666666666666667,0.9566673040390015,-0.46467283368110657,-0.9589707255363464,16.0
0.5746964615903727,4.590765004185959,18.935112953186035,39739885.4938549,0.0,19066208.563277893,40141.240139392095,18935112.953186028,18946186.520158697,486460.06295332155,0.010334188715310152,7.5917091163595165,4.635703346700977,-1.0,0.39199531078338623,-1.0,0.34338279901414054,0,,0.6078013689841297,3.147968956026778e+21,0.45681645162375856,0.7129554246989223,0.6,0.0,0.0,0.006666666666666667,0.006666666666666667,11.066258183287385,3.0833256362038717,0.013333333333333334,0.0,0.0,0.006666666666666667,0.006666666666666667,0.9467556476593018,-0.48319658637046814,-0.9508762955665588,17.0
0.5530768444055041,4.7455341834109275,19.175525903701782,41168948.96158796,0.0,19346288.350995146,39621.443772756276,19175525.903701782,19256609.351043202,547427.8987566505,0.01004450047634785,7.350561887725573,4.574563870722598,-1.0,1.0,-1.0,0.3307853898142223,0,,0.5865989513289779,1.5876951592008276e+21,0.4510991113022247,0.6989706173226924,0.6,0.0,0.0,0.006666666666666667,0.006666666666666667,10.749565482844167,3.059696966406164,0.013333333333333334,0.0,0.0,0.006666666666666667,0.006666666666666667,0.9587762951850891,-0.45230820775032043,-0.9533892273902893,18.0
0.5486629757264657,4.7973491895478215,19.097890853881836,40113107.032185994,0.0,19077056.373923652,40648.716726075436,19097890.853881836,19182361.36402497,557413.6361377281,0.01034039354280051,7.003307666033947,4.516807418211191,-1.0,0.4691615402698517,-1.0,0.3289703011712056,0,,0.5908063753325463,4.267904893405247e+21,0.44317984437549535,0.7090098116669671,0.6,0.0,0.0,0.006666666666666667,0.006666666666666667,10.607401587789779,3.0357538422519856,0.013333333333333334,0.0,0.0,0.006666666666666667,0.006666666666666667,0.9548945426940918,-0.4201730191707611,-0.9454607367515564,19.0
0.5304938961649212,4.961910535721108,19.325788021087646,39032744.44115506,0.0,19245432.731019937,41906.251989084136,19325788.021087646,19502426.871039037,652468.9639371604,0.01048796499626964,6.638992473311686,4.430015792543166,-1.0,1.0,-1.0,0.32202613940806013,0,,0.5881549560726408,6.106629826895978e+21,0.43313611398780016,0.6945160032878226,0.6,0.0,0.0,0.006666666666666667,0.006666666666666667,10.297466464360134,3.011261150609504,0.013333333333333334,0.0,0.0,0.006666666666666667,0.006666666666666667,0.9662894010543823,-0.3543865382671356,-0.9512133002281189,20.0
0.5224676637313129,5.031513004330918,19.15713906288147,36683128.62092661,0.0,19123601.413692467,42213.507167549404,19157139.06288147,19367930.707404815,699903.0839700768,0.010629354275264605,6.190122101242314,4.279497610963061,-1.0,0.5016126036643982,-1.0,0.3212035124002391,0,,0.6021680832561994,8.475638612367816e+21,0.4209671149834878,0.701435264147143,0.6,0.0,0.0,0.006666666666666667,0.006666666666666667,10.13777254696973,2.9904835445429483,0.013333333333333334,0.0,0.0,0.006666666666666667,0.006666666666666667,0.9578569531440735,-0.30720052123069763,-0.9480618834495544,21.0
0.5016508433427183,5.213107899157331,19.354580640792847,35785956.51935562,0.0,19473268.71826057,43251.560552028925,19354580.64079284,19683687.441398546,822359.9580815586,0.010718067077632565,5.832720169828276,4.196238359702231,-1.0,1.0,-1.0,0.3130213882845072,0,,0.5981480935096073,8.042021961127928e+21,0.4073594972893371,0.6860470990778702,0.6,0.0,0.0,0.006666666666666667,0.006666666666666667,9.825123148433658,2.9682019864608447,0.013333333333333334,0.0,0.0,0.006666666666666667,0.006666666666666667,0.9677290320396423,-0.184051051735878,-0.9564151167869568,22.0
0.49377412112497676,5.295034399954602,19.157445430755615,34546622.802822866,0.0,19367881.600105442,47634.552228215005,19157445.43075561,19530615.3384407,871562.4306554532,0.011891390866142198,5.503057030427547,4.292408894307488,-1.0,0.4853099286556244,-1.0,0.310456383081575,0,,0.6036957508331474,8.412403259206465e+21,0.3926996727150543,0.6919637585769965,0.6,0.0,0.0,0.006666666666666667,0.006666666666666667,9.65751091021893,2.9456863424630466,0.013333333333333334,0.0,0.0,0.006666666666666667,0.006666666666666667,0.9578722715377808,-0.1513548493385315,-0.9551926851272583,23.0
0.4743725130056301,5.495034399954602,19.43731427192688,34636874.75138078,0.0,19778262.5346488,49316.31680744021,19437314.27192688,19938291.73345969,1001598.6368524757,0.012064319914552936,5.294892284308311,4.311856903361088,-1.0,1.0,-1.0,0.30133791456310827,0,,0.5909995097485873,7.673253092576978e+21,0.3781201723255807,0.6761934697451136,0.6,0.0,0.0,0.006666666666666667,0.006666666666666667,9.343743093503752,2.918558217266806,0.013333333333333334,0.0,0.0,0.006666666666666667,0.006666666666666667,0.971865713596344,0.008552366867661476,-0.9623920321464539,24.0
0.4690986489959151,5.587435483327136,19.23853635787964,33647724.9554337,0.0,19557670.54636281,52762.29581218107,19238536.357879635,19782917.51231769,1054980.1813329952,0.01299979126590249,5.098656127215072,4.347089089307604,-1.0,0.4502578377723694,-1.0,0.2994079956027638,0,,0.5942669365328375,9.473351142859516e+21,0.3639481342481416,0.6819315525555605,0.6,0.0,0.0,0.006666666666666667,0.006666666666666667,9.173813680380889,2.889780570905948,0.013333333333333334,0.0,0.0,0.006666666666666667,0.006666666666666667,0.9619268178939819,0.023495158180594444,-0.961566150188446,25.0
0.4577654190137143,5.787435483327135,19.5228910446167,33143603.61948863,0.0,19732321.112026487,58133.46380461834,19522891.0446167,20196022.278616592,1195468.0146873926,0.014029456589254299,5.025835001445254,4.405763810154727,-1.0,1.0,-1.0,0.29517968138083805,0,,0.5875443554299737,1.061996383629202e+22,0.35117090370412585,0.6692958118680317,0.6,0.0,0.0,0.006666666666666667,0.006666666666666667,8.886206844867672,2.855002259324327,0.013333333333333334,0.0,0.0,0.006666666666666667,0.006666666666666667,0.976144552230835,0.24111133813858032,-0.9682159423828125,26.0
0.45221620971455323,5.915908339014277,19.347258806228638,31747492.8128611,0.0,19637536.956127856,63744.34876726198,19347258.80622864,20099746.3094079,1289948.0867533525,0.015444034916599816,4.8992188705306265,4.434492450576032,-1.0,0.5000467896461487,-1.0,0.2946237115045316,0,,0.5932732658997563,1.3111092750297267e+22,0.3396757148066806,0.670836341503475,0.6,0.0,0.0,0.006666666666666667,0.006666666666666667,8.68822647160037,2.818131463455212,0.013333333333333334,0.0,0.0,0.006666666666666667,0.006666666666666667,0.9673629403114319,0.2846349775791168,-0.9674655795097351,27.0
0.4398064353147689,6.115908339014277,19.609295129776,30742180.670027327,0.0,19991643.288278267,68394.18031382332,19609295.129775994,20500747.255872436,1448247.48208056,0.016239829493521554,4.796280709668061,4.434446884829461,-1.0,1.0,-1.0,0.2912484414795726,0,,0.5922050463339372,1.4456439570346008e+22,0.32972242898106463,0.6615162802493348,0.6,0.0,0.0,0.006666666666666667,0.006666666666666667,8.42411026370036,2.777512336954107,0.013333333333333334,0.0,0.0,0.006666666666666667,0.006666666666666667,0.9804647564888,0.49595358967781067,-0.9748106598854065,28.0
0.43018179279552937,6.269303359976038,19.459993839263916,29548047.950007062,0.0,20086039.259915963,72175.70102635035,19459993.83926392,20461486.30831895,1576376.4805773108,0.0171549796683021,4.658110222726396,4.41237232850009,-1.0,0.5016503930091858,-1.0,0.28855103549055333,0,,0.5960543797487792,1.601543030355856e+22,0.32113819719655046,0.6611699889888827,0.6,0.0,0.0,0.006666666666666667,0.006666666666666667,8.217320967364016,2.735608862177907,0.013333333333333334,0.0,0.0,0.006666666666666667,0.006666666666666667,0.9729996919631958,0.5306494235992432,-0.9731504917144775,29.0
0.4177503404616037,6.469303359976038,19.643837213516235,29683600.7924534,0.0,20400052.865613222,75481.7383712175,19643837.21351623,20797095.90284884,1747650.7461326434,0.01764293781563948,4.5619227296908,4.3857867768071515,-1.0,1.0,-1.0,0.28423894684964796,0,,0.5940143545525055,1.680455435380272e+22,0.3140975029304521,0.654655218062876,0.6,0.0,0.0,0.006666666666666667,0.006666666666666667,7.976217291116573,2.6907289828251977,0.013333333333333334,0.0,0.0,0.006666666666666667,0.006666666666666667,0.9821918606758118,0.6389378309249878,-0.9797066450119019,30.0
0.4078114606079327,6.638997586956248,19.521585702896118,30265425.815514885,0.0,20489657.54568991,78437.23417935158,19521585.702896114,20806999.2552732,1898351.592773394,0.01830939864497385,4.454495707269068,4.353933903501588,-1.0,0.5024040937423706,-1.0,0.2805225277704799,0,,0.5947159082534734,1.8001683443301615e+22,0.3084424217399306,0.6539155827658208,0.6,0.0,0.0,0.006666666666666667,0.006666666666666667,7.7727688329311295,2.6444069054043453,0.013333333333333334,0.0,0.0,0.006666666666666667,0.006666666666666667,0.9760792851448059,0.6921340823173523,-0.9781348705291748,31.0
,6.838997586956248,19.616299867630005,,0.0,,,,,,,,,-1.0,1.0,-1.0,,,"l_i(3) 0.650 outside [0.65, 1.2] at t = 32 s",,,,,,,,,,,,-1000.0,,,,,0.9808149933815002,0.6741513013839722,-0.9810062646865845,32.0
