H98,Ip_MA,P_ECRH_MW,P_LH,P_NBI_MW,P_SOL_total,Q_fusion,T_e0,T_i0,beta_N,fgw_n_e_line_avg,j0_MA_m2,li3,q95,q_min,r_bench,r_fusion_gain,r_h98,r_q95,r_q_min,t
1.1801657122441853,3.1143293619155883,0.3753840923309326,32534256.274350543,0.42680230736732483,1305137.4416929674,0.057959191652813366,3.8427511524938303,3.669448663829627,0.3079001153625758,0.8922420725360063,0.4059934079947715,0.893898518251598,15.742071016765507,3.368190101556052,0.013333333333333334,0.0,0.0,0.006666666666666667,0.006666666666666667,1.0
0.8517971058159259,3.3017751693725588,0.3624647855758667,33051736.492754634,1.1970867812633514,2236231.554247398,0.020351852507596416,3.359586235935873,3.245489417181794,0.2627534802152417,0.8617383923716619,0.42811938482282513,0.8028817038190965,15.189396344056433,3.1674049177811616,0.013333333333333334,0.0,0.0,0.006666666666666667,0.006666666666666667,2.0
0.8150297871955023,3.4944482803344727,0.047748684883117676,33561756.64638424,0.8249795436859131,1752656.9117197022,0.018660263469855748,3.05144898205298,2.9969997058890003,0.2345326637046611,0.8331716312113369,0.44888077233758705,0.7349479738715784,14.562260412310431,3.0041945993213535,0.013333333333333334,0.0,0.0,0.006666666666666667,0.006666666666666667,3.0
0.7790510622168844,3.688670551776886,0.009806156158447266,34055504.78358313,0.39578935503959656,1497892.1566431732,0.016671778050481794,2.8394641451004334,2.7969499829212507,0.2147530886418819,0.8070649019985654,0.46815205036862606,0.6839149213596444,13.93829166064972,2.872435041184099,0.013333333333333334,0.0,0.0,0.006666666666666667,0.006666666666666667,4.0
0.7049499906148957,3.8837165594100953,0.004534125328063965,34532600.91771637,0.35966724157333374,1665407.2048488627,0.012689670485605984,2.7144659490586047,2.666237849785084,0.20184561994829675,0.7845045039118083,0.48556037073307423,0.6452240110057956,13.338083599366893,2.766207198423304,0.013333333333333334,0.0,0.0,0.006666666666666667,0.006666666666666667,5.0
0.6426793471762096,4.079342067241669,0.0025594234466552734,34993855.23732107,0.4018544554710388,1911542.4618732673,0.010232092984260917,2.648920418456977,2.5983376307811565,0.19311111596855307,0.7647042563100247,0.5008968587355234,0.6156833228375066,12.769265176271558,2.680323713174198,0.013333333333333334,0.0,0.0,0.006666666666666667,0.006666666666666667,6.0
0.5978753251698232,4.275397717952728,0.0014287233352661133,35440196.24964555,0.3951451778411865,2113361.6244732016,0.008842980605043599,2.60549456542357,2.5485324474769,0.18642953205181984,0.7470282902470147,0.5142425590511874,0.5929416348632407,12.234789532513414,2.610462416656621,0.013333333333333334,0.0,0.0,0.006666666666666667,0.006666666666666667,7.0
0.5617019687742036,4.471736252307892,0.0008630752563476562,35872448.94489487,0.37401124835014343,2306011.7075694674,0.007888579055705251,2.5720196672350415,2.509518099970768,0.1810589836047901,0.7311560446156313,0.5258035692312625,0.5753282504157458,11.73484467390475,2.553197254705736,0.013333333333333334,0.0,0.0,0.006666666666666667,0.006666666666666667,8.0
0.5293113485114943,4.668327462673187,0.0006729364395141602,36291591.32899514,0.3919478952884674,2539294.1906426665,0.007137127852071584,2.5514386834188736,2.484590184079656,0.17688898013897034,0.7168480363109433,0.5358622385747323,0.561667630107924,11.26780140306263,2.505515464439383,0.013333333333333334,0.0,0.0,0.006666666666666667,0.006666666666666667,9.0
0.5019099283951409,4.865089583396911,0.0005728006362915039,36698387.7160048,0.4166754484176636,2780498.4998402204,0.006608768693580575,2.5398894983242473,2.4701597834000117,0.17361020626428808,0.7039026779058712,0.5447783653935981,0.5511030398129154,10.831711104331879,2.464787551075737,0.013333333333333334,0.0,0.0,0.006666666666666667,0.006666666666666667,10.0
0.4791705661796376,5.061941277980805,0.0004863739013671875,37093522.33889516,0.42477044463157654,3007673.8848664137,0.0062535667099948445,2.532902382343271,2.4616686263354013,0.17092101320121825,0.6921742765247607,0.5529281999861037,0.5429756898660908,10.424530224150164,2.4287771564123357,0.013333333333333334,0.0,0.0,0.006666666666666667,0.006666666666666667,11.0
0.4597856124074377,5.258832216262817,0.00041365623474121094,37477669.10358104,0.42000746726989746,3225062.0364824375,0.006015019357501335,2.5292822742791294,2.4581433941267536,0.16868546924478223,0.6815784261830812,0.5606756150581075,0.5367824994024399,10.044108250874434,2.3955779718007784,0.013333333333333334,0.0,0.0,0.006666666666666667,0.006666666666666667,12.0
0.44282979795582533,5.455739736557007,0.0003540515899658203,37851486.64412124,0.4102897346019745,3440267.6540583214,0.00586079454715413,2.5283255145719354,2.4594351585232817,0.1668464878315207,0.6720337608601108,0.568350548137229,0.532140455305216,9.6882877276421,2.3636258933680625,0.013333333333333334,0.0,0.0,0.006666666666666667,0.006666666666666667,13.0
0.4278464675454872,5.652663838863373,0.00030517578125,38215611.24338838,0.3973255455493927,3654695.9195539234,0.005761132848769509,2.530299466773872,2.4621587871667607,0.16535029627250755,0.6634397366491426,0.5762327380438761,0.5287541185788378,9.355005757211943,2.3317015279756634,0.013333333333333334,0.0,0.0,0.006666666666666667,0.006666666666666667,14.0
0.4140970281678789,5.84962227344513,0.00028192996978759766,38570651.06532544,0.4048904478549957,3889656.3121782625,0.005712848513007019,2.5384193440544283,2.470574433940285,0.16426024061197517,0.6557080703389032,0.5845377818000748,0.5264093008682605,9.042279152697223,2.298897500874612,0.013333333333333334,0.0,0.0,0.006666666666666667,0.006666666666666667,15.0
0.40198036817614985,6.046616005897522,0.00026345252990722656,38917129.771105886,0.41280055046081543,4125477.5694995197,0.005737154038070821,2.551953209323387,2.4846208137512606,0.16349921480665996,0.6487635780244164,0.5934271476311274,0.5249334762682529,8.748384003821052,2.264674666437541,0.013333333333333334,0.0,0.0,0.006666666666666667,0.006666666666666667,16.0
0.39125119954109017,6.243651044368744,0.0002497434616088867,39255533.636490144,0.41991305351257324,4361151.784732819,0.005828265246523867,2.5706294887746832,2.5040604107886706,0.16301636480614573,0.6425409855846362,0.6030176076026579,0.5241843112944793,8.47176532436119,2.228725989784331,0.013333333333333334,0.0,0.0,0.006666666666666667,0.006666666666666667,17.0
0.38169678312964567,6.4407329082489015,0.0002372264862060547,39586306.75068169,0.4264344871044159,4596893.976317432,0.005982581206603628,2.5943616243898266,2.5286721414697455,0.16277733368336642,0.6369806409552701,0.6134002538546927,0.5240482577766659,8.211015737282349,2.1909242201608032,0.013333333333333334,0.0,0.0,0.006666666666666667,0.006666666666666667,18.0
0.3731121031201902,6.637862658500671,0.0002276897430419922,39909849.33422858,0.4334220886230469,4833854.159299439,0.006191708166118716,2.6216346984003405,2.5572399919307847,0.16274888924831166,0.6320280700653922,0.6246410822373204,0.5244308000784683,7.964868439734999,2.1512978806373777,0.013333333333333334,0.0,0.0,0.006666666666666667,0.006666666666666667,19.0
0.3653871643005092,6.8350147128105165,0.0002199411392211914,40226487.26628671,0.4375792443752289,5068893.056176634,0.006437424400072583,2.6514612044885326,2.5864498731204817,0.16288266892220513,0.6276109917787364,0.6367817518455071,0.5252556886777938,7.732210948073167,2.1099958834856913,0.013333333333333334,0.0,0.0,0.006666666666666667,0.006666666666666667,20.0
0.35838134767287094,7.032175421714783,0.00021457672119140625,40536539.87241021,0.4418780207633972,5304778.159786365,0.006729510010798009,2.6839580110830576,2.6180021079775266,0.1631743500802452,0.6236819263885003,0.6498292818756553,0.5264598596036245,7.512021374837608,2.067261041348143,0.013333333333333334,0.0,0.0,0.006666666666666667,0.006666666666666667,21.0
0.3520130832322168,7.2293341755867,0.0002104043960571289,40840307.04636601,0.44739335775375366,5542169.380519318,0.007072256405116962,2.7192686866254845,2.652267446951016,0.16361633408780799,0.6201965879126721,0.6637720617305497,0.5279930993336022,7.303366313201637,2.0233849550817196,0.013333333333333334,0.0,0.0,0.006666666666666667,0.006666666666666667,22.0
0.34611011839145994,7.426486909389496,0.00021457672119140625,41138076.43709815,0.46500054001808167,5790753.900560649,0.007467313897577286,2.758502623040791,2.6902344903353312,0.16423217894594577,0.6171138814078144,0.6785813429805438,0.5298167381386475,7.105377514250064,1.9786695351769819,0.013333333333333334,0.0,0.0,0.006666666666666667,0.006666666666666667,23.0
0.340787896695553,7.6236079931259155,0.00022113323211669922,41430083.41870738,0.48275622725486755,6038997.623631757,0.007925275522990629,2.8007409812884023,2.731144061938195,0.16498601411836303,0.6143963940212097,0.6942291876801073,0.531896481051791,6.917300691085813,1.9334234971335338,0.013333333333333334,0.0,0.0,0.006666666666666667,0.006666666666666667,24.0
0.33597117371955837,7.8203678846359255,0.00022470951080322266,41716109.32970761,0.5015937387943268,6287338.212524942,0.008446349857587227,2.845621758420907,2.7746356996115864,0.16586308401504649,0.6120178738174196,0.7106877749645307,0.5342278513826161,6.738657271894842,1.8879264984417734,0.013333333333333334,0.0,0.0,0.006666666666666667,0.006666666666666667,25.0
0.331652988218894,8.0164506316185,0.00022709369659423828,41995971.320435755,0.5178073346614838,6531568.272644611,0.00903547538725447,2.8925579794507135,2.8202288180740127,0.16684239274084053,0.6099532966456355,0.7279324565937797,0.5368024452590576,6.5690033291535785,1.8424290714301075,0.013333333333333334,0.0,0.0,0.006666666666666667,0.006666666666666667,26.0
0.3278337800257812,8.211719799041749,0.00022470951080322266,42269749.133529074,0.5222221612930298,6763602.549661371,0.009693957848701834,2.94007103748177,2.866681115011375,0.16788075900154184,0.6081742889950945,0.7459450786413082,0.5395904024222034,6.407817670367906,1.7971478155893759,0.013333333333333334,0.0,0.0,0.006666666666666667,0.006666666666666667,27.0
0.3245476260163767,8.40630613565445,0.0002187490463256836,42537881.97387094,0.4948834776878357,6966638.525521813,0.010416400207125266,2.9852854408450695,2.9113345281413823,0.16889325118862603,0.6066459602686005,0.7647224028029124,0.5425360059195207,6.2544715655729375,1.752260086885912,0.013333333333333334,0.0,0.0,0.006666666666666667,0.006666666666666667,28.0
0.32152112418276774,8.600417590141296,0.00021398067474365234,42800883.40525842,0.4519704580307007,7157247.281295586,0.01118190960299909,3.028509444047173,2.9540741672837285,0.16988660652664037,0.6053360190472392,0.784257557274376,0.5455906328926988,6.108316300958027,1.7078954019221357,0.013333333333333334,0.0,0.0,0.006666666666666667,0.006666666666666667,29.0
0.3187245013955262,8.793958282470703,0.00020325183868408203,43058832.058863476,0.39429447054862976,7335807.469231589,0.011980679613559767,3.0695767272389696,2.9940188108276673,0.17085855764941654,0.6042191574647944,0.8045421284340967,0.5487424344266065,5.96891595565428,1.6641625742093322,0.013333333333333334,0.0,0.0,0.006666666666666667,0.006666666666666667,30.0
0.31605120141242876,8.986880266666413,0.00019252300262451172,43311864.0691965,0.3362339437007904,7515059.254306456,0.012816986174357977,3.1096839932916835,3.032854343138487,0.17185083199587825,0.6032746403755826,0.825557081077515,0.5519807427515555,5.8358418460305765,1.62115883497486,0.013333333333333334,0.0,0.0,0.006666666666666667,0.006666666666666667,31.0
0.3134802733304719,9.179449081420898,0.00018477439880371094,43560508.82501159,0.28474894165992737,7700618.872882515,0.013702040010316887,3.150000788018277,3.07178849777709,0.17289437685675094,0.6024796858372503,0.847273780705182,0.5552769996373733,5.7085441677995865,1.5789785638629519,0.013333333333333334,0.0,0.0,0.006666666666666667,0.006666666666666667,32.0
0.31103783019184833,9.371637809276582,0.00017762184143066406,43804894.76111457,0.2411632239818573,7892869.855666536,0.014649102932792764,3.191219794227618,3.111513202496089,0.1740064636878398,0.6018213607348424,0.8696559109542571,0.5586321261802074,5.586652219798593,1.5377137574776063,0.013333333333333334,0.0,0.0,0.006666666666666667,0.006666666666666667,33.0
0.30873126954993746,9.563480579853058,0.000171661376953125,44045218.83747159,0.20668351650238037,8092187.024486095,0.01566751795381718,3.2337212465606706,3.1523748466246007,0.17519481278211482,0.6012876229162387,0.8926621657591478,0.5620419956727402,5.469810226631469,1.4974492133398352,0.013333333333333334,0.0,0.0,0.006666666666666667,0.006666666666666667,34.0
0.3065768770381101,9.754955148696899,0.00016689300537109375,44281597.71729432,0.17789125442504883,8295577.344360485,0.016762749654301114,3.277205754990567,3.194169268160942,0.17645025056259378,0.6008696596022848,0.9162529832084167,0.5655021574927184,5.357721184377113,1.4582560627800898,0.013333333333333334,0.0,0.0,0.006666666666666667,0.006666666666666667,35.0
0.30458342407126704,9.946035003662109,0.0001633167266845703,44514136.47152367,0.15365248918533325,8501593.288060088,0.017949651050434227,3.3219647808156596,3.2373140675453373,0.1777707905480826,0.6005558119551454,0.940387805678774,0.5690096416537959,5.250116668234361,1.4201851440949824,0.013333333333333334,0.0,0.0,0.006666666666666667,0.006666666666666667,36.0
0.3027406704033755,10.1366917014122,0.00015974044799804688,44742932.17727358,0.13317552208900452,8709473.907253208,0.01923113566645014,3.3678792685231373,3.2815891836774402,0.1791485668605758,0.6003356570157582,0.9650301697604105,0.5725604956590996,5.14675052308579,1.383270184194691,0.013333333333333334,0.0,0.0,0.006666666666666667,0.006666666666666667,37.0
0.301033760865037,10.326936888694764,0.00015676021575927734,44968123.87114739,0.1160246729850769,8919170.51765814,0.020611299246021005,3.414858561364827,3.326899910403975,0.1805778850589767,0.6002014045318473,0.9901472550316153,0.5761461567535338,5.047379897409407,1.3475285633986243,0.013333333333333334,0.0,0.0,0.006666666666666667,0.006666666666666667,38.0
0.2994546227315068,10.516797292232514,0.0001537799835205078,45189860.769673444,0.10181540250778198,9129958.944252087,0.02209539500657528,3.462782022260422,3.373125266286618,0.18205271033605896,0.6001463702820982,1.0157107304082569,0.5797601317286453,4.951773706025466,1.3129634190847066,0.013333333333333334,0.0,0.0,0.006666666666666667,0.006666666666666667,39.0
0.29799171712171385,10.706295573711396,0.00015079975128173828,45408279.73722777,0.08988386392593384,9341610.635670206,0.023687531182890513,3.511527042583094,3.4201409527769204,0.18356791803344188,0.6001649272047272,1.0416960488865634,0.5833956558234851,4.859718789859891,1.279566403214339,0.013333333333333334,0.0,0.0,0.006666666666666667,0.006666666666666667,40.0
0.2966433510800415,10.895399582386016,0.00014781951904296875,45623448.756851345,0.07940000295639038,9553072.001912862,0.025395022467422753,3.560967520596348,3.4678730039169463,0.185119128744385,0.6002532189568864,1.0680819762780276,0.587051798531652,4.771035876954866,1.2473202460134714,0.013333333333333334,0.0,0.0,0.006666666666666667,0.006666666666666667,41.0
0.29539299341487907,11.084083890914917,0.00014543533325195312,46167408.074791014,0.07032153010368347,9764928.964357127,0.027220418705625266,3.611072070066896,3.5162358552042257,0.18670256242074387,0.6004077159387086,1.0948491425785767,0.5907241639694711,4.685556774227219,1.2162008191325335,0.013333333333333334,0.0,0.0,0.006666666666666667,0.006666666666666667,42.0
0.2942367633145986,11.272274911403656,0.00014543533325195312,46792518.03429949,0.06274974346160889,9976854.620443616,0.02916723194861154,3.6616936319870064,3.5650488536387392,0.1883162208610338,0.600625419504964,1.1219808160351301,0.5944133393372022,4.603139028347549,1.186179261469618,0.013333333333333334,0.0,0.0,0.006666666666666667,0.006666666666666667,43.0
0.2931691300856272,11.45991884469986,0.00014603137969970703,47417660.66534977,0.0562991201877594,10188461.657283613,0.031239961812144237,3.712711207815938,3.614225265914699,0.1899566451669057,0.6009027737852733,1.1494628688122215,0.5981177391310378,4.523644326570026,1.1572228442731387,0.013333333333333334,0.0,0.0,0.006666666666666667,0.006666666666666667,44.0
0.2921795003415942,11.646830344200135,0.0001531839370727539,48042278.452057056,0.05274286866188049,10401256.781005893,0.03344301891276848,3.764237441866948,3.6638674888226648,0.1916271004129238,0.6012372339839418,1.1772819516860134,0.6018442392066499,4.446979307395305,1.1292961866089772,0.013333333333333334,0.0,0.0,0.006666666666666667,0.006666666666666667,45.0
0.29128259175541105,11.832922172546386,0.00016033649444580078,48666121.07292228,0.049086302518844604,10611711.97370629,0.035784158153063246,3.815981109108123,3.713697930714107,0.1933191023601833,0.6016262058034142,1.205428443077568,0.6055930103414188,4.3730316527172475,1.1023624837465034,0.013333333333333334,0.0,0.0,0.006666666666666667,0.006666666666666667,46.0
0.2904650930090379,12.018085968494415,0.00016808509826660156,49288913.313529946,0.04568052291870117,10820439.434952732,0.03826338848297395,3.8678165288808257,3.763601478618461,0.19502965494720803,0.6020679118693065,1.2338950126711299,0.6093644100485381,4.301698515745536,1.076383692571342,0.013333333333333334,0.0,0.0,0.006666666666666667,0.006666666666666667,47.0
0.28972483966844037,12.202169883251191,0.00017583370208740234,49910277.18664981,0.04236423969268799,11027033.183471285,0.040884892953923925,3.919666154072651,3.8135033810093932,0.19675693565102514,0.6025612327366112,1.2626757135887368,0.6131616755552974,4.232893391607972,1.0513214400218396,0.013333333333333334,0.0,0.0,0.006666666666666667,0.006666666666666667,48.0
0.2890574143893539,12.385096609592438,0.00018596649169921875,50529996.7399103,0.039462000131607056,11231342.371129218,0.043652895579299626,3.971460520721729,3.8633456046081283,0.19849917579308685,0.6031039394649718,1.2917656366971122,0.6169836066166173,4.166515421975601,1.027137840332268,0.013333333333333334,0.0,0.0,0.006666666666666667,0.006666666666666667,49.0
0.2884595602700452,12.566678988933564,0.00019609928131103516,51147571.125194415,0.03652927279472351,11433334.38422627,0.0465702888211993,4.023193734754268,3.913086971760177,0.20025542405862973,0.6036949170336877,1.3211601138882183,0.6208343154697505,4.102493995230784,1.0037959511318004,0.013333333333333334,0.0,0.0,0.006666666666666667,0.006666666666666667,50.0
0.28793265693210623,12.746749699115753,0.00020742416381835938,51762557.51859052,0.03388175368309021,11632574.424449835,0.04964360170672251,4.074842391260481,3.96272422200474,0.2020257716108827,0.6043330151388485,1.3508545163886683,0.624717134047287,4.040758512593406,0.9812602278997423,0.013208401519331616,0.0,0.0,0.006666666666666667,0.006541734852664949,51.0
0.28747630330651336,12.925150620937348,0.0002199411392211914,52374545.14578037,0.0313984751701355,11828661.317174228,0.052878550243174234,4.1263877970826925,4.012239539128626,0.2038093383295042,0.6050171817872717,1.3808444898460726,0.628634400760767,3.9812388894634907,0.9594965037461192,0.013063310024974129,0.0,0.0,0.006666666666666667,0.006396643358307461,52.0
0.28708926613148317,13.101726019382477,0.00023365020751953125,52983068.46695611,0.02912566065788269,12021349.198400628,0.05628045810587063,4.177823405221696,4.061621331833609,0.2056053414902303,0.6057455145427523,1.4111258896950567,0.6325882108495868,3.923867000197395,0.938472019211543,0.012923146794743622,0.0,0.0,0.006666666666666667,0.006256480128076954,53.0
0.2867695287799135,13.276327013969421,0.0002497434616088867,53587601.295325816,0.027085930109024048,12210830.915165275,0.059857154413915425,4.229231292888661,4.110954685620371,0.2074145385426603,0.6065150200579924,1.441694029110778,0.6365789465913068,3.8685758201953506,0.9181555100205818,0.012787703400137213,0.0,0.0,0.006666666666666667,0.006121036733470545,54.0
0.2865265428301205,13.44866497516632,0.00026404857635498047,54187431.780467466,0.024966537952423096,12395240.010364614,0.06361702706699685,4.2805364803341615,4.160142112633408,0.20923495493033406,0.6073265019404062,1.472544999788721,0.6406192307009558,3.8153303209538496,0.8985171326761006,0.012656780884507338,0.0,0.0,0.006666666666666667,0.00599011421784067,55.0
0.28635675371109176,13.618538451194762,0.00028014183044433594,54782039.89582873,0.023034989833831787,12574912.791062294,0.06756556139099004,4.331765991208091,4.20922083634442,0.21106715696909528,0.6081795551092993,1.5036748697451925,0.6447128216530802,3.7640804741132463,0.8795284221175292,0.012530189480783528,0.0,0.0,0.006666666666666667,0.005863522814116862,56.0
0.2862523011510827,13.786017441749573,0.00029981136322021484,55371472.7580148,0.02121064066886902,12750131.491570909,0.07170757848886748,4.382918655440678,4.258194267958875,0.21290884668923044,0.6090698035364704,1.5350797365511113,0.6488454264484206,3.714723199996574,0.8611623684293632,0.01240774912286242,0.0,0.0,0.006666666666666667,0.0057410824561957546,57.0
0.2860905186297372,13.95313103199005,0.0003337860107421875,55959850.89908144,0.019482672214508057,12917063.291250011,0.07595274928126429,4.432270782879021,4.30609402082992,0.21471393670121763,0.6099642623804331,1.5667613271542273,0.6528729585504254,3.6667834891919555,0.8433955121160435,0.012289303414106957,0.0,0.0,0.006666666666666667,0.00562263674744029,58.0
0.2859333473895734,14.120155489444732,0.00036835670471191406,56547709.66325198,0.017939597368240356,13095824.041404314,0.08037558747435995,4.4819092435753385,4.353816792823543,0.21651772047650888,0.6108579849609622,1.5987123756210606,0.6567974531349103,3.620105485396786,0.8262016873651257,0.012174677915767505,0.0,0.0,0.006666666666666667,0.005508011249100838,59.0
0.2857717023521064,14.287049806118011,0.0004011392593383789,57134919.3159707,0.016555845737457275,13276429.724841945,0.08497806864325004,4.531686431920105,4.401496747880404,0.21831855385469795,0.6117507555485012,1.630926592335104,0.6606343858062735,3.5746283801614447,0.809557422981042,0.012063716153206947,0.0,0.0,0.006666666666666667,0.00539704948654028,60.0
0.28543534579997665,14.45318843126297,0.00043272972106933594,57721822.1322537,0.015304863452911377,13457174.812092338,0.08833447264816133,4.565912963731385,4.412727517269642,0.21997674600283315,0.6126735467812084,1.6634589394457096,0.664420120486333,3.530418234060786,0.7934551122457173,0.011956367414971449,0.0,0.0,0.006666666666666667,0.005289700748304782,61.0
0.2853347978462684,14.611979138851165,0.00044405460357666016,58292450.55540695,0.012672096490859985,13619863.692387905,0.09232220287251768,4.5969222586664555,4.435686656195104,0.22169274564184885,0.6136871437357959,1.6962461259320052,0.6685835833003366,3.488578624195373,0.7778845530140003,0.011852563686760003,0.0,0.0,0.006666666666666667,0.005185897020093335,62.0
0.28814020924208644,14.678456819057464,0.0005167722702026367,58674533.50406235,0.008960455656051636,13526957.088401847,0.09693221401447986,4.621156992162407,4.437484270808236,0.224101541839264,0.6160329917226944,1.7292610896068936,0.6786474647973988,3.4634927170285104,0.762821815357302,0.011752145435715348,0.0,0.0,0.006666666666666667,0.00508547876904868,63.0
0.2930028264084619,14.677930593211205,0.0006848573684692383,58912556.96951375,0.00836840271949768,13280061.30384177,0.10405289157079894,4.652991607312144,4.469557380671945,0.22708178348157992,0.6192527071946011,1.7623901004729652,0.6922315377124395,3.452017700358366,0.7482547921115411,0.011655031947410275,0.0,0.0,0.006666666666666667,0.004988365280743607,64.0
0.2980285716944987,14.663136630970985,0.0010627508163452148,59113274.56804326,0.009930163621902466,13029258.92367886,0.11187670111210793,4.68840416573274,4.510074554746969,0.23005643085421307,0.622579468562279,1.7955955895045999,0.7055828363070947,3.4451609956086164,0.7341701230875713,0.011561134153917144,0.0,0.0,0.006666666666666667,0.004894467487250476,65.0
0.3029357810796904,14.634892946202308,0.0016385316848754883,59281690.825649776,0.011760413646697998,12775316.405750707,0.11809938123589159,4.7095799086012065,4.521565907397426,0.2328144221506556,0.626054485396668,1.8289644742218474,0.7188990312831081,3.4418041240191544,0.7205522309796354,0.011470348206530902,0.0,0.0,0.006666666666666667,0.0048036815398642355,66.0
0.3079153808477918,14.598639499861747,0.002498626708984375,59422984.49115601,0.013924062252044678,12529571.355570246,0.1255768906627372,4.734899860143493,4.550921012044629,0.23556998814180555,0.6295226957453941,1.8624561634547785,0.7319408841059917,3.4407811000448567,0.7073760321117374,0.011382506880744915,0.0,0.0,0.006666666666666667,0.004715840214078249,67.0
0.3129007253061694,14.55739344926551,0.003756880760192871,59543985.84933751,0.01624801754951477,12293498.523006748,0.1336900687474969,4.766583229477777,4.586622609818829,0.23829295054765542,0.6329506906692114,1.8960289275176,0.7446218932135309,3.4413705830750225,0.6946190747496415,0.011297460498330945,0.0,0.0,0.006666666666666667,0.004630793831664277,68.0
0.3175131600724044,14.514129304606467,0.005552172660827637,59653889.74779581,0.01868113875389099,12074711.938074987,0.14025695329458376,4.789177672002138,4.604040942255794,0.24076010240637155,0.6363362050831924,1.9297496111333685,0.7568018222102398,3.442932096517766,0.6822662901562878,0.011215108601041919,0.0,0.0,0.006666666666666667,0.004548441934375252,69.0
0.32208819992740273,14.470533868391067,0.008005499839782715,59753276.822589986,0.021020829677581787,11871682.355124403,0.14821284034375148,4.818720164578575,4.637775315994982,0.243226501101746,0.6396134209848047,1.9635791325395322,0.7684523058075459,3.445055944240922,0.6702953389094104,0.01113530225939607,0.0,0.0,0.006666666666666667,0.004468635592729402,70.0
0.32657897531061886,14.426865803916007,0.011298656463623047,59843710.426390305,0.023557215929031372,11682098.015166514,0.15661328397344157,4.8538449278435,4.6745447906909385,0.24565150211222786,0.6427913293585935,1.9974910276656739,0.7796345851798889,3.447591695920981,0.6586905940517402,0.01105793729367827,0.0,0.0,0.006666666666666667,0.0043912706270116016,71.0
0.33096233111898077,14.383223992306739,0.015670061111450195,59926012.553928494,0.02628341317176819,11504503.428287227,0.16521108940824808,4.891602240753605,4.711326618338528,0.24801541119497494,0.6458758061724855,2.0314734216146233,0.7904017950405512,3.4504580528167574,0.6474426596502919,0.01098295106433528,0.0,0.0,0.006666666666666667,0.0043162843976686125,72.0
0.3352165995155347,14.339911541063339,0.021463632583618164,60001261.62669484,0.029445290565490723,11339081.269590098,0.173907503694991,4.930425383705355,4.747443199167381,0.25031053177165796,0.6488670498888438,2.0655166645638925,0.8007751078113221,3.4535627483220734,0.6365434196151543,0.010910289464101029,0.0,0.0,0.006666666666666667,0.0042436227974343614,73.0
0.3389989099682558,14.296039172727614,0.030802488327026367,60072545.93153737,0.03540515899658203,11193086.116626494,0.18046545331240182,4.955909768492763,4.766589635817579,0.2523439370981512,0.6518472987081353,2.099709187509032,0.8108391595730984,3.457016975191097,0.625980311821026,0.010839868745473507,0.0,0.0,0.006666666666666667,0.0041732020788068395,74.0
0.3427728189089716,14.252508052904158,0.04250168800354004,60136457.98143863,0.04205542802810669,11058350.872403827,0.1882488895245897,4.986275330733019,4.796466258617184,0.25440620602319297,0.6547279031522022,2.134014648585923,0.8205487849549223,3.4606770176805504,0.6157332651943879,0.01077155510129592,0.0,0.0,0.006666666666666667,0.004104888434629253,75.0
0.3464956631224811,14.209360623080283,0.058049559593200684,60193921.907016784,0.04981112480163574,10934030.242059536,0.1963892926457369,5.020940415670877,4.82838180061085,0.25646566897373413,0.6575185929012026,2.168384862944132,0.8299370362913152,3.464501124012438,0.6057925231051915,0.010705283487367944,0.0,0.0,0.006666666666666667,0.004038616820701277,76.0
0.35007750091418877,14.167941313702613,0.07457077503204346,60248387.52049832,0.0613836944103241,10822638.01959825,0.20458111795672215,5.057252674334017,4.860366616118325,0.25848402605274406,0.6602039388756159,2.2027813953752275,0.8389099065633046,3.468251534505433,0.596154845989515,0.010641032306596767,0.0,0.0,0.006666666666666667,0.0039743656399301,77.0
0.35348010056330154,14.128357019741088,0.09508192539215088,60300564.00957276,0.07716947793960571,10727089.943275288,0.21270039625201456,5.094303720017919,4.892231164387852,0.26046155381983177,0.6627869505583609,2.2371644597746183,0.8474897654171464,3.4718605128203532,0.5868181296274189,0.010578787530849459,0.0,0.0,0.006666666666666667,0.003912120864182792,78.0
0.35668546558083764,14.090721127111465,0.12085497379302979,60351104.18068808,0.09778904914855957,10648617.86089272,0.2206328647593202,5.131669440129795,4.923295635000763,0.26240181625342535,0.6652695817379836,2.27149099993974,0.8556915289354283,3.4752805663594017,0.5777803410632796,0.010518535607088531,0.0,0.0,0.006666666666666667,0.0038518689404218637,79.0
0.35969540973506636,14.054944500047714,0.15256822109222412,60400204.70392969,0.12357679009437561,10587345.41900502,0.22834099413232248,5.169052814948942,4.953415376786762,0.264313687226717,0.6676569914679558,2.3057128072473314,0.8635452027735279,3.4785023296470654,0.5690398816913037,0.010460265877942024,0.0,0.0,0.006666666666666667,0.0037935992112753582,80.0
0.36251721863040753,14.020844769198447,0.19064724445343018,60447908.30428837,0.15546700358390808,10543668.780894633,0.23586652137646083,5.206580277750078,4.983573425139061,0.2662113173566711,0.6699568066736977,2.3397770303909873,0.8710860363620667,3.4815391846347317,0.5605948312438095,0.010403965541625397,0.0,0.0,0.006666666666666667,0.00373729887495873,81.0
0.3650311701050364,13.99019845696166,0.23781239986419678,60498401.14474622,0.1984773874282837,10527290.038784407,0.24302899720315327,5.24454439286624,5.014207974339074,0.268094792581397,0.6721416657081415,2.3736275928852932,0.8781570264506103,3.4840993964432534,0.5524431212342598,0.010349620808228398,0.0,0.0,0.006666666666666667,0.0036829541415617315,82.0
0.3665033168619196,13.962763434369117,0.2986443042755127,60559768.02612492,0.2573266625404358,10557535.179179851,0.24513434558413785,5.26221790330055,5.021596264166864,0.2695979158517187,0.6743360285485446,2.4073545959331955,0.8847521639542306,3.486172379836841,0.5445782730082146,0.010297188486721431,0.0,0.0,0.006666666666666667,0.003630521820054764,83.0
0.36797688600295947,13.937949102837592,0.3670036792755127,60621299.50245437,0.3285697102546692,10610428.080671992,0.24926962735236557,5.287702446419262,5.043626340161099,0.27128131762701235,0.6764144208126326,2.440869138225157,0.8909672874035377,3.4878360068197436,0.5369847024431799,0.010246564682954533,0.0,0.0,0.006666666666666667,0.0035798980162878658,84.0
0.36930167956613896,13.915253466088325,0.45180559158325195,60683135.34820293,0.42399153113365173,10700856.375270579,0.253808019657325,5.322146213053788,5.072030711070512,0.2731526283499576,0.6784015204376904,2.4740574810235056,0.8968868522084745,3.4891617887806516,0.5296581177634379,0.010197720785089586,0.0,0.0,0.006666666666666667,0.003531054118422919,85.0
0.37046755963010597,13.894188700336963,0.5529773235321045,60745414.13403987,0.5450230836868286,10829591.42129628,0.2584364671591055,5.363304806510508,5.105367074555253,0.2752085820697648,0.6803218443053686,2.5068200900239814,0.902583999505811,3.4902196777528176,0.5226011510920103,0.010150674340613402,0.0,0.0,0.006666666666666667,0.0034840076739467356,86.0
0.3711901766030872,13.87470586122945,0.6873518228530884,60808937.10373517,0.7190532088279724,11037115.216181396,0.26249637146181615,5.412643863853571,5.145331255662037,0.27754676769741077,0.6821883174177786,2.539046160397443,0.9080880485584485,3.4910085699030677,0.5158185843810232,0.010105457229206822,0.0,0.0,0.006666666666666667,0.003438790562540155,87.0
0.3693532410478309,13.856401939410716,1.0230296850204468,60875137.41360724,1.1560915410518646,11663594.354502851,0.2617527272909426,5.494899363828764,5.211027158494502,0.28109925016818094,0.6840405761106356,2.5704373513253915,0.9135394977617578,3.4915007125424165,0.5093256989958628,0.010062171326639086,0.0,0.0,0.006666666666666667,0.0033955046599724184,88.0
0.3608898589766267,13.839525563735515,2.0301222801208496,60951011.19012153,2.494346559047699,13709939.435704004,0.24920423808695247,5.69184792828667,5.36462433948897,0.28889938011277916,0.6859664888212983,2.6001246157817923,0.9192210231287332,3.491364006346464,0.5031783537864213,0.01002118902524281,0.0,0.0,0.006666666666666667,0.003354522358576142,89.0
0.324955369388311,13.829354317951948,9.907095758244395,61239004.166547894,14.051646709442139,31801428.7840097,0.19534156268078004,7.051748755606452,6.2967052753264,0.33815993601086897,0.690621520497948,2.6219615357198984,0.9268956979822672,3.4871472043297054,0.4978070970473574,0.009985380646982383,0.0,0.0,0.006666666666666667,0.0033187139803157162,90.0
0.3368299656353356,13.782787652779371,19.999998807907104,62367082.833867066,33.0,60037095.86597574,0.22223800375636113,9.441513834108015,7.668850349790027,0.43103398674833643,0.7093199456367979,2.6358457480715,0.9403990681669774,3.486053892063616,0.49371220943093924,0.009958081396206263,0.0,0.0,0.006666666666666667,0.003291414729539595,91.0
0.3711629337978938,13.649995680619032,20.0,64126512.318392634,33.0,60304592.58909586,0.3010301782051847,10.087370251099218,8.126812497483215,0.48304640006063837,0.7421592310776703,2.6480166545131634,0.9623350747908691,3.501095119255941,0.4903629364770624,0.009935752909847082,0.0,0.0,0.006666666666666667,0.003269086243180416,92.0
0.39106877255049033,13.476608367729932,20.0,66084049.07901862,33.0,60668206.249323785,0.35613380802251865,10.064592421049475,8.289734368408418,0.5184874094846331,0.7811753304255189,2.659891795047488,0.9873144536568907,3.5269739948287313,0.4874829599657583,0.00991655306643839,0.0,0.0,0.006666666666666667,0.003249886399771722,93.0
0.4055639059175542,13.286727639008314,20.0,67376419.57879877,33.0,60957847.769771725,0.3991284232029357,9.97488852638545,8.400875696826771,0.5445389823396409,0.8122079051168183,2.671604213443383,1.013074486568782,3.5591291789990724,0.48492967088816163,0.009899531139254411,0.0,0.0,0.006666666666666667,0.0032328644725877443,94.0
0.4173558650042752,13.091253002453595,20.0,68020153.19657908,33.0,61153080.38773795,0.4325495545425554,9.919156916993733,8.490033465172484,0.5643183701141413,0.8344204622200501,2.683068490797651,1.038820369899417,3.5949713926406597,0.48261130401066904,0.009884075360071128,0.0,0.0,0.006666666666666667,0.0032174086934044603,95.0
0.428346115063408,12.893662854004651,20.0,68538317.11705689,33.0,61314759.8220496,0.4615269124960052,9.876607238688937,8.555536905601983,0.5825856633282005,0.8554693797611402,2.694195912480151,1.0644445731329082,3.6332456990810655,0.4804732285697769,0.009869821523798512,0.0,0.0,0.006666666666666667,0.003203154857131846,96.0
0.43885356849989315,12.695013674069196,20.0,68886739.78964868,33.0,61450999.63243431,0.48752946241323786,9.860605866671932,8.617435934667355,0.5995327843276497,0.8745078495536398,2.704916509140506,1.0900296051746816,3.673457129947486,0.4784752954114003,0.009856501969409336,0.0,0.0,0.006666666666666667,0.003189835302742669,97.0
0.4472109546504751,12.495817740727215,20.0,69002013.86363958,33.0,61438183.731899336,0.4972050115766665,9.786511745544566,8.61292998175913,0.6121194864741795,0.8903500018616306,2.7153305443366476,1.1155874682541778,3.7153732068508933,0.47658568909852367,0.009843904593990158,0.0,0.0,0.006666666666666667,0.0031772379273234913,98.0
0.4561246342147978,12.296339817810804,20.0,69019311.88608342,33.0,61462993.542964995,0.5109078166543365,9.782929086739347,8.644855228390865,0.6251878174476474,0.9050838078518122,2.72532751525781,1.141253309166333,3.758873075609209,0.4747804882293279,0.009831869921528853,0.0,0.0,0.006666666666666667,0.0031652032548621857,99.0
0.46547661734463536,12.096689518261702,20.0,68958586.72013476,33.0,61490431.15971425,0.5246847854625845,9.817651102232782,8.686672710195554,0.6385401582837488,0.9189868099735496,2.7348566613805594,1.167144478394893,3.8038963033758733,0.4730481777791042,0.009820321185194028,0.0,0.0,0.006666666666666667,0.0031536545185273613,100.0
0.578798413342667,11.896934397984296,20.0,69748201.91322389,33.0,64835890.037140265,0.9074178281704642,11.169786457728748,10.041318438309881,0.8132525660421298,0.9481211722581385,2.741802499073944,1.1917248731394507,3.8689698636613965,0.4714222559732427,0.023200285629682554,0.0018148356563409285,0.01157596826685334,0.006666666666666667,0.003142815039821618,101.0
0.7218664927073699,11.696967454720289,20.0,69670576.53037283,33.0,72807568.19294003,1.7406616923325167,13.961020593202582,12.364733708447016,1.053110932127936,0.9629576789810677,2.746270488891927,1.218636063545047,3.9352172001476577,0.4699622510827077,0.027718401579363817,0.003481323384665033,0.014437329854147397,0.006666666666666667,0.0031330816738847182,102.0
0.8755480151340761,11.496972258854658,20.0,69651500.93500787,33.0,85918664.01732871,3.064008498666845,17.634572028160036,15.073826300481837,1.3478588998189525,0.9793657705202033,2.748974004765517,1.248262004288442,3.9983484233704694,0.46876006504939305,0.03343071106701117,0.00612801699733369,0.01751096030268152,0.006666666666666667,0.003125067100329287,103.0
1.031418872136417,11.296972699929029,20.0,69463716.86854176,33.0,103201585.04047465,4.8018405536264765,22.02504274580145,18.00291675486472,1.6832788514186532,0.9932693025691414,2.7505022691168977,1.28033651045403,4.062955212268482,0.46781253602744766,0.039389098014102605,0.009603681107252952,0.02,0.006666666666666667,0.003118750240182984,104.0
1.1792129231881514,11.096972735691816,20.0,69140553.95861651,33.0,121444937.69481061,6.655063566348817,26.52174902740422,20.85084109923866,2.0258361696514324,1.0051591983537338,2.751328802418085,1.3145738699207274,4.129232406404042,0.4670648277596765,0.043090559317762143,0.013310127132697634,0.02,0.006666666666666667,0.0031137655183978434,105.0
1.2423528973004845,10.896972735691815,20.0,69014766.16422488,33.0,123145056.17182341,6.88188934308172,28.607919749389627,21.21353394184905,2.147101566524769,1.0212268139614677,2.7520022606490624,1.350920997978368,4.187205927058311,0.46641484498727676,0.043539877652745286,0.01376377868616344,0.02,0.006666666666666667,0.0031094322999151783,106.0
1.2847414333563407,10.696972735691816,20.0,69034130.79027906,33.0,123681642.81104362,6.96606363846074,29.683350815223783,21.322346644929308,2.228229252100612,1.0406938560783237,2.752632149926698,1.3890671936413417,4.242859007834004,0.4658287180268226,0.04370431873043363,0.01393212727692148,0.02,0.006666666666666667,0.003105524786845484,107.0
1.3178144023710194,10.496972735691816,20.0,69002412.54812184,33.0,124743811.25307667,7.083456793055774,30.325393022641542,21.528177467591426,2.294970475113825,1.0598992520661692,2.7532571920048134,1.4290152965532474,4.298324263577824,0.4652905510855368,0.04393551726001513,0.014166913586111546,0.02,0.006666666666666667,0.003101937007236912,108.0
1.347819109918391,10.296972735691815,20.0,68858747.27747452,33.0,125794449.34292464,7.193684738401472,30.810679423620666,21.777173935215984,2.3544856931575295,1.077609970917271,2.753891239753506,1.4708651602375988,4.354439802473772,0.46479220790554276,0.0441526508628399,0.014387369476802943,0.02,0.006666666666666667,0.003098614719370285,109.0
1.37736311142603,10.096972735691816,20.0,68590709.59259073,33.0,126546831.31135955,7.273589269214156,31.24046159532651,22.032738533625373,2.409443623252059,1.0934878656202247,2.7545383128904763,1.5147598118341388,4.411566517287955,0.46432843554895586,0.04430936810875469,0.014547178538428312,0.02,0.006666666666666667,0.003095522903659706,110.0
1.4075288180605197,9.896972735691815,20.0,68195192.12239383,33.0,126912168.21049753,7.3168884976187645,31.661924046878276,22.285426606226622,2.4609809698826677,1.1073657618037118,2.755198211451841,1.5608707243885407,4.469868299697467,0.46389530899036663,0.044393079055173305,0.014633776995237529,0.02,0.006666666666666667,0.0030926353932691107,111.0
1.438857344572404,9.696972735691816,20.0,67677036.49328724,33.0,126884802.7948331,7.323668238992478,32.095227706772555,22.534881707669232,2.5098329960422143,1.119235442841193,2.7558691276876015,1.6093927603522038,4.529415981787103,0.46348961203977623,0.044403933891583466,0.014647336477984956,0.02,0.006666666666666667,0.0030899307469318417,112.0
1.4715366025952261,9.496972735691816,20.0,67050896.96647521,33.0,126499216.19981721,7.297074434153294,32.542364588479195,22.781351273240457,2.556498214921863,1.1293026953747647,2.7565485961263403,1.6605424566023408,4.590231101415232,0.46310855591680067,0.04434820590775193,0.01459414886830659,0.02,0.006666666666666667,0.003087390372778671,113.0
1.5053712275312734,9.296972735691815,20.0,66321724.25510309,33.0,125787614.889541,7.240022138683196,32.99557369147273,23.030182732850744,2.6005848984134734,1.1375785267834206,2.757235607346237,1.714558380872376,4.652316139073884,0.4627494803711296,0.04423170747984059,0.014480044277366393,0.02,0.006666666666666667,0.0030849965358075307,114.0
1.540809351168152,9.096972735691816,20.0,65516122.7641874,33.0,124817783.34151094,7.159146797981964,33.462652291794306,23.280269067868627,2.6435350089575658,1.144560651188081,2.7579276494951013,1.7717039378236341,4.715636391064761,0.46241022029473117,0.04406769506459547,0.014318293595963927,0.02,0.006666666666666667,0.0030827348019648745,115.0
1.5779077187561723,8.896972735691815,20.0,64633124.28810572,33.0,123598087.78360167,7.055163670530035,33.94587660644977,23.53580956927899,2.6851733621896816,1.1501582263654855,2.7586139371878007,1.83226993863255,4.7801241898715565,0.4620887370428751,0.043857585588012574,0.014110327341060071,0.02,0.006666666666666667,0.0030805915802858343,116.0
1.6169819866691262,8.696972735691816,20.0,63673264.17651181,33.0,122138733.1226581,6.92958220093953,34.453555661245545,23.797480646599553,2.7258014117224123,1.1543094016804085,2.7592933563847564,1.896582723515858,4.845716723100685,0.4617834058158018,0.04360438710731774,0.01385916440187906,0.02,0.006666666666666667,0.003078556038772012,117.0
1.6581927412467403,8.496972735691816,20.0,62646918.19319641,33.0,120467666.25427607,6.784751765848581,34.98583951559328,24.06516751896933,2.7657514825819276,1.1571810286407787,2.759964572617607,1.9650064717657851,4.912332222076085,0.46149281428940553,0.0433127889602932,0.013569503531697162,0.02,0.006666666666666667,0.00307661876192937,118.0
,8.296972735691815,20.0,,33.0,,,,,,,,,,,-1000.0,,,,,119.0
