H98,Ip_MA,P_ECRH_MW,P_LH,P_NBI_MW,P_SOL_total,P_alpha_total,P_aux_total,P_ohmic_e,Q_fusion,T_e0,T_i0,base_ecrh,base_ip,base_nbi,beta_N,fgw_n_e_line_avg,j0_MA_m2,li3,q95,q_min,r_bench,r_fusion_gain,r_h98,r_q95,r_q_min,res_ecrh,res_ip,res_nbi,t
0.7796766847080646,3.193630802631378,20.0,32755884.31980032,0.0,20128657.75048558,32221.159846938994,19999999.999999996,243501.23308063069,0.00795839599977031,8.02368989930414,4.125902189653753,-1.0,0.7596839070320129,-1.0,0.48867439750276953,0.9536392085708605,0.3950079105604861,0.8804860653479109,15.438373169748752,3.513387340084561,0.013333333333333334,0.0,0.0,0.006666666666666667,0.006666666666666667,1.0,0.20847010612487793,-0.14452555775642395,1.0
0.774515895052097,3.393630802631378,20.0,33297520.699013337,0.0,20142586.341401104,37044.1058193867,19999999.999999996,265887.0654778342,0.009139522415105565,7.801995461101147,4.048653726354556,-1.0,1.0,-1.0,0.5039682487225259,0.9925338025571177,0.4058188871459141,0.8105650737459433,14.785583862782193,3.4488196524191324,0.013333333333333334,0.0,0.0,0.006666666666666667,0.006666666666666667,1.0,0.29539963603019714,-1.0,2.0
0.7393905011067751,3.5936308026313784,20.0,33816331.39414987,0.0,20212100.369992893,49689.77320316859,19999999.999999996,316521.49140664056,0.012228907695686447,7.047340364775036,4.274782115889925,-1.0,1.0,-1.0,0.49308937572890604,1.0026437887972122,0.41562334151448793,0.7593920349500997,14.119235404208393,3.3767153119221036,0.013333333333333334,0.0,0.0,0.006666666666666667,0.006666666666666667,1.0,0.2930792272090912,-1.0,3.0
0.7042283785617974,3.793630802631378,18.780786991119385,34314472.28994641,0.0,19089462.71427758,65828.97435712827,18780786.991119385,375989.600431909,0.017181641713710973,6.30483313426201,4.630703799303471,-1.0,1.0,-1.0,0.46814761200069593,0.9936777221759977,0.4227833262292059,0.7202279673346461,13.483804392210372,3.306675006230879,0.013333333333333334,0.0,0.0,0.006666666666666667,0.006666666666666667,0.9390393495559692,0.9300556778907776,-0.6431319713592529,4.0
0.6645468956205123,3.9936308026313783,18.31167459487915,34793794.494965084,0.0,18720569.380630273,70870.44888117726,18311674.59487915,457435.17164063075,0.018879544571579823,5.782456249113946,4.681809573601159,-1.0,1.0,-1.0,0.44283177613705116,0.9725015416122109,0.42635312264600356,0.6899256937279842,12.886605837450029,3.258186951999201,0.013333333333333334,0.0,0.0,0.006666666666666667,0.006666666666666667,0.9155837297439575,0.9831823706626892,-0.5267103910446167,5.0
0.6290979990477407,4.193630802631378,17.693192958831787,35255900.326044776,0.0,18210200.93456192,68328.42645535142,17693192.95883179,565457.0285909169,0.01871124823095311,5.356399828574109,4.5305041958358565,-1.0,1.0,-1.0,0.41831823582551836,0.9486398810850104,0.4260014819308984,0.6661006609508947,12.329800183776964,3.2376212652947487,0.013333333333333334,0.0,0.0,0.006666666666666667,0.006666666666666667,0.8846596479415894,1.0,-0.4087856113910675,6.0
0.5969306247070897,4.393630802631378,17.158186435699463,35702186.8610837,0.0,17823623.279357724,64978.71091234147,17158186.435699463,707612.5716105928,0.018185223869851583,4.978506452579914,4.356810585699795,-1.0,1.0,-1.0,0.3968339017659506,0.927356074920159,0.42170895053839735,0.6471578568576151,11.812385033036673,3.2480565229507588,0.013333333333333334,0.0,0.0,0.006666666666666667,0.006666666666666667,0.8579093217849731,1.0,-0.28311780095100403,7.0
0.5682534205144182,4.593630802631378,16.70036792755127,36133880.25501834,0.0,17511557.26220107,62341.05117187446,16700367.927551268,854017.0622732267,0.017756546642907305,4.6467928303105195,4.197861139434505,-1.0,1.0,-1.0,0.37800582366102636,0.9071501224499101,0.4138975288030652,0.6319682140979674,11.331730599779847,3.289821487918057,0.013333333333333334,0.0,0.0,0.006666666666666667,0.006666666666666667,0.8350183963775635,1.0,-0.14926862716674805,8.0
0.5432560047654102,4.7936308026313785,16.330904960632324,36552063.09072691,0.0,17296059.367229655,60938.5199176195,16330904.96063232,1002830.5812163017,0.017578011320899655,4.377737195704078,4.082764686556642,-1.0,1.0,-1.0,0.36201302250487893,0.8878864980813113,0.4033598465624227,0.619742617130638,10.884930159367348,3.316807978119093,0.013333333333333334,0.0,0.0,0.006666666666666667,0.006666666666666667,0.8165452480316162,1.0,-0.008356839418411255,9.0
0.51933023989341,4.993630802631378,20.0,36957696.40725795,0.0,20987409.762810662,69282.39488371227,19999999.999999996,1028371.8048150633,0.016473551905680048,4.527824995845862,4.1125677562699074,-1.0,1.0,-1.0,0.3708655099069676,0.8781371436155205,0.3932827795151595,0.6111932655882979,10.46467980068933,3.2498502580257447,0.013333333333333334,0.0,0.0,0.006666666666666667,0.006666666666666667,1.0,0.15988339483737946,-0.5378888249397278,10.0
0.5097585792275621,5.193630802631378,20.0,37351637.6108157,0.0,21112610.080051497,75862.63502202326,19999999.999999996,1145397.7143844897,0.01793833250306192,4.413636594851548,4.113971954909594,-1.0,1.0,-1.0,0.3682390965504224,0.8703183158076522,0.3828540312978008,0.6041806684413047,10.0749432040041,3.192480282059122,0.013333333333333334,0.0,0.0,0.006666666666666667,0.006666666666666667,1.0,0.1994401514530182,-0.5491226315498352,11.0
0.4956480124681141,5.393630802631378,20.0,37734655.16544051,0.0,21252978.29577084,79889.77143597188,19999999.999999996,1278819.258848812,0.018772134502422943,4.268406330171141,4.08860824255196,-1.0,1.0,-1.0,0.36175740611385293,0.8607428594847102,0.37209929258136554,0.5984272443915494,9.712581706847695,3.139894247848209,0.013333333333333334,0.0,0.0,0.006666666666666667,0.006666666666666667,1.0,0.22833605110645294,-0.501682460308075,12.0
0.48145906274975464,5.593630802631378,20.0,38107440.739197835,0.0,21394263.637135163,85007.01720791687,19999999.999999996,1417368.045184697,0.01984534631626428,4.162305288934705,4.124241555818691,-1.0,1.0,-1.0,0.35456454485141636,0.8492813974795608,0.36111159744427124,0.5937987606167661,9.374425518134068,3.088079898321148,0.013333333333333334,0.0,0.0,0.006666666666666667,0.006666666666666667,1.0,0.2612116038799286,-0.4474901258945465,13.0
0.46785440666678735,5.7936308026313785,20.0,38470619.32097659,0.0,21540976.026913546,86903.12710713933,19999999.999999996,1560819.6611197244,0.02015302026384691,4.090483794334823,4.091382928350228,-1.0,1.0,-1.0,0.3474494341390613,0.8376785220274678,0.35023199975503133,0.5901465888880018,9.057974477863832,3.035141061482573,0.013333333333333334,0.0,0.0,0.006666666666666667,0.006666666666666667,1.0,0.2963902950286865,-0.38889527320861816,14.0
0.45584033565983706,5.993630802631378,20.0,38824757.70468786,0.0,21696587.690379422,89689.20301406828,19999999.999999996,1712479.3912521277,0.020653837223721976,4.02338868723239,4.046799531877265,-1.0,1.0,-1.0,0.3417714566206709,0.8291307710809608,0.33983058198487426,0.5873016263973128,8.761216916701168,2.9814760877747783,0.013333333333333334,0.0,0.0,0.006666666666666667,0.006666666666666667,1.0,0.3340514004230499,-0.32586145401000977,15.0
0.44502707481242343,6.193630802631378,20.0,39170371.649530694,0.0,21857568.723436937,93506.12129667733,19999999.999999996,1868759.3476567138,0.02137892685409616,3.9673072055391327,4.01355438692527,-1.0,1.0,-1.0,0.33680445658555985,0.8209598365667574,0.3302455743583013,0.5851386539314415,8.482378483396912,2.9270511167078572,0.013333333333333334,0.0,0.0,0.006666666666666667,0.006666666666666667,1.0,0.3731735050678253,-0.2578751742839813,16.0
0.43634363182482383,6.393630802631378,20.0,39507931.95863163,0.0,22017487.492863134,99738.98616989926,19999999.999999996,2022699.0525378482,0.02264458728059609,3.9545484623932086,4.014308570662604,-1.0,1.0,-1.0,0.33304234531386245,0.8118283446477284,0.3218621604870356,0.583631620978681,8.219799314455212,2.8703070970135185,0.013333333333333334,0.0,0.0,0.006666666666666667,0.006666666666666667,1.0,0.4130796790122986,-0.1854618787765503,17.0
0.42951509775275715,6.593630802631378,20.0,39837869.66788468,0.0,22176917.731867492,108877.34938674158,19999999.999999996,2174231.942879628,0.024550421783989397,3.9782859348118276,4.04874400985558,-1.0,1.0,-1.0,0.33042240601126766,0.8023000412502727,0.3148924007036228,0.5827413629563287,7.972089092652595,2.81101115344248,0.013333333333333334,0.0,0.0,0.006666666666666667,0.006666666666666667,1.0,0.4525095522403717,-0.11212734133005142,18.0
0.423071023721491,6.7936308026313785,20.0,40160580.49805708,0.0,22337612.35279917,117904.6167305754,19999999.999999996,2327315.501057191,0.026403670590177345,4.007245911205406,4.07979643788113,-1.0,1.0,-1.0,0.32798390540358063,0.793160753095947,0.30927252795988047,0.5823692329443996,7.7380379729558,2.7503613649339744,0.013333333333333334,0.0,0.0,0.006666666666666667,0.006666666666666667,1.0,0.49116525053977966,-0.03943402320146561,19.0
0.4145001061806436,6.993630802631378,20.0,40476428.69319867,1.1258216053247452,23605390.16809817,130422.75171932629,21125821.60532474,2455629.706769566,0.02765367364230787,4.086315145207357,4.135598125161874,-1.0,1.0,-1.0,0.32876833814358924,0.785407224544078,0.30506144374637945,0.5824395001958605,7.516102631550248,2.6895595667183096,0.013333333333333334,0.0,0.0,0.006666666666666667,0.006666666666666667,1.0,0.5305676460266113,0.034115806221961975,20.0
0.4060484300759923,7.193630802631378,20.0,40785750.34494058,3.062050089240074,25656074.687094584,147077.14408637214,23062050.08924007,2558444.7777547417,0.028703025614825517,4.214298740370073,4.220038288263205,-1.0,1.0,-1.0,0.3326330327128672,0.7795423937471125,0.3022095818278745,0.582827201111534,7.305344704206941,2.6296736353410934,0.013333333333333334,0.0,0.0,0.006666666666666667,0.006666666666666667,1.0,0.5717012286186218,0.09278939664363861,21.0
0.39986467979947893,7.393630802631378,20.0,41108228.87954137,4.563195884227753,27282932.711471636,164882.48855867883,24563195.88422775,2671177.722897208,0.030271026412654903,4.330460618226665,4.302384208830305,-1.0,1.0,-1.0,0.33635037979352433,0.7759425682724675,0.3004401505621883,0.583373024061983,7.105604194006222,2.5716383051443374,0.013333333333333334,0.0,0.0,0.006666666666666667,0.006666666666666667,1.0,0.6141021847724915,0.13827866315841675,22.0
0.39404546974601073,7.593630802631378,20.0,41887736.824828446,6.127168625593185,28979014.974240728,185522.0786759313,26127168.62559318,2787672.438524331,0.032080770955050866,4.446321016423847,4.392403345935273,-1.0,1.0,-1.0,0.34040863231710267,0.7738739932121815,0.2995560792948437,0.5840116607526468,6.916156494845435,2.5157835300107965,0.013333333333333334,0.0,0.0,0.006666666666666667,0.006666666666666667,1.0,0.6566343903541565,0.18567177653312683,23.0
0.38888763937897314,7.7936308026313785,20.0,42699045.9069838,7.579673141241074,30571640.451019183,208490.34718115546,27579673.14124107,2909925.8453948377,0.03419040494309871,4.560465982386615,4.487037816742707,-1.0,1.0,-1.0,0.34439125171775314,0.7727405550689245,0.2993904419476221,0.5847111344617181,6.736310810334691,2.4620270804487627,0.013333333333333334,0.0,0.0,0.006666666666666667,0.006666666666666667,1.0,0.6985798478126526,0.22968706488609314,24.0
0.38425726086266637,7.993630802631378,20.0,43524522.94529052,8.915095746517181,32062702.5854616,234487.6123842931,28915095.746517178,3038686.5614486993,0.036691683338819656,4.67438581789016,4.586640968746299,-1.0,1.0,-1.0,0.34819415570396617,0.7720821748572647,0.2998132627857812,0.5854617162944112,6.565404819899045,2.410278684993152,0.013333333333333334,0.0,0.0,0.006666666666666667,0.006666666666666667,1.0,0.7383004426956177,0.2701544165611267,25.0
0.38013891393210236,8.193630802631379,20.0,44334608.45149893,10.087628066539764,33391695.29753308,262971.6909700737,30087628.06653976,3171662.510372387,0.03953356887783739,4.787848620789223,4.690255847052689,-1.0,1.0,-1.0,0.3516062147501475,0.7712101318987507,0.30072495368069363,0.5862682433871743,6.402757129822029,2.3604088685912417,0.013333333333333334,0.0,0.0,0.006666666666666667,0.006666666666666667,1.0,0.7740805745124817,0.30568569898605347,26.0
0.37639017816534187,8.393630802631378,20.0,45124066.509034514,11.085126131772995,34552865.223076366,293048.7833861465,31085126.131772995,3310370.927576668,0.04259987621061094,4.905491303335136,4.79675623484481,-1.0,1.0,-1.0,0.3545215437412234,0.7700190989742765,0.30205950026828865,0.5871441769333451,6.247805755204455,2.3119419840064803,0.013333333333333334,0.0,0.0,0.006666666666666667,0.006666666666666667,1.0,0.8048999905586243,0.33591291308403015,27.0
0.3729608056530963,8.593630802631377,20.0,45893104.79324243,11.904286444187164,35550986.39841221,324575.3255783756,31904286.44418716,3455408.5213497807,0.04589622816242046,5.026483540882368,4.904978678205916,-1.0,1.0,-1.0,0.35695191314352315,0.768528267789016,0.3037775349529205,0.5881030972060426,6.100016071595382,2.2645278680604313,0.013333333333333334,0.0,0.0,0.006666666666666667,0.006666666666666667,1.0,0.8302931785583496,0.3607359528541565,28.0
0.36977095934952986,8.793630802631379,20.0,46641990.285253756,12.553883582353592,36380232.411033824,357440.1310839911,32553883.58235359,3607024.5666502453,0.04942355562685681,5.148144747961853,5.013960289176037,-1.0,1.0,-1.0,0.3589022333768857,0.7667567573892691,0.3058619239761087,0.5891572399935147,5.958890147435017,2.217951299356808,0.013333333333333334,0.0,0.0,0.006666666666666667,0.006666666666666667,1.0,0.8502398133277893,0.3804207146167755,29.0
0.3667746966183953,8.993630802631378,20.0,47371680.59329394,13.053426772356033,37066688.795799844,391639.6560224822,33053426.772356026,3764534.1430665213,0.05318595140591132,5.2683679431740025,5.1230978668744305,-1.0,1.0,-1.0,0.36042782679356233,0.764736656066855,0.308312017588839,0.590316410962106,5.823965675592183,2.172131869744253,0.013333333333333334,0.0,0.0,0.006666666666666667,0.006666666666666667,1.0,0.8651292324066162,0.3955583870410919,30.0
0.36386703082932037,9.193630802631379,20.0,48082137.632383354,13.42347264289856,37638917.10328149,426320.6078918933,33423472.642898552,3927250.8068967424,0.05706992643193752,5.3827418241424505,5.228213552678765,-1.0,1.0,-1.0,0.3615099018515576,0.7624776798438138,0.31113609732483993,0.5915838762393186,5.694819901448191,2.1271242847420977,0.013333333333333334,0.0,0.0,0.006666666666666667,0.006666666666666667,1.0,0.8755476474761963,0.4067718982696533,31.0
0.3610029202833101,9.393630802631378,20.0,48776334.47516968,13.689258188009262,38103739.34470375,461678.3267194363,33689258.188009255,4095006.1021506367,0.06109399447002988,5.490734304808688,5.330308816000071,-1.0,1.0,-1.0,0.36220855285933345,0.7600489576022794,0.31435091693632605,0.5929593939808053,5.571073860590102,2.0829810289789115,0.013333333333333334,0.0,0.0,0.006666666666666667,0.006666666666666667,1.0,0.8822291493415833,0.41482600569725037,32.0
0.35457027839155825,9.593630802631377,20.0,49493704.730702534,13.869052469730377,38485900.19511166,483159.3775588302,33869052.46973038,4272410.232686926,0.06333781445778267,5.317354456434947,5.368596756349788,-1.0,1.0,-1.0,0.3590548201184488,0.7582291857855147,0.3186117370396345,0.5942544137002496,5.452262986602991,2.046752894753956,0.013333333333333334,0.0,0.0,0.006666666666666667,0.006666666666666667,1.0,0.8857714533805847,0.4202743172645569,33.0
0.3520258862760821,9.793630802631379,20.0,50229151.26918141,14.318360656499863,39152906.8922502,527046.8309582474,34318360.65649986,4453008.342766797,0.06796856089453726,5.523352898378818,5.480072256485678,-1.0,1.0,-1.0,0.36065562549988045,0.7568876669933714,0.3228585424490243,0.5956828977206448,5.338403490062607,2.007840031572354,0.013333333333333334,0.0,0.0,0.006666666666666667,0.006666666666666667,1.0,0.891079843044281,0.4338897168636322,34.0
0.3508583663651385,9.993630802631378,20.0,50930951.638759404,14.234723836183548,39307883.578322455,580238.0713762979,34234723.83618354,4633140.727740509,0.0746423913284466,5.705693020768601,5.623903664061987,-1.0,1.0,-1.0,0.36199835461761426,0.7550186432142775,0.3272749101674943,0.5972399916003585,5.2289979142248,1.967557943166904,0.013333333333333334,0.0,0.0,0.006666666666666667,0.006666666666666667,1.0,0.8901775479316711,0.4313552677631378,35.0
0.3488573235296593,10.193630802631379,20.0,51595304.452535905,14.134600013494492,39429676.49024584,622918.482089486,34134600.01349449,4816945.66253307,0.07996068850136222,5.841817218185802,5.721987720722222,-1.0,1.0,-1.0,0.36224443634848474,0.7525745096971697,0.3320797867112726,0.5989016614381598,5.123760623924589,1.9271614775945942,0.013333333333333334,0.0,0.0,0.006666666666666667,0.006666666666666667,1.0,0.8851062655448914,0.4283212125301361,36.0
0.34493693888560367,10.393630802631378,20.0,52283531.67917478,14.036880791187286,39546956.276369706,646783.1175403761,34036880.79118729,5006986.4653801005,0.08282774773438742,5.76293075692137,5.752769624852705,-1.0,1.0,-1.0,0.360507886551186,0.7507063965816053,0.338590150683413,0.600582658938896,5.022438193041094,1.8890716601723272,0.013333333333333334,0.0,0.0,0.006666666666666667,0.006666666666666667,1.0,0.8799147009849548,0.4253600239753723,37.0
0.34190985022704523,10.593630802631377,20.0,52980543.08669636,14.074009001255035,39813181.06560154,678076.5355426247,34074009.00125503,5208714.023078343,0.086307221513462,5.878009277851442,5.798819356848607,-1.0,1.0,-1.0,0.3601106638041929,0.7491131408684663,0.3454883861230851,0.6023206176500597,4.924938588021927,1.850833870364324,0.013333333333333334,0.0,0.0,0.006666666666666667,0.006666666666666667,1.0,0.8763976097106934,0.4264851212501526,38.0
0.3394111290134627,10.793630802631379,20.0,53646304.408348024,13.895852208137512,39870745.82803439,715252.9122876982,33895852.20813751,5410884.4199378,0.09098350227538585,5.976845329424483,5.864264595378687,-1.0,1.0,-1.0,0.35952684700375265,0.7470677501005263,0.3528906188275584,0.6041149825931317,4.8309783057608815,1.8129572645780168,0.013333333333333334,0.0,0.0,0.006666666666666667,0.006666666666666667,1.0,0.8705427050590515,0.4210864305496216,39.0
0.3359076777857313,10.993630802631378,20.0,54347183.28240506,15.412268936634064,41604290.7467287,780350.3735274834,35412268.93663406,5554297.8535035355,0.09524234451046863,6.140848044673506,5.986225053412698,-1.0,0.9855725765228271,-1.0,0.36249630700599006,0.7457532155924841,0.36071589389734016,0.6060110033255172,4.740148253672582,1.7758949064648721,0.013333333333333334,0.0,0.0,0.006666666666666667,0.006666666666666667,1.0,0.9381251931190491,0.46703845262527466,40.0
0.3349499533206838,11.193630802631379,20.0,55040151.262179345,14.74640017747879,41181717.75725859,825011.031426963,34746400.17747879,5755912.498862864,0.10184739795227413,6.221465246086511,6.056802888521264,-1.0,1.0,-1.0,0.3622767501958418,0.7443922611838536,0.36920236010118845,0.6079269246007036,4.6526635808205326,1.7397065776299994,0.013333333333333334,0.0,0.0,0.006666666666666667,0.006666666666666667,1.0,0.9348728060722351,0.4468606114387512,41.0
0.3328509586125974,11.393630802631378,20.0,55710190.50958008,14.463622123003006,41143335.63135944,866100.2719619699,34463622.123003006,5961807.490467236,0.1071231994617285,6.287390954595174,6.110616271279823,-1.0,1.0,-1.0,0.3617516401519213,0.7427294869831692,0.37848827032120386,0.6098883122143174,4.568263857716033,1.7043688271485664,0.013333333333333334,0.0,0.0,0.006666666666666667,0.006666666666666667,1.0,0.9235257506370544,0.4382915794849396,42.0
0.330685718442432,11.593630802631377,20.0,56363339.74068727,14.138128727674484,41060730.64394578,901608.5539763004,34138128.727674484,6171197.265104601,0.11183622297949242,6.331207308373131,6.140723266790893,-1.0,1.0,-1.0,0.3609425764620957,0.7408778047565209,0.3888147487676317,0.6119052596242391,4.4867522711345735,1.6699023017309038,0.013333333333333334,0.0,0.0,0.006666666666666667,0.006666666666666667,1.0,0.9116012454032898,0.42842814326286316,43.0
0.32849036179351104,11.793630802631379,20.0,57005024.70380199,13.840880781412125,41007587.37197495,937074.0072628411,33840880.781412125,6381624.879026393,0.11648627949408344,6.366078381865442,6.168047917792596,-1.0,1.0,-1.0,0.36010995677268476,0.7389337514587039,0.4002382915375693,0.6139824716495051,4.4079639263722985,1.6363073038909068,0.013333333333333334,0.0,0.0,0.006666666666666667,0.006666666666666667,1.0,0.8974780440330505,0.41942062973976135,44.0
0.3263655916216889,11.993630802631378,20.0,57641907.81167703,13.54403704404831,40958068.525119655,974319.6415794241,33544037.044048306,6593381.586716935,0.12137298247085178,6.396154739722075,6.197593266146349,-1.0,1.0,-1.0,0.35931794344205775,0.7370088435865007,0.4127634338931911,0.6161174291080487,4.33175782818805,1.6035837615379664,0.013333333333333334,0.0,0.0,0.006666666666666667,0.006666666666666667,1.0,0.8811355829238892,0.4104253649711609,45.0
0.32434583248190374,12.193630802631379,20.0,58279474.182934925,13.244387447834015,40908799.22993885,1013230.3298374763,33244387.447834015,6806478.690988568,0.12649293604855616,6.423813810945415,6.228025631069122,-1.0,1.0,-1.0,0.35861520671293545,0.7351896512235825,0.42638692810623047,0.618305252043583,4.258008773692397,1.571725721363452,0.013333333333333334,0.0,0.0,0.006666666666666667,0.006666666666666667,1.0,0.8622791171073914,0.40134507417678833,46.0
0.3224326344287351,12.393630802631378,20.0,58918283.984172836,12.932618468999863,40851062.249962404,1053578.8899899041,32932618.46899986,7021758.382541049,0.13184774397867607,6.450272358982921,6.258455057910569,-1.0,1.0,-1.0,0.3579833783610799,0.7334798278726871,0.4411050704570041,0.6205401730134331,4.186604946524666,1.5407037289836782,0.013333333333333334,0.0,0.0,0.006666666666666667,0.006666666666666667,1.0,0.8407164216041565,0.3918975293636322,47.0
0.3206190973541148,12.593630802631377,20.0,59551250.40781545,12.599410682916641,40774513.60910492,1094801.4894363228,32599410.682916638,7238761.271096254,0.13740609015645872,6.475392476647612,6.287404813081406,-1.0,1.0,-1.0,0.3573660953160646,0.7317627410818673,0.4569157089084445,0.6228170809668382,4.11743833608608,1.5105066451618556,0.013333333333333334,0.0,0.0,0.006666666666666667,0.006666666666666667,1.0,0.8162521719932556,0.3818003237247467,48.0
0.3188971261567945,12.793630802631379,20.0,60180381.77848651,12.233004659414291,40667571.905305356,1136095.1999340605,32233004.659414288,7458416.587746603,0.14311596363097254,6.497782796166371,6.313631915565298,-1.0,1.0,-1.0,0.35673127071745486,0.7300688558842441,0.47382458964065627,0.6251311028131435,4.050410176834024,1.481116148620429,0.013333333333333334,0.0,0.0,0.006666666666666667,0.006666666666666667,1.0,0.7888179421424866,0.37069711089134216,49.0
0.3172572283768881,12.993630802631378,20.0,60806079.325012386,11.822412014007568,40519647.48736954,1176786.8313903073,31822412.014007565,7681755.370840162,0.14894464423539203,6.516480494409936,6.336230759415959,-1.0,1.0,-1.0,0.3560422506568637,0.7284025199441917,0.49184289729922104,0.6274772377319875,3.985428201674663,1.4525058028983722,0.013333333333333334,0.0,0.0,0.006666666666666667,0.006666666666666667,1.0,0.7581951022148132,0.35825490951538086,50.0
0.31569459406906786,13.193630802631379,20.0,61428648.01321323,11.35666599869728,40320228.17177003,1216257.9002393766,31356665.998697277,7909813.759216187,0.15487228645626913,6.530591655164751,6.354373479901336,-1.0,1.0,-1.0,0.3552668342355716,0.7267664440500159,0.5109857870628663,0.6298509585782871,3.922405370242849,1.4246451983156179,0.013333333333333334,0.0,0.0,0.006666666666666667,0.006666666666666667,1.0,0.7242041826248169,0.3441413938999176,51.0
0.3141756113409225,13.393630802631378,20.0,62040240.77960479,10.826862215995789,40060413.69672936,1253664.2443836129,30826862.215995785,8143411.318016604,0.16084878686948903,6.539605974496328,6.3674691632544995,-1.0,1.0,-1.0,0.3543194277021958,0.7250414097788935,0.5312716064462986,0.632248221789812,3.861259190022204,1.3975034428338313,0.013333333333333334,0.0,0.0,0.006666666666666667,0.006666666666666667,1.0,0.6867315173149109,0.3280867338180542,52.0
0.31270402337161546,13.593630802631377,20.0,62635966.022225834,10.232329934835434,39737860.30959664,1288274.3773470055,30232329.93483543,8381605.1283465335,0.16681469723806525,6.543206996282181,6.374602780254592,-1.0,1.0,-1.0,0.35318332305423195,0.7231576086640243,0.5527172707158726,0.6346684255218241,3.801906963845746,1.371072010659952,0.013333333333333334,0.0,0.0,0.006666666666666667,0.006666666666666667,1.0,0.6459187865257263,0.31007060408592224,53.0
0.31129027450732666,13.793630802631379,20.0,63225244.722241886,9.575070530176163,39375591.90056923,1319900.9809274501,29575070.53017616,8625595.654421981,0.17275889568905065,6.540621096293998,6.375708566571775,-1.0,1.0,-1.0,0.3519059098931658,0.7212573744471134,0.5753445967658714,0.6371096781455776,3.744275264780822,1.345240075955688,0.013333333333333334,0.0,0.0,0.006666666666666667,0.006666666666666667,1.0,0.6021252274513245,0.2901536524295807,54.0
0.31033841773244797,13.993630802631378,19.276721477508545,63790489.34301191,8.858949065208435,38250506.46041544,1331650.7520300392,28135670.54271698,8927293.317675155,0.17964709420515654,6.495720400242692,6.35019302681543,-1.0,1.0,-1.0,0.3489748757249237,0.7190870010019987,0.5993622244841383,0.6395067702929509,3.688355851194394,1.3204058802792362,0.013333333333333334,0.0,0.0,0.006666666666666667,0.006666666666666667,0.9638360738754272,0.5555970668792725,0.2684530019760132,55.0
0.30842163102679604,14.193630802631379,18.371795415878296,64335809.65490539,8.804346442222595,37608096.0982198,1345425.453993255,27176141.858100884,9230037.893978937,0.1847798180357539,6.4609325367715424,6.328973796341057,-1.0,1.0,-1.0,0.3462074875424383,0.7167137865452028,0.6247112124702587,0.6418688447980354,3.634011702565931,1.2965532868406748,0.013333333333333334,0.0,0.0,0.006666666666666667,0.006666666666666667,0.9185897707939148,0.4889412522315979,0.26679837703704834,56.0
0.3066915792542891,14.393630802631378,17.516239881515503,64870815.171442024,8.624286621809006,36894162.73159873,1356833.074308675,26140526.50332451,9539760.80033912,0.19013763296818417,6.429443525493926,6.305503659983851,-1.0,1.0,-1.0,0.3433850087387838,0.7142793866493544,0.6513854471529308,0.6442017938367802,3.581172876167136,1.2734684772348726,0.013333333333333334,0.0,0.0,0.006666666666666667,0.006666666666666667,0.8758119940757751,0.4173339903354645,0.26134201884269714,57.0
0.3049512704893481,14.593630802631377,16.696629524230957,65398151.00253417,8.453571796417236,36227554.51862885,1367592.1231402757,25150201.320648193,9852271.246735832,0.19535650238815133,6.402458420325832,6.28192481161578,-1.0,1.0,-1.0,0.34063324389866,0.7118220398326959,0.679389157544345,0.6465132237689812,3.5297717485946203,1.2510216637612976,0.013333333333333334,0.0,0.0,0.006666666666666667,0.006666666666666667,0.8348314762115479,0.34217900037765503,0.25616884231567383,58.0
0.3032364343622474,14.793630802631379,15.955944061279297,65919093.462010294,8.253551334142685,35610899.94546822,1378340.636721246,24209495.39542198,10165245.845322752,0.20048741997328562,6.3798614195133405,6.258894580625495,-1.0,1.0,-1.0,0.338008234740352,0.7093594324118617,0.7087364288367445,0.6488109518338774,3.479746337331563,1.2291031612641938,0.013333333333333334,0.0,0.0,0.006666666666666667,0.006666666666666667,0.7977972030639648,0.2650194764137268,0.25010761618614197,59.0
0.3014346122827473,14.993630802631378,15.31320571899414,66435569.195846885,8.00517725944519,35036472.041975126,1381433.922591404,23318382.97843933,10478436.347131575,0.204373362665255,6.352501783047858,6.223334336339154,-1.0,1.0,-1.0,0.33537114143220387,0.7069173257779741,0.7394960472249728,0.6510969538275655,3.4310402510161295,1.2076743405577313,0.013333333333333334,0.0,0.0,0.006666666666666667,0.006666666666666667,0.765660285949707,0.18824511766433716,0.24258112907409668,60.0
0.31723586532099285,15.0,11.823748350143433,66450530.3199849,1.7279470637440681,25529145.611114513,1158419.125323206,13551695.413887499,10948080.726218801,0.2364142265420257,5.942933088729376,5.900773061100448,-1.0,0.03184598684310913,-1.0,0.32008717989035596,0.7068206547928064,0.7748373287206192,0.6649390330722809,3.4169062436575026,1.1872335604637567,0.013333333333333334,0.0,0.0,0.006666666666666667,0.006666666666666667,0.5911874175071716,0.045244090259075165,0.05236203223466873,61.0
0.3083467637083439,14.963073897361756,12.348370552062988,66381019.389891066,4.413402557373047,28455965.97112833,1157113.9816425887,16761773.109436035,10667043.00470941,0.21093035456347017,5.9729201166079955,5.875672354145315,-1.0,0.0,-1.0,0.32159489239909983,0.7076172721451939,0.8114342392876707,0.6802072613638347,3.4132010261644345,1.1664592037960746,0.013333333333333334,0.0,0.0,0.006666666666666667,0.006666666666666667,0.6174185276031494,-0.18463051319122314,0.13373947143554688,62.0
0.314822809904,14.978261849284172,12.173874378204346,66378004.898137465,1.580680288374424,25439192.766128317,1085528.4206033193,13754554.666578772,10725499.262028957,0.22171691773414587,5.847441648583517,5.749611846027153,-1.0,0.18463051319122314,-1.0,0.31714713966873187,0.706858697990114,0.850711697203066,0.6906051933468681,3.402846495460188,1.145935041690051,0.013333333333333334,0.0,0.0,0.006666666666666667,0.006666666666666667,0.6086937189102173,-0.10869075357913971,0.04789940267801285,63.0
0.3158395315116742,14.969153401255607,11.79645299911499,66329868.74611025,1.2560639083385468,24640547.32632427,1040688.477220978,13052516.907453537,10671527.791211111,0.21933200903123207,5.763259828796185,5.660774243440892,-1.0,0.10869075357913971,-1.0,0.3149412687668491,0.7066329751485747,0.8923397300478996,0.7020868211397463,3.396392725372267,1.126013519197272,0.013333333333333334,0.0,0.0,0.006666666666666667,0.006666666666666667,0.5898226499557495,-0.15423299372196198,0.03806254267692566,64.0
0.3179859883647032,14.965870496630668,11.682300567626953,66302754.36329464,0.3942905366420746,23585637.515962355,996950.0304521307,12076591.104269026,10634035.145361124,0.2194897708882779,5.674129027931389,5.571225886995489,-1.0,0.15423299372196198,-1.0,0.3127600152692682,0.7064185380672908,0.9363155068541306,0.7124623782673273,3.389695678691963,1.106703575283824,0.013333333333333334,0.0,0.0,0.006666666666666667,0.006666666666666667,0.5841150283813477,-0.1706475168466568,0.011948198080062866,65.0
0.31937119500522954,14.96305027604103,11.472880840301514,66285836.99607374,0.0,22902017.004690833,964445.5251313192,11472880.840301512,10584825.62891475,0.21861872322883955,5.598403552802681,5.497919309819522,-1.0,0.1706475168466568,-1.0,0.31124101618693023,0.7063211555124842,0.9823743696714393,0.7222888744520011,3.3832023757950647,1.0881178336543071,0.013333333333333334,0.0,0.0,0.006666666666666667,0.006666666666666667,0.5736440420150757,-0.18474861979484558,-0.009275905787944794,66.0
0.32022665491678504,14.960004764795304,11.268869638442993,66279391.434090026,0.0,22602751.32850398,948847.9434612874,11268869.63844299,10504162.196494978,0.21789522714487555,5.550509528543792,5.451606264722709,-1.0,0.18474861979484558,-1.0,0.3107957644834968,0.7063771009794081,1.0300115127548726,0.7317123266433059,3.376972613890501,1.0702873089428278,0.013333333333333334,0.0,0.0,0.006666666666666667,0.006666666666666667,0.5634434819221497,-0.19997617602348328,-0.03222572058439255,67.0
0.32169566867240934,14.957756078243255,11.031047105789185,66284360.731997095,0.0,22273922.47069987,942782.1885032933,11031047.10578918,10418606.73092288,0.21976629452398763,5.517962197230633,5.421727001594958,-1.0,0.19997617602348328,-1.0,0.31082658984408534,0.7065510302399619,1.0788171604725314,0.7407042390830051,3.3708429265315245,1.0531869228844968,0.013333333333333334,0.0,0.0,0.006666666666666667,0.006666666666666667,0.5515523552894592,-0.21121960878372192,-0.059832967817783356,68.0
0.32348973265175973,14.95515513420105,10.781774520874023,66295695.31762653,0.0,21939197.49428001,942997.4335850596,10781774.52087402,10332585.16780783,0.22330713492830662,5.496923744720327,5.403346352782755,-1.0,0.21121960878372192,-1.0,0.3111342576468317,0.7068284424992326,1.1284207089912437,0.7493913983215373,3.3649747230699063,1.0367895453717988,0.013333333333333334,0.0,0.0,0.006666666666666667,0.006666666666666667,0.5390887260437012,-0.22422432899475098,-0.08592069894075394,69.0
0.3254628831228929,14.952609580755233,10.530705451965332,66311803.0657325,0.0,21609350.56491291,947743.5482294259,10530705.451965332,10248908.99593194,0.22804647088274668,5.485489359467077,5.393624399923499,-1.0,0.22422432899475098,-1.0,0.31161607882171133,0.707168431152612,1.1784868954776764,0.7577689481519636,3.3593117396125427,1.0212341382139403,0.013333333333333334,0.0,0.0,0.006666666666666667,0.006666666666666667,0.5265352725982666,-0.23695209622383118,-0.11018764227628708,70.0
0.3275665703488706,14.950149035453796,10.275321006774902,66330448.46190715,0.0,21281924.84006848,955903.4784924865,10275321.006774899,10168714.80469095,0.23378541480453977,5.482136426219886,5.390900266652311,-1.0,0.23695209622383118,-1.0,0.3122070639802545,0.7075391421375103,1.228723205728105,0.7658616943108273,3.3538354729119058,1.006489447402349,0.013333333333333334,0.0,0.0,0.006666666666666667,0.006666666666666667,0.5137660503387451,-0.24925482273101807,-0.13270558416843414,71.0
0.3294676532083823,14.94775032401085,10.017668008804321,66354504.838701874,0.0,20951266.544497818,952142.1223639611,10017668.008804323,10099250.424610833,0.23665208106187952,5.467350334344427,5.358398569430247,-1.0,0.24925482273101807,-1.0,0.31256870478847526,0.7079808937468255,1.279062863821035,0.7736747790707325,3.348540985603966,0.99243449029794,0.013282896601986267,0.0,0.0,0.006666666666666667,0.0066162299353196,0.5008834004402161,-0.261248379945755,-0.15350058674812317,72.0
0.33142635123389513,14.94545013308525,9.781754612922668,66377207.91274674,0.0,20639912.87503215,960314.5462591681,9781754.61292267,10031046.230290907,0.24234699421311176,5.4612016708595865,5.354996386098765,-1.0,0.261248379945755,-1.0,0.3131106368706385,0.7083996811758205,1.3292538238943323,0.781236326424955,3.343416752309547,0.9785438406544114,0.01319029227102941,0.0,0.0,0.006666666666666667,0.006523625604362742,0.4890877306461334,-0.2727493345737457,-0.17145416140556335,73.0
0.33282226388811026,14.94339764714241,9.525131583213806,66406181.47411922,0.0,20324722.503423654,946751.5817948405,9525131.583213808,9985311.166104544,0.24262688293629645,5.428829472978217,5.315307091525922,-1.0,0.2727493345737457,-1.0,0.3130137934356704,0.7088924749709515,1.3794443636568723,0.7884980817038887,3.3384315571410315,0.9632602178476788,0.01308840145231786,0.0,0.0,0.006666666666666667,0.006421734785651192,0.4762565791606903,-0.2830117642879486,-0.18907400965690613,74.0
0.2984130921335328,14.931190186738968,20.0,67197880.22024925,33.0,62196784.52297658,2256682.2338917498,53000000.0,7152640.650536062,0.18757964816559017,7.451075473096659,6.737032162209149,-1.0,0.2830117642879486,-1.0,0.3990777052753281,0.7203063066248846,1.4117144346940842,0.7992213854295048,3.331340604898415,0.9377310422803434,0.012918206948535623,0.0,0.0,0.006666666666666667,0.006251540281868956,1.0,-0.3440490663051605,1.0,75.0
0.3300179794220915,14.986108314990997,20.0,68415030.84414953,19.040821731090546,48407213.87279877,2518157.9911006643,39040821.731090546,7066464.433917462,0.2730759279659961,7.494928629058005,6.897914084962494,-1.0,0.3440490663051605,-1.0,0.41224305759063634,0.7343312794625149,1.4433982867779618,0.8033055971169789,3.3164155111000224,0.9150000167760274,0.012766666778506849,0.0,0.0,0.006666666666666667,0.0061000001118401825,1.0,-0.06945842504501343,0.5769945979118347,76.0
0.33451674940949877,14.970339262485505,20.0,69508358.24244376,21.355677902698517,50809659.04149668,2812082.4870770834,41355677.90269851,6867833.251606125,0.2915675797723472,7.597178104903525,7.044602340661959,-1.0,0.06945842504501343,-1.0,0.4277486453237688,0.750160589566631,1.474265935072193,0.8129882837355232,3.311874755902049,0.8944669035971187,0.012629779357314125,0.0,0.0,0.006666666666666667,0.005963112690647458,1.0,-0.14830368757247925,0.6471417546272278,77.0
0.3436197549647268,14.967064371705055,20.0,70478535.39751188,18.070787250995636,47692405.95229827,2962732.3176380056,38070787.250995636,6884181.651934358,0.32952222968225653,7.551719216413932,7.086675493533865,-1.0,0.14830368757247925,-1.0,0.43403504920765285,0.7637430392806063,1.5051532207342122,0.820709285569891,3.3073901954764344,0.8753461163446267,0.012502307442297512,0.0,0.0,0.006666666666666667,0.005835640775630845,1.0,-0.16467814147472382,0.5475996136665344,78.0
0.34685636206929227,14.96191104054451,20.0,71342491.02156623,17.952140629291534,47684957.5170863,3100165.3515795963,37952140.629291534,6858886.804965675,0.34591545084832953,7.540446112942473,7.113809229584424,-1.0,0.16467814147472382,-1.0,0.4409230331917907,0.7760028530822607,1.5357594057830297,0.8280997069236565,3.303589763848785,0.8574311743260781,0.012382874495507188,0.0,0.0,0.006666666666666667,0.005716207828840521,1.0,-0.19044479727745056,0.5440042614936829,79.0
0.350883353518316,14.957771253585815,20.0,71857747.90997513,16.57053691148758,46369846.07746554,3167069.8733371203,36570536.91148758,6857871.135279191,0.36463112692578886,7.508478074373755,7.116022494554921,-1.0,0.19044479727745056,-1.0,0.443888613639949,0.7833937238864344,1.566216477329283,0.8349958824115276,3.3000285069606448,0.8404584131545828,0.012269722754363886,0.0,0.0,0.006666666666666667,0.005603056087697219,1.0,-0.21114373207092285,0.5021374821662903,80.0
0.35322371745206493,14.955311781167984,20.0,72295747.33582957,16.084392607212067,45936198.24635334,3236451.2517843693,36084392.60721206,6841192.327002054,0.3769839428798007,7.497478101388545,7.123875528714446,-1.0,0.21114373207092285,-1.0,0.44698357122743715,0.789634973733904,1.5963791248901549,0.841452974488639,3.2964093513990322,0.8243335943005811,0.012162223962003874,0.0,0.0,0.006666666666666667,0.005495557295337207,1.0,-0.22344109416007996,0.48740583658218384,81.0
0.35594022598296526,14.953161388635635,20.0,72676335.36137688,15.227739214897156,45124371.26328634,3285283.1594749363,35227739.214897156,6836883.918630686,0.39050429015449506,7.479105700667654,7.123251294197572,-1.0,0.22344109416007996,-1.0,0.4491889150508653,0.7950689093158226,1.626300689646073,0.8476361248097052,3.2928769591434253,0.8089482322734005,0.01205965488182267,0.0,0.0,0.006666666666666667,0.005392988215156004,1.0,-0.23419305682182312,0.4614466428756714,82.0
0.3577572323137655,14.951368409395219,20.0,72778169.47828886,14.648608177900314,44561259.51226692,3323386.880109164,34648608.17790031,6815230.214663597,0.40075726331033185,7.48617317568868,7.135170685420632,-1.0,0.23419305682182312,-1.0,0.4500719649019858,0.7965893211717726,1.6559096407465592,0.8536012007305532,3.289414514745334,0.7942402591648425,0.011961601727765617,0.0,0.0,0.006666666666666667,0.00529493506109895,1.0,-0.24315795302391052,0.44389721751213074,83.0
0.35947731222044177,14.951014119386674,20.0,72841243.79587725,14.056296586990356,43977497.08680977,3352493.0416328916,34056296.58699035,6795052.05387321,0.41032831879133946,7.493365137527294,7.143191984601461,-1.0,0.24315795302391052,-1.0,0.4506068764698327,0.7974911594962758,1.6852270886648977,0.8592805540992783,3.2858242793553285,0.7801606838604257,0.011867737892402839,0.0,0.0,0.006666666666666667,0.005201071225736171,1.0,-0.24492940306663513,0.4259483814239502,84.0
0.36102172251386644,14.950821202993392,20.0,72898837.48590122,13.516915708780289,43444683.647653215,3377284.910836307,33516915.708780285,6777088.872235521,0.41908032546701496,7.498255296762208,7.149243186115851,-1.0,0.24492940306663513,-1.0,0.45103285666212617,0.7983078862588802,1.7143032321573792,0.8648044699597124,3.282257415327537,0.7666609984521889,0.01177773998968126,0.0,0.0,0.006666666666666667,0.005111073323014593,1.0,-0.24589398503303528,0.4096035063266754,85.0
0.3625098291659477,14.95077828168869,20.0,72951918.48406182,12.982888877391815,42915950.03859965,3398515.382214432,32982888.877391808,6761309.4561153725,0.4275486139758459,7.501290250353532,7.153901665787635,-1.0,0.24589398503303528,-1.0,0.45135785575007187,0.7990535864663021,1.7431852021858725,0.8701754412006569,3.2787330018728214,0.7536961096483195,0.011691307397655464,0.0,0.0,0.006666666666666667,0.005024640730988797,1.0,-0.24610859155654907,0.39342087507247925,86.0
0.36359594366527553,14.95085175037384,20.0,72966047.63584052,12.478595495223999,42400086.481093004,3396774.3846149584,32478595.495223995,6751168.72581121,0.43293331633045884,7.49372691210356,7.149872533346453,-1.0,0.24610859155654907,-1.0,0.45106975084755196,0.7992475655205008,1.7719794518541165,0.8753832985131701,3.275255367857286,0.7412054881079334,0.011608036587386223,0.0,0.0,0.006666666666666667,0.004941369920719556,1.0,-0.24574124813079834,0.3781392574310303,87.0
0.3645912439919423,14.95121288895607,20.0,72978896.73685329,12.048558533191681,41962151.881026424,3400241.4510231703,32048558.533191677,6739705.76081836,0.43830801827709664,7.492726672390809,7.149707655826719,-1.0,0.24574124813079834,-1.0,0.45089937308944894,0.7994082411207641,1.8006796320214777,0.8804268667099958,3.271806463954695,0.729161197052415,0.011527741313682768,0.0,0.0,0.006666666666666667,0.0048610746470161,1.0,-0.24393555521965027,0.36510783433914185,88.0
0.36567694207567214,14.951618748903275,20.0,72990658.13575996,11.582781046628952,41489343.20360533,3403290.179782043,31582781.046628952,6729513.23893788,0.4441511847887607,7.492050176981303,7.149459401110323,-1.0,0.24393555521965027,-1.0,0.4507016421298453,0.7995512897968912,1.8293040374698712,0.8853381422476453,3.268418908290035,0.7175354570018463,0.011450236380012309,0.0,0.0,0.006666666666666667,0.004783569713345642,1.0,-0.24190625548362732,0.3509933650493622,89.0
0.366949316950608,14.952095890045166,19.740934371948242,72995688.15858123,11.15610659122467,40800656.76385859,3394432.9421511455,30897040.963172913,6734759.473708678,0.45100591823190767,7.480012199551028,7.142553960741918,-1.0,0.24190625548362732,-1.0,0.44995491018182576,0.7995962334238578,1.8579338842181294,0.8900993976454636,3.2651038562956933,0.7062873703567918,0.011375249135711946,0.0,0.0,0.006666666666666667,0.0047085824690452785,0.9870467185974121,-0.23952054977416992,0.3380638360977173,90.0
0.36743304569843815,14.95104278922081,19.51411008834839,72997372.73105896,11.224241852760315,40639130.08733897,3404578.5081037846,30738351.941108704,6721965.176706062,0.454424677905981,7.486074162946963,7.147601162220473,-1.0,0.23952054977416992,-1.0,0.45000571815969714,0.7996761529958557,1.8864874052920442,0.8948850775748949,3.262051476853067,0.6954087828259053,0.01130272521883937,0.0,0.0,0.006666666666666667,0.004636058552172703,0.9757055044174194,-0.24478605389595032,0.3401285409927368,91.0
0.3686246542185259,14.950430995225906,19.252560138702393,72996902.83117521,10.930422306060791,40080318.916598216,3401614.6658695475,30182982.44476318,6721180.8634729255,0.4608713978228009,7.481967305719933,7.144943801909972,-1.0,0.24478605389595032,-1.0,0.449540909042816,0.7997022939547118,1.9150354492693231,0.8994861878997996,3.259041687612079,0.6848693644683629,0.011232462429789087,0.0,0.0,0.006666666666666667,0.0045657957631224195,0.9626280069351196,-0.24784502387046814,0.3312249183654785,92.0
0.36918461335187797,14.94956527352333,19.020755290985107,72996194.47338283,10.9723459482193,39887725.42078401,3410255.550477157,29993101.2392044,6710051.439250909,0.464572564154545,7.489130608267395,7.1495302483452265,-1.0,0.24784502387046814,-1.0,0.44955608831430766,0.7997386801323022,1.9435298814521358,0.9039937835976023,3.2561201781328446,0.674659208588412,0.011164394723922747,0.0,0.0,0.006666666666666667,0.00449772805725608,0.9510377645492554,-0.25217363238334656,0.3324953317642212,93.0
0.3702455544780368,14.948977488279343,18.75918984413147,72993594.31070788,10.757014721632004,39407753.4599147,3408418.293016624,29516204.565763466,6708637.954693988,0.4704531553300419,7.488104100452869,7.148004161483434,-1.0,0.25217363238334656,-1.0,0.44916096194288146,0.7997336956180928,1.9720265099049283,0.9083487989534567,3.2532361450989327,0.6647543342988852,0.011098362228659234,0.0,0.0,0.006666666666666667,0.004431695561992568,0.9379594922065735,-0.25511255860328674,0.3259701430797577,94.0
0.37079594555084355,14.948189413547516,18.52107286453247,72990583.87706533,10.801816016435623,39211951.92899549,3415440.990941148,29322888.880968094,6699356.057279017,0.4740738669669567,7.495619565495984,7.152050444174838,-1.0,0.25511255860328674,-1.0,0.4491313192929917,0.7997336782227445,2.0004877905427687,0.9126149357420875,3.250429076869282,0.6551453968952433,0.011034302645968289,0.0,0.0,0.006666666666666667,0.004367635979301622,0.9260536432266235,-0.25905293226242065,0.32732775807380676,95.0
0.3717487335613845,14.947627621889115,18.258109092712402,72985833.3357914,10.643294334411621,38815541.97161309,3413812.6737577817,28901403.42712402,6698114.182333407,0.47947456917939435,7.496304339158103,7.1510918485548824,-1.0,0.25905293226242065,-1.0,0.44876365890211467,0.7996971732750493,2.0289575338712935,0.9167441231171771,3.2476597551178994,0.6458130858642539,0.010972087239095027,0.0,0.0,0.006666666666666667,0.004305420572428359,0.9129054546356201,-0.2618618905544281,0.3225240707397461,96.0
0.37232252051879705,14.946894079446793,18.013981580734253,72981072.362415,10.699139088392258,38625007.917720586,3420949.873291165,28713120.66912651,6688982.181743826,0.48315630962682415,7.506240149686464,7.155634565162635,-1.0,0.2618618905544281,-1.0,0.44876180964613055,0.7996697093066092,2.0573942474562914,0.9207917710183525,3.2449592020283875,0.6367500973818139,0.01091166731587876,0.0,0.0,0.006666666666666667,0.004245000649212093,0.9006990790367126,-0.265529602766037,0.3242163360118866,97.0
0.3732277419866373,14.946346181631089,17.745401859283447,72974818.37358193,10.575740307569504,38230734.07325688,3419391.390579709,28321142.166852947,6688186.357025095,0.48835432365512377,7.508497926252761,7.155131235331829,-1.0,0.265529602766037,-1.0,0.44841242359550265,0.7996113915626945,2.0858413604582293,0.9247148760000261,3.242297875626151,0.6279398562498619,0.01085293237499908,0.0,0.0,0.006666666666666667,0.0041862657083324125,0.8872700929641724,-0.2682690918445587,0.3204769790172577,98.0
0.3736953176044293,14.945618194341659,17.496867179870605,72968111.48209502,10.658752620220184,38063381.2191809,3424774.632763112,28155619.800090786,6681177.870681539,0.4915455583962082,7.517125581556067,7.159004755089286,-1.0,0.2682690918445587,-1.0,0.44834782304567977,0.799556359761298,2.114264219956847,0.9285629975686177,3.23970583562124,0.619375707582804,0.010795838050552026,0.0,0.0,0.006666666666666667,0.00412917138388536,0.8748433589935303,-0.27190902829170227,0.3229925036430359,99.0
0.3729439573586602,15.0,4.275295734405518,73026562.176203,21.19790956377983,35727184.09173386,3312723.5552940876,25473205.298185345,7132257.882419711,0.508001302871325,7.335220354639245,7.094306499660794,1.0,0.27190902829170227,1.0,0.4388376544886619,0.7974737552161023,2.1439791537164274,0.9260983899067814,3.2298781336045925,0.6107740093565188,0.010738493395710126,0.0,0.0,0.006666666666666667,0.004071826729043459,-0.7862352132797241,0.3094797432422638,-0.3576391041278839,100.0
0.4560472193377178,15.0,2.714712619781494,74360874.83069411,33.0,47315116.282730505,6954533.536674861,35714712.619781494,4964504.693955245,0.8548017877333158,8.897224748760845,8.562651021907508,1.0,0.0,1.0,0.591288069771359,0.8161541584147296,2.165662825139757,0.9230717919712237,3.2443851194462603,0.603539557249749,0.010690263714998326,0.0,0.0,0.006666666666666667,0.004023597048331659,-0.8642643690109253,0.0037388913333415985,0.11233218759298325,101.0
0.5866151650309991,15.0,0.0,74978601.64429295,29.32794139534235,46738258.04009849,14233634.010997145,29327941.39534235,3618186.8768736455,2.1601375878513402,11.091608872712131,10.619820280324769,1.0,0.0,1.0,0.7616176635270909,0.8248341436656458,2.18120040473368,0.9191818157506125,3.2624579769676942,0.5977219034130126,0.026704057832409412,0.00432027517570268,0.011732303300619982,0.006666666666666667,0.003984812689420083,-1.0,0.006079088896512985,-0.11127450317144394,102.0
0.6882469591192585,14.978418484330177,0.0,75299887.48505628,33.0,62966460.80226442,28232122.805125132,33000000.0,2506347.230496703,3.9756444984118557,14.591802685559395,13.416123988719457,1.0,0.0,1.0,0.9832085183995422,0.8305515582018205,2.191122826954159,0.9182735730896453,3.2808214572193553,0.5934111074208542,0.03233896889534791,0.007951288996823711,0.01376493918238517,0.006666666666666667,0.0039560740494723615,-1.0,-0.10790757834911346,0.06938499957323074,103.0
0.7961671207763629,14.932297101616859,0.0,75596677.47850052,33.0,81693552.44283693,48277582.694129586,33000000.0,1752860.9679856342,6.945842924788667,18.880422845528035,16.410061718696767,1.0,0.0,1.0,1.2373543703268424,0.8373182669480673,2.197302657373834,0.9204643728692754,3.30110604032776,0.590290747826471,0.040416966583947736,0.013891685849577333,0.01592334241552726,0.006666666666666667,0.003935271652176473,-1.0,-0.23060691356658936,0.10733147710561752,104.0
0.9087813381145342,14.82845779955387,0.0,75847120.89445424,28.994094103574753,100242053.19385761,72172033.82142559,28994094.10357476,1267112.530577802,11.924844024555938,23.470870019907267,19.34065179948053,1.0,0.0,1.0,1.5107325951766644,0.8467554886782326,2.2012168821745908,0.9292220682656197,3.3275387694230987,0.5879873791566964,0.052611897339113874,0.023849688049111875,0.018175626762290686,0.006666666666666667,0.003919915861044643,-1.0,-0.5191965103149414,-0.12139108777046204,105.0
0.9922723230905353,14.639613166451454,1.0529053211212158,76019204.96142566,12.218640983104706,88416265.83564948,76530164.86871755,13271546.304225922,1142538.197986586,26.54700853771529,25.1751039849565,19.759488889052623,1.0,0.0,1.0,1.5931196408640116,0.8601674465487101,2.204645783473636,0.9483591808120407,3.355874897104142,0.5859793364690643,0.08351265911370172,0.05309401707543058,0.019845446461810703,0.006666666666666667,0.003906528909793762,-0.9473547339439392,-0.944223165512085,-0.6297381520271301,106.0
1.0535267831669444,14.439613166451455,1.5215575695037842,76139215.13658702,0.0,78073617.85502449,78074478.3530688,1521557.569503784,1101351.547322015,148.83184066924565,25.643662989050178,19.883404780808036,1.0,0.0,1.0,1.6328510539961052,0.8738423660302694,2.208017952367063,0.9691434957961127,3.386824310336002,0.5841130271880124,0.32822443485307806,0.2976636813384913,0.02,0.006666666666666667,0.0038940868479200824,-0.9239221215248108,-1.0,-1.0,107.0
1.06780110062652,14.298016193509103,0.9520983695983887,76344706.93895037,0.0,79285393.96609509,79955641.67314997,952098.3695983886,1074860.336033074,197.2305638269954,25.98063032245148,20.043037702028585,1.0,0.0,1.0,1.6666021331356418,0.8855431350424986,2.211367297771492,0.9830044226984846,3.4143213483250765,0.5823594919562194,0.4250101909336989,0.3944611276539908,0.02,0.006666666666666667,0.0038823966130414624,-0.9523950815200806,-0.7079848647117615,-1.0,108.0
1.0793184713286066,14.155464497208595,1.2635064125061035,76426578.80664775,0.0,81028716.5372,81495131.75339079,1263506.4125061037,1043028.8842940037,176.66135841590352,26.325010240816667,20.20149730746526,1.0,0.0,1.0,1.6982219438127553,0.8956877446203436,2.214696824191754,0.9973013050570284,3.440915239342845,0.5807056155591165,0.38386075426886784,0.35332271683180705,0.02,0.006666666666666667,0.00387137077039411,-0.9368246793746948,-0.712758481502533,-1.0,109.0
1.0909166433237545,14.015932348370551,1.296074390411377,76748515.70340689,0.0,82957334.51291665,83479156.59856084,1296074.3904113767,1017935.573676428,180.3776947681925,26.581072323170307,20.317779857320314,1.0,0.0,1.0,1.7340303961028836,0.9094801979370697,2.2180127261910365,1.0114652117046452,3.467144014126048,0.5791371735300825,0.3912829706932522,0.360755389536385,0.02,0.006666666666666667,0.0038609144902005503,-0.9351962804794312,-0.6976607441902161,-1.0,110.0
1.101965529245557,13.878030744194984,1.5120935440063477,77064652.6145252,0.0,85086923.95578815,85481925.1760407,1512093.5440063477,992856.5177983773,170.62600664072855,26.83682414577751,20.432798650664196,1.0,0.0,1.0,1.7703899873700475,0.923358413048149,2.221313784943085,1.0256643541269734,3.4933280836019525,0.5776455645888492,0.37176965037871607,0.34125201328145705,0.02,0.006666666666666667,0.003850970430592328,-0.9243953227996826,-0.6895080208778381,-1.0,111.0
1.1130496140188244,13.742549946904182,1.709129810333252,77378195.60811752,0.0,87172752.13255922,87456899.16728106,1709129.8103332522,968604.6203492916,163.30390752189973,27.07743614807037,20.540124323544163,1.0,0.0,1.0,1.8066960901699531,0.9373154690648111,2.224602411913811,1.0397813744475726,3.5195218006533535,0.5762226430639557,0.3571159659975592,0.3266078150437995,0.02,0.006666666666666667,0.0038414842870930378,-0.9145435094833374,-0.67740398645401,-1.0,112.0
1.1234741160259478,13.609527507424355,1.9296932220458984,77681396.61430097,0.0,89198457.91378574,89336094.90832978,1929693.222045898,946623.2680335186,155.2960100469682,27.26881388811717,20.638349230132473,1.0,0.0,1.0,1.8415694958412865,0.9512221666997033,2.2278923793036025,1.0537988033641323,3.54574320381231,0.5748590934555347,0.3410910807169733,0.3105920200939364,0.02,0.006666666666666667,0.003832393956370231,-0.9035153388977051,-0.6651121973991394,-1.0,113.0
1.1335739216770815,13.479173508286475,2.156198024749756,77968169.62696674,0.0,91130432.13790506,91107410.43262833,2156198.0247497554,927195.8628733614,147.73884517047054,27.43377533267741,20.728974376120227,1.0,0.0,1.0,1.8752727421789057,0.9649574943044291,2.2311930740995902,1.0676761733568112,3.571973104819227,0.5735476181843379,0.32596800779550333,0.29547769034094107,0.02,0.006666666666666667,0.0038236507878955856,-0.8921900987625122,-0.6517699956893921,-1.0,114.0
1.1434949226688051,13.351572659611701,2.3899269104003906,78238598.14194632,0.0,92977993.40815298,92782469.42357102,2389926.91040039,908705.4630705524,140.6377839642965,27.582953754021936,20.812891863524968,1.0,0.0,1.0,1.90810173210077,0.978502503117037,2.2345094684692293,1.0813921845769812,3.598191740507666,0.5722825144602847,0.3117574513583282,0.281275567928593,0.02,0.006666666666666667,0.0038152167630685642,-0.8805036544799805,-0.6380042433738708,-1.0,115.0
1.1532284669124842,13.226777282357215,2.6288437843322754,78496076.17860124,0.0,94754955.23383129,94377724.09156945,2628843.784332276,890703.0567227136,134.07652796471504,27.717537426025437,20.890921966578688,1.0,0.0,1.0,1.9401591127129836,0.9918933721934261,2.237846224516902,1.094929327517785,3.6243793995491767,0.5710586853582533,0.29862678049848507,0.26815305592943006,0.02,0.006666666666666667,0.0038070579023883554,-0.8685578107833862,-0.6239768862724304,-1.0,116.0
1.1628378437618023,13.104800871014595,2.8723669052124023,78743956.07901737,0.0,96486301.75535272,95920222.50730056,2872366.9052124023,872960.7244618428,128.0531798437628,27.843632701110256,20.96455936074532,1.0,0.0,1.0,1.971745251485696,1.00517019550193,2.2412058636059164,1.1082759529629063,3.6505164319445624,0.5698718860541377,0.28657217226121984,0.2561063596875256,0.02,0.006666666666666667,0.003799145907027585,-0.8563816547393799,-0.6098820567131042,-1.0,117.0
1.1723615161184273,12.985624471306801,3.1201910972595215,78984723.26245007,0.0,98200530.44506541,97439500.77828579,3120191.0972595215,855644.2054906216,122.53965941557364,27.96480539005682,21.036218885211756,1.0,0.0,1.0,2.0031304673647177,1.0183631522072898,2.2445896446812053,1.1214248940281066,3.6765853267058115,0.5687184764264129,0.27553744200732333,0.24507931883114728,0.02,0.006666666666666667,0.0037914565095094194,-0.8439904451370239,-0.595881998538971,-1.0,118.0
1.181840688063731,12.86920486986637,3.3714067935943604,79221199.60578413,0.0,99912166.57338008,98951134.9731325,3371406.7935943604,839269.3282737609,117.50029224431206,28.08312524312519,21.106515347490905,1.0,0.0,1.0,2.0345101035638185,1.0315114403273586,2.2479979606863676,1.134372304144827,3.7025717385965238,0.5675953052506206,0.2654512198569616,0.23500058448862413,0.02,0.006666666666666667,0.0037839687016708043,-0.831429660320282,-0.5820980072021484,-1.0,119.0
1.1912773905216771,12.75547801554203,3.6250054836273193,79454276.02502581,0.0,101599067.1586547,100433851.20356561,3625005.4836273193,823628.264387079,112.88168108735742,28.1969958166347,21.172884471750347,1.0,0.0,1.0,2.065758904665144,1.0446253485673815,2.2514315471852915,1.1471174004386557,3.7284669123324785,0.5664994679756539,0.2562066919612192,0.22576336217471485,0.02,0.006666666666666667,0.0037766631198376923,-0.818749725818634,-0.5686342716217041,-1.0,120.0
1.2006377588639703,12.644375136494636,3.877987861633301,79682313.61994247,0.0,103227902.0035212,101856638.62417537,3877987.8616333003,808496.6777121588,108.6706226906694,28.30316521177199,21.232878895983223,1.0,0.0,1.0,2.0965837711432878,1.0576733566608691,2.2548923102748684,1.1596601487285125,3.7542656029226547,0.5654281558632608,0.24777743308709385,0.2173412453813388,0.02,0.006666666666666667,0.0037695210390884053,-0.806100606918335,-0.555514395236969,-1.0,121.0
1.2098969856898505,12.53582288324833,4.1268181800842285,79903125.2074132,0.0,104783522.89318818,103207480.28819883,4126818.180084228,793790.2126411212,104.87268245201057,28.400021316151033,21.286259636399794,1.0,0.0,1.0,2.1268110665984543,1.0706140946788119,2.258382813775758,1.1720014822865825,3.7799633979192886,0.5643787090221588,0.24017455629750217,0.20974536490402113,0.02,0.006666666666666667,0.0037625247268143923,-0.7936590909957886,-0.5427612662315369,-1.0,122.0
1.2190137822267233,12.429737749695779,4.369056224822998,80113886.37097281,0.0,106255525.94245073,104477698.96175337,4369056.224822999,779652.5476084115,101.46009764736908,28.485490454461914,21.333560072359987,1.0,0.0,1.0,2.156254760300674,1.0833949267357077,2.261906267779107,1.1841440904382436,3.805557532908185,0.5633485816482219,0.23334251917239293,0.20292019529473815,0.02,0.006666666666666667,0.0037556572109881457,-0.7815471887588501,-0.5304256677627563,-1.0,123.0
1.227907996534613,12.326031997799873,4.602108001708984,80308338.357343,0.0,107618413.98634097,105642886.60047032,4602108.001708984,766726.5000001562,98.38530743202969,28.55689036777173,21.375557092113173,1.0,0.0,1.0,2.1845129475459344,1.0959022413907427,2.2654673391807143,1.196090843995565,3.8310490233737338,0.5623351891312218,0.22718618279160085,0.1967706148640594,0.02,0.006666666666666667,0.003748901260874812,-0.7698945999145508,-0.5185287594795227,-1.0,124.0
1.2366327566816013,12.224622026085854,4.821712970733643,80485151.69430564,0.0,108881733.41534168,106717689.20069826,4821712.970733643,754986.888650212,95.68175793173054,28.618022000249592,21.41418755681452,1.0,0.0,1.0,2.211709683701346,1.1081053603809758,2.269069275239033,1.207844948615168,3.856438411354977,0.5613363081762898,0.22177242458463634,0.1913635158634611,0.02,0.006666666666666667,0.0037422420545085984,-0.7589143514633179,-0.5070498585700989,-1.0,125.0
1.245247197532501,12.125403901934623,5.0279927253723145,80642579.74731992,0.0,110068135.64343043,107726845.42203096,5027992.725372315,743553.1552448258,93.32581569160986,28.674691508618345,21.452669324372515,1.0,0.0,1.0,2.238058557319473,1.1199677214754045,2.272713747578047,1.2194144402625025,3.881730531406724,0.5603500627872193,0.2170539651351345,0.18665163138321972,0.02,0.006666666666666667,0.0037356670852481287,-0.7486003637313843,-0.4960906207561493,-1.0,126.0
1.2538932725542662,12.028268042206765,5.220286846160889,80779075.95078994,0.0,111181493.12522084,108676747.69358148,5220286.846160888,732214.0004691378,91.28662934597178,28.73268947703386,21.49191272164034,1.0,0.0,1.0,2.2638144171716976,1.1314564451214009,2.2764003327015447,1.2308098827397684,3.9069296784363603,0.5593749817809679,0.21296909190381663,0.18257325869194355,0.02,0.006666666666666667,0.003729166545206453,-0.7389856576919556,-0.4856792986392975,-1.0,127.0
1.2622595495440285,11.93310452401638,5.397902727127075,80876217.29011591,0.0,112173022.71700738,109515367.53618662,5397902.727127076,721404.689570222,89.48346608421602,28.783427723689876,21.534587087395458,1.0,0.0,1.0,2.2878090003034948,1.1422336443714072,2.280131942703626,1.2420428864729016,3.9320497418834206,0.558409185101943,0.2093563267357783,0.17896693216843204,0.02,0.006666666666666667,0.00372272790067962,-0.7301048636436462,-0.47581759095191956,-1.0,128.0
1.2704510053789027,11.83984257876873,5.549906492233276,80899442.78373861,0.0,112983705.08110687,110196972.9180891,5549906.492233277,711178.8945000547,88.00149344040625,28.84174936041643,21.588782635325902,1.0,0.0,1.0,2.309341601628903,1.1516537537666987,2.2839095786322634,1.253122034393895,3.957100286250528,0.5574511261813184,0.20638599438868793,0.1760029868808125,0.02,0.006666666666666667,0.0037163408412087895,-0.7225046753883362,-0.46630972623825073,-1.0,129.0
1.2789025435402568,11.748429599404336,5.663120746612549,80858081.40959433,0.0,113549661.33303002,110673591.83637363,5663120.746612549,701324.5388310815,86.94676980686577,28.910630510457782,21.64559001166362,1.0,0.0,1.0,2.3289261198143367,1.1598558677108874,2.2877313047940735,1.2640522075097607,3.982070798043063,0.5564996779693202,0.20427020413352698,0.17389353961373152,0.02,0.006666666666666667,0.0037099978531288016,-0.7168439626693726,-0.4570648968219757,-1.0,130.0
1.287599734227821,11.658794578909873,5.7446980476379395,80763988.1474135,0.0,113878754.50983123,110945090.08940595,5744698.047637939,691672.5758401261,86.18606399444108,28.983681295185878,21.70083810210894,1.0,0.0,1.0,2.346720220324285,1.1670341053778845,2.2915963944987,1.274840698814224,4.0074773021589705,0.5555535674209161,0.20274248510502157,0.17237212798888216,0.02,0.006666666666666667,0.003703690449472774,-0.712765097618103,-0.4481751024723053,-1.0,131.0
1.2964556214804097,11.570889416337014,5.7981038093566895,80627015.09246394,0.0,113995357.89149901,111030338.65347928,5798103.8093566885,682820.6317010133,85.65933738563783,29.05418459697604,21.753023394782275,1.0,0.0,1.0,2.362819100463433,1.1733505389076475,2.295505565336381,1.2854894442887241,4.032994786670762,0.5546113766994678,0.20168275061593874,0.17131867477127563,0.02,0.006666666666666667,0.0036974091779964522,-0.7100948095321655,-0.4395258128643036,-1.0,132.0
1.305290572607807,11.48466554582119,5.827807188034058,80449643.1333505,0.0,113901152.90877649,110924027.39726701,5827807.188034057,675398.1459377925,85.28411890811249,29.115483041160754,21.801652229785045,1.0,0.0,1.0,2.3768929942427914,1.1788351397385661,2.2994616007513704,1.295999581409021,4.058424402246119,0.5536714638226554,0.20092604757504268,0.170568237816225,0.02,0.006666666666666667,0.003691143092151036,-0.7086096405982971,-0.4311193525791168,-1.0,133.0
1.3141797038689313,11.400090000033378,5.834159851074219,80235851.17362164,0.0,113621837.68238324,110653969.61362022,5834159.851074219,668249.3304032866,85.0869012740869,29.173028583684275,21.847780079362558,1.0,0.0,1.0,2.389269215516951,1.1835464911650484,2.3034654988930074,1.3063698832494508,4.083766479352295,0.5527324950607808,0.20052535251524564,0.1701738025481738,0.02,0.006666666666666667,0.0036848833004052054,-0.7082920074462891,-0.4228777289390564,-1.0,134.0
1.3231577923939843,11.317117300629615,5.820966958999634,79992568.20750841,0.0,113187489.66660763,110247028.71595499,5820966.958999635,661293.1481936302,85.03749224256973,29.228043866329166,21.891172203168477,1.0,0.0,1.0,2.4002744211326674,1.187603063851693,2.307516809737981,1.316602373047089,4.109019533991551,0.5517933765839229,0.2004202736623656,0.17007498448513947,0.02,0.006666666666666667,0.003678622510559486,-0.7089516520500183,-0.4148634970188141,-1.0,135.0
1.3322050084232888,11.235698267817497,5.7921528816223145,79725168.13369401,0.0,112618521.76840255,109719573.287507,5792152.881622313,654538.496447388,85.09758483301094,29.27982579877287,21.931485149812747,1.0,0.0,1.0,2.410052203364264,1.1910979373637012,2.3116152525658826,1.3266999330555915,4.1341829968237125,0.5508531071796939,0.20053419038055315,0.17019516966602188,0.02,0.006666666666666667,0.0036723540478646264,-0.7103923559188843,-0.40709516406059265,-1.0,136.0
1.3413253164724863,11.155785921216012,5.750362873077393,79439272.74993059,0.0,111903835.22975272,109056972.27294639,5750362.873077393,648425.6890376284,85.21689005215198,29.326514511577614,21.96388267983408,1.0,0.0,1.0,2.418591562061453,1.194131757373373,2.3157610750159874,1.3366649407596307,4.159256101074285,0.5499107286367916,0.20076651829521588,0.17043378010430396,0.02,0.006666666666666667,0.0036660715242452773,-0.7124818563461304,-0.39956173300743103,-1.0,137.0
1.350453278457684,11.07733886539936,5.697629451751709,79139163.93959573,0.0,111092972.91660365,108307089.71222195,5697629.451751709,642627.5601228125,85.41222343934513,29.367812653527178,21.99234924204335,1.0,0.0,1.0,2.4261333672412033,1.1967816739359218,2.319954242135525,1.3464987488417748,4.184238543511645,0.548965403695947,0.2011508829033299,0.17082444687869025,0.02,0.006666666666666667,0.0036597693579729805,-0.7151185274124146,-0.39223527908325195,-1.0,138.0
1.3595666800041353,11.000306561589241,5.637350082397461,78827590.3988563,0.0,110206720.11713362,107487446.01204693,5637350.082397461,637053.3392143121,85.65551080267785,29.403582343058993,22.017580712094787,1.0,0.0,1.0,2.432795780620004,1.199098285231175,2.324194697880987,1.3562049966665504,4.209131205517626,0.5480163921665147,0.20163113088646575,0.1713110216053557,0.02,0.006666666666666667,0.003653442614443431,-0.718132495880127,-0.38516151905059814,-1.0,139.0
1.3686550615368398,10.924643018841744,5.570818185806274,78506792.65764049,0.0,109258058.43002763,106609811.2643657,5570818.1858062735,631695.3014709968,85.94081373869184,29.433952616522966,22.03985899042958,1.0,0.0,1.0,2.4386642365040463,1.2011232925195618,2.328482273850259,1.3657865467804535,4.233935451151524,0.5470630549227113,0.2021953811768684,0.17188162747738367,0.02,0.006666666666666667,0.0036470870328180758,-0.7214590907096863,-0.3783177137374878,-1.0,140.0
1.377709476501424,10.850302138924599,5.499472618103027,78178719.09386593,0.0,108258214.9071369,105684079.64977229,5499472.618103028,626541.1844043551,86.25844068986098,29.459152597676354,22.05935084563212,1.0,0.0,1.0,2.4438147382497437,1.2028939163838195,2.332816666547569,1.3752465984982107,4.258653073496054,0.5461048522179704,0.20282424706117508,0.17251688137972196,0.02,0.006666666666666667,0.0036406990147864696,-0.7250263690948486,-0.3717043995857239,-1.0,141.0
1.3867230238838026,10.777239045500755,5.424450635910034,77845170.87207985,0.0,107217320.29820979,104719364.39608717,5424450.635910035,621578.5221017728,86.60176924330418,29.479459798885323,22.076203733817866,1.0,0.0,1.0,2.448321044026566,1.2044454208665396,2.337197417234992,1.384588392216633,4.283286234451706,0.5451413413114232,0.20350448076201783,0.17320353848660835,0.02,0.006666666666666667,0.0036342756087428215,-0.7287774682044983,-0.3653154671192169,-1.0,142.0
1.3956908131140409,10.705409452319145,5.346803665161133,77507559.50947791,0.0,106143975.2210793,103723356.75600901,5346803.665161133,616792.1595405511,86.96377135953527,29.49523409764981,22.090576787123982,1.0,0.0,1.0,2.4522472560109216,1.2058062476480176,2.341623897079823,1.393815374857919,4.307837495207312,0.5441721716415299,0.2042220238633474,0.17392754271907054,0.02,0.006666666666666667,0.0036278144776101993,-0.7326598167419434,-0.35914796590805054,-1.0,143.0
1.4046121282736495,10.634770491719246,5.267324447631836,77166830.99412076,0.0,105044603.4478361,102701715.02516064,5267324.447631837,612283.4358454312,87.3372145392287,29.50689972391215,22.10264389507083,1.0,0.0,1.0,2.4556449475269644,1.2069961678353545,2.346095362627913,1.4029310046595351,4.332309705365443,0.5431970754673827,0.20496240958157327,0.1746744290784574,0.02,0.006666666666666667,0.003621313836449218,-0.7366337776184082,-0.35319480299949646,-1.0,144.0
1.4134988805739341,10.565280655026436,5.186583995819092,76822395.47746132,0.0,103917549.36288211,101652098.55740196,5186583.995819092,608292.7560307325,87.70859408265336,29.51501519954791,22.11257574069647,1.0,0.0,1.0,2.458506839818474,1.2080044945007864,2.350608677753645,1.411938732087415,4.356705898459269,0.5422158324819628,0.20569862704851977,0.17541718816530671,0.02,0.006666666666666667,0.003614772216546419,-0.7406708002090454,-0.3474491834640503,-1.0,145.0
1.4223374421248434,10.496901819109917,5.104433298110962,76476423.79914601,0.0,102773566.56779744,100585858.03739098,5104433.298110962,604400.1950569559,88.09668223619235,29.519483234140605,22.12037502727642,1.0,0.0,1.0,2.4609149865315634,1.208875869946462,2.3551630054310175,1.4208414925573267,4.381029053644157,0.5412283327421603,0.2064682200239991,0.1761933644723847,0.02,0.006666666666666667,0.0036081888849477353,-0.7447783350944519,-0.3418941795825958,-1.0,146.0
1.4311295970067768,10.429594394564628,5.0220417976379395,76129465.30249082,0.0,101617885.42743047,99507211.31961562,5022041.797637939,600589.6814763997,88.48811423017888,29.520776980754313,22.126282264472568,1.0,0.0,1.0,2.462915949985202,1.209623222272107,2.3597575948582055,1.429642965368459,4.4052825434548195,0.5402345318354876,0.20724445867259433,0.17697622846035777,0.02,0.006666666666666667,0.0036015635455699177,-0.748897910118103,-0.33653712272644043,-1.0,147.0
1.4398783683005933,10.363322201371194,4.939523935317993,75781974.04878157,0.0,100453629.12703449,98419262.8566618,4939523.935317992,596856.490588011,88.88412219302484,29.519190795541146,22.130433945033865,1.0,0.0,1.0,2.4645427425003748,1.2102575076190332,2.3643916214388074,1.4383462817293398,4.429469782047108,0.5392344346443211,0.20802980728367848,0.17776824438604968,0.02,0.006666666666666667,0.0035948962309621407,-0.7530238032341003,-0.33136096596717834,-1.0,148.0
1.4485852153493324,10.298050251603126,4.857144355773926,75434271.61425273,0.0,99283244.29390949,97324262.1982637,4857144.355773926,593197.3486224076,89.28271609077153,29.51493349701505,22.132936748628623,1.0,0.0,1.0,2.4658192746873526,1.2107871379367354,2.36906421898357,1.446954581369515,4.453594181406256,0.5382280878344637,0.20882028610043948,0.17856543218154308,0.02,0.006666666666666667,0.0035881872522297584,-0.7571427822113037,-0.32635974884033203,-1.0,149.0
1.4572360763533931,10.233745440840721,4.775034189224243,75085212.82706533,0.0,98104569.23986179,96219817.70817956,4775034.189224243,589623.8038398718,89.67935871455266,29.507913109224447,22.134106424575183,1.0,0.0,1.0,2.4666829317687333,1.2111902984977698,2.373774768918342,1.4554707541324399,4.4776605015414095,0.5372155346434869,0.2096068209933952,0.1793587174291053,0.02,0.006666666666666667,0.003581436897623246,-0.7612482905387878,-0.321524053812027,-1.0,150.0
1.46585950772227,10.170378997921944,4.692718982696533,74735538.15569447,0.0,96921119.82583341,95110155.44519988,4692718.982696532,586185.99308368,90.08511791893069,29.499049366335477,22.133986273389397,1.0,0.0,1.0,2.4672207534205195,1.2114833924801656,2.378522272576751,1.4638969777179183,4.50167152120446,0.5361968974537002,0.2104115484875527,0.18017023583786138,0.02,0.006666666666666667,0.003574645983024668,-0.7653640508651733,-0.31683221459388733,-1.0,151.0
